id,runtime_seconds,mse_raw,psnr_raw,ssim_raw,ncc_raw,mse_aligned,psnr_aligned,ssim_aligned,ncc_aligned,align_shift_y,align_shift_x,centroid_error,source_size_error,axis_ratio_error,orientation_error,flux_error_fraction,concentration_error,asymmetry_error,forward_mse,forward_psnr,forward_ssim,forward_ncc,forward_residual_mean,forward_residual_std,direct_supported_fraction,interpolated_fraction,empty_fraction,extrapolated_fraction,nearest_distance_pixels_p95,magnification_proxy_median,source_caustic_distance_proxy_median,theta_E,source_R_sersic,source_n_sersic
lens_00000,2.64823469996918,0.0010526704741914798,29.777075581949248,0.8283738518739994,0.8574622746383,0.0010526704741914798,29.777075581949248,0.8283738518739993,0.8574622746383,0.0,0.0,1.046826806791983,5.0868083845827385,0.0069519980372863,0.8811336752819159,0.18170732094877165,0.04101456552123928,0.0024134429821221492,0.0041561016783437385,23.81313836041846,0.45758111146826974,0.7674820884533183,0.0303782278359423,0.05686180573892566,0.59033203125,0.255615234375,0.094482421875,0.0771484375,5.252209886888698,5.534999475799039,0.15486603367912935,1.1206186406763283,0.07658505629544846,1.902148313994402
lens_00001,0.4018114999635145,0.0009948617190390894,30.022372798891848,0.808893206906198,0.832875260417414,0.0009948617190390892,30.022372798891848,0.8088932069061983,0.8328752604174141,0.0,0.0,1.000684643240083,3.8992629928524085,0.005432146779468683,17.320116726814632,0.08845992529618134,0.005568075604014622,0.17543515738508064,0.0016847256893294524,27.73470801800745,0.6821528627245828,0.9024665420948935,0.018495170527973427,0.03664224824530607,0.588623046875,0.280029296875,0.06640625,0.08544921875,3.8225011089626886,5.8301251034283235,0.18212946362366686,1.2430283237898223,0.07577090002126795,2.0520300348066707
lens_00002,0.3747938999440521,0.0010137911171165547,29.940515184037636,0.8069226081417721,0.8343229167332438,0.0010137911171165547,29.940515184037636,0.8069226081417721,0.8343229167332438,0.0,0.0,0.8319436896194113,4.774503943531551,0.0741302909953262,3.0866909100723774,0.1818934649618506,0.0672181813556395,0.18665809373439657,0.002983771019628422,25.252345085209306,0.5697873399315154,0.8311795799232403,0.02512435862685195,0.04850296509717475,0.5478515625,0.15966796875,0.213623046875,0.101806640625,8.724150826672735,4.870084471564605,0.19036662843042368,0.930019614477649,0.11868814468161439,2.081010174209849
lens_00003,0.3594532000133768,0.0015735665350541377,28.031148891054123,0.9253647936549521,0.9522314862249815,0.0015735665350541377,28.031148891054123,0.9253647936549522,0.9522314862249817,0.0,0.0,0.28894102781338854,0.06378720366752333,0.002260405481450345,0.041245662161117025,0.12852481622281636,0.10693295343951581,0.12940397752634186,0.0017128523130255599,27.66280081519673,0.8393841105801668,0.9429596516517126,0.017781277333037533,0.03737216195821651,0.516357421875,0.1728515625,0.231689453125,0.101318359375,10.563985001303843,6.67636217427767,0.13551116599705634,1.2398656768508838,0.12769708690649545,1.298433196465977
lens_00004,0.4693530999356881,0.0011718954681881684,29.311111251896943,0.865726607163132,0.9082286396559316,0.0011718954681881686,29.31111125189694,0.8657266071631318,0.9082286396559316,0.0,0.0,0.878479789535665,1.37453821455669,0.0258116682501488,0.162983680385679,0.06374037080783448,0.05801043496456293,0.13193144450457994,0.0029097799504531883,25.36139852910104,0.6468105733800711,0.8608014835080704,0.02376261318948165,0.04842642011196224,0.62060546875,0.26953125,0.0478515625,0.0869140625,2.917194028184297,5.609463479098149,0.16337901144915204,1.0649047060165993,0.11648411373452076,1.6880352837532717
lens_00005,0.5785137000493705,0.0016246592494983975,27.89237712580807,0.7682817321962557,0.8198396714623198,0.0016246592494983973,27.892377125808075,0.7682817321962553,0.8198396714623197,0.0,0.0,0.9411925390798809,4.687859332480871,0.05711639793578416,0.7868339540571156,0.18570025577576033,0.10625229026180827,0.18077944752329012,0.004429374908570718,23.53657558858931,0.5291234607820278,0.8031947658226652,0.03222746479477788,0.05823027924947699,0.587158203125,0.19287109375,0.150390625,0.087158203125,8.83683633333586,4.793702227309286,0.20650494867998523,0.8948745546493189,0.11767611176566871,1.6637999548980376
lens_00006,0.4033091999590397,0.0019895833990200844,27.012378514534653,0.8154215638997129,0.8710264208569215,0.0019895833990200844,27.012378514534653,0.8154215638997128,0.8710264208569214,0.0,0.0,0.07269382871709285,1.142821091655092,0.01026298517993085,3.1491745233278294,0.10472279060082106,0.08705990173006584,0.08279009936588555,0.0016803019209591075,27.746126761160525,0.801314069706598,0.9287779928767289,0.017719724945826014,0.036963674990500864,0.59228515625,0.2333984375,0.099853515625,0.092529296875,5.175554459079962,6.475418360390542,0.13061470244569218,1.2489951268140242,0.10256187356599009,1.9040341420207123
lens_00007,0.38661649997811764,0.0014913270974024572,28.26427090942086,0.7131509988755529,0.7594952458784325,0.0014913270974024572,28.26427090942086,0.7131509988755529,0.7594952458784325,0.0,0.0,1.1100434573529772,4.8667305647478045,0.021275807848502803,3.582335922039448,0.13802409565278587,0.04753301848863889,0.3241967261556936,0.003490330278604511,24.571334752217165,0.5731093747857319,0.8279718896970053,0.02760658593646081,0.05223223804832907,0.580078125,0.252197265625,0.100830078125,0.087646484375,5.929605373658315,5.948808263988507,0.16002011621275894,1.2072729879607074,0.08212738171914787,2.043570681173801
lens_00008,0.4562822999432683,0.001192642659874979,29.234896603458466,0.7021075084491388,0.7302185574404785,0.001192642659874979,29.234896603458466,0.7021075084491388,0.7302185574404783,0.0,0.0,1.0448829769660921,7.971016118738995,0.05136772141942947,0.18079614372548747,0.27745892863552496,0.060154501406285865,0.15531552436258156,0.006958473243531849,21.574860383556896,0.30241624778042137,0.6714703973224186,0.04217046477038968,0.0719730862516064,0.593505859375,0.247314453125,0.101806640625,0.0791015625,6.624792938841614,4.6037766891869465,0.1926400027004582,0.9644690529345432,0.0786401554887501,1.892870237997749
lens_00009,0.3962289000628516,0.0007149298050023573,31.45736597075389,0.8906674153111791,0.9089167399200077,0.0007149298050023573,31.45736597075389,0.8906674153111791,0.9089167399200077,0.0,0.0,1.0445668274828395,1.957953173361334,0.032185859539964334,1.6355559282290812,0.1410877064966136,0.04035709686718303,0.16248031840043586,0.0005415071870928647,32.66395774876042,0.893688367190001,0.9719385749154993,0.009994469205285886,0.021014703719002485,0.513916015625,0.14111328125,0.268310546875,0.097412109375,11.055819061625929,5.469355548693404,0.18198828606667267,1.2214476629839228,0.1277335777753632,2.081721871832274
lens_00010,0.3911101999692619,0.002235808390936557,26.505654182831954,0.7716722756856024,0.8253318957040705,0.002235808390936557,26.505654182831954,0.7716722756856024,0.8253318957040705,0.0,0.0,1.2165443203853943,5.835548300122717,0.05003795297962388,6.512163559276104,0.2412760983650496,0.07478564212705918,0.29138410756412436,0.005027183260687655,22.98675282733987,0.45127403371533853,0.7744344738289923,0.03601123745963114,0.06107678804025071,0.594970703125,0.218017578125,0.120849609375,0.096923828125,7.368109031094832,5.238003153527258,0.1811335749859838,1.0231536369385859,0.08061790036447508,1.2870602262578488
lens_00011,0.4305835999548435,0.0006164161975189865,32.1012595788241,0.7475226512079568,0.7162837980938865,0.0006164161975189865,32.1012595788241,0.7475226512079568,0.7162837980938865,0.0,0.0,1.505355860433767,8.271677713593602,0.12503408373383396,14.405225802479691,0.26705160262528294,0.07660823615944146,0.21862823618131777,0.00777029765422533,21.09562344505186,0.2841239762723823,0.6432775878669604,0.044470648305758906,0.07610952038668245,0.566162109375,0.175048828125,0.188720703125,0.095947265625,8.794147399068528,4.533018137605815,0.22773500652836828,0.9981792127872247,0.08022472384400355,2.0361024439363016
lens_00012,0.5043931999243796,0.0007920944885035057,31.012230085771634,0.7058362628013358,0.6969658828130485,0.0007920944885035057,31.012230085771634,0.7058362628013358,0.6969658828130485,0.0,0.0,1.4794077026028145,10.182123421110127,0.023343020194557473,3.9074718318845783,0.3932046335726363,0.010480376810906411,0.3721854604842396,0.007125409036344017,21.47190199792687,0.23753847883296522,0.6067933423857619,0.040886673989156214,0.07384909563730942,0.589111328125,0.2548828125,0.087158203125,0.08837890625,5.020180706583839,5.020677110072094,0.20855995869804764,0.9785221428805998,0.05283913248658689,1.6573749287746349
lens_00013,0.5404089000076056,0.0005638882675858554,32.48806941367897,0.8920966261523472,0.9036662575142164,0.0005638882675858553,32.48806941367897,0.8920966261523474,0.9036662575142165,0.0,0.0,0.4752577251405688,4.0820948289627275,0.02030821898534496,6.206478684351396,0.17211251989473522,0.01676314629486486,0.07446065808586344,0.0025836635024566396,25.877640497104096,0.6135051218110118,0.8559325019558316,0.02177431554010937,0.0459297581663173,0.540283203125,0.14111328125,0.24072265625,0.09765625,9.108644162959678,4.773673911681159,0.17360413803786312,1.0454350828428163,0.08038260452762044,1.5172059414682986
lens_00014,0.560619099996984,0.0013108799863438619,28.824370670089575,0.7010971681476889,0.7405935243042766,0.0013108799863438619,28.824370670089575,0.7010971681476889,0.7405935243042766,0.0,0.0,1.6201288357014274,7.919323610275423,0.05029557482421532,45.25298560770142,0.2285786096366716,0.08097079356844517,0.25925249126244254,0.011371865479598281,19.441682863201205,0.22689237284194905,0.5881227167455735,0.0547364944445114,0.0915192966293134,0.58837890625,0.3134765625,0.03955078125,0.079833984375,2.6191726554419703,4.4909115607128305,0.22008114964766112,0.8912467357044433,0.07265473116993974,1.6445042461358148
lens_00015,0.6612892999546602,0.0016278657425163481,27.88381416208901,0.7390242604107577,0.786453463399848,0.0016278657425163481,27.88381416208901,0.7390242604107579,0.7864534633998478,0.0,0.0,1.4630299906781918,7.861079610341878,0.10510288627081277,23.281276023006058,0.28596689340414266,0.08515223874880673,0.2235316660579335,0.00959058575325493,20.18154867111121,0.20834083190896135,0.5759536646670189,0.04916078873445873,0.08469830343201006,0.588134765625,0.279541015625,0.07275390625,0.08251953125,4.100649712464628,6.056059608870165,0.1746588518395536,1.241329775355056,0.05232137417306136,1.5866658654005996
lens_00016,0.5657378999749199,0.0015400472421218082,28.124659566452745,0.8545544178138462,0.8916305749039664,0.0015400472421218084,28.124659566452745,0.854554417813846,0.8916305749039665,0.0,0.0,0.7477744359220486,4.379522348546418,0.028118437952316833,5.660821209641526,0.1707282343467457,0.06395405795619635,0.1249047106964789,0.003817754156543322,24.181920413415767,0.5366135294500441,0.810904231711316,0.027582735922977754,0.05528966300807588,0.60205078125,0.271240234375,0.064453125,0.086181640625,3.792720169823433,4.536237964300599,0.19902465051537713,0.9165719043721937,0.09057472042958427,1.493601684520502
lens_00017,0.4777664999710396,0.0006730916389829714,31.719258041336587,0.8735260393656235,0.8933794274499929,0.0006730916389829714,31.719258041336587,0.8735260393656233,0.8933794274499929,0.0,0.0,0.43151291160799926,4.601003607030968,0.08542275624065654,1.3287951469330324,0.2174642166839798,0.018056537832591868,0.042190956214492314,0.002157921303395629,26.6596439752346,0.6911654896648693,0.8972600495285088,0.02166492854781766,0.04109199647636489,0.5517578125,0.177978515625,0.19189453125,0.0986328125,7.427954470376195,6.508728144699246,0.12688860867589832,1.1694147957776957,0.0735813001734846,1.7017679523100968
lens_00018,0.45978239993564785,0.0007872416926928131,31.03891913526231,0.8920128878174323,0.9090392444524779,0.0007872416926928131,31.03891913526231,0.8920128878174323,0.9090392444524779,0.0,0.0,0.7654677000994019,4.319797379465921,0.006362182475717515,21.7110314918026,0.14876111230411346,0.020529981249253426,0.10003548117878502,0.0030590424267056306,25.14414499623244,0.5436533655197573,0.8262249864413372,0.025466273806171252,0.04909695841021872,0.569091796875,0.1826171875,0.17529296875,0.0986328125,8.34887996355995,4.893776783037719,0.19734593348726934,1.248569664044774,0.07999245161442767,1.3266391741143198
lens_00019,0.4654636000050232,0.000958485710457487,30.18414357398044,0.7073918005106048,0.7144085992778486,0.0009399648527683912,30.268883852663855,0.7125736567662365,0.7209997228683418,1.0,1.0,1.227474826384646,7.7488917023340855,0.07367595883027611,7.749972514240369,0.3611699677753422,0.028144244295386756,0.1359999563314973,0.0037597653297897667,24.24839261231357,0.5378869693496785,0.8227399019828053,0.02846216822753682,0.054310867324847245,0.563720703125,0.157470703125,0.199462890625,0.097900390625,9.691428796072868,5.111600112424853,0.16472400471341583,0.992896252157986,0.06967016253773901,2.09116329658765
lens_00020,0.39579700003378093,0.0013076695219555036,28.835019983096025,0.8740120167771958,0.9110605665309436,0.0013076695219555036,28.835019983096025,0.8740120167771958,0.9110605665309436,0.0,0.0,0.05838187513880932,3.3080933890198843,0.03877080105858821,3.235057773478843,0.25704215067824765,0.0923882547164262,0.07757766641910369,0.0018520816043529485,27.323398818336702,0.7324207108368885,0.9179602673607441,0.020451880227724463,0.037865580670362914,0.546875,0.149169921875,0.223388671875,0.1064453125,11.141623816617482,4.326062697334763,0.2057175496591748,0.984313448390952,0.1261777638304879,1.3030512133802663
lens_00021,0.4007190999109298,0.0008613373388107663,30.64826725792086,0.8916603437741686,0.9184943734355057,0.0008613373388107663,30.64826725792086,0.8916603437741687,0.9184943734355054,0.0,0.0,0.5270798067656304,1.0884673091277879,0.01955164892471173,18.55250840900652,0.05938727110287007,0.03339777117051557,0.027496251818259432,0.0007341228981396107,31.342312295716674,0.851153090548583,0.9607344463347032,0.01204179446792458,0.024271754863047536,0.604248046875,0.295654296875,0.044677734375,0.076416015625,2.7981561499758105,5.533722759561719,0.18008113771028098,1.0632651044607528,0.11111230282634049,1.9934773366983523
lens_00022,0.40690449997782707,0.0006492095529701152,31.876150982547976,0.7585873866569677,0.7379900381461435,0.0006492095529701153,31.876150982547976,0.7585873866569678,0.7379900381461434,0.0,0.0,0.49390117355601537,7.506760523139302,0.03534988898566138,0.7087298522626497,0.29843995313331073,0.015149775740873284,0.24350611812470246,0.0021726530100532044,26.630096284204733,0.5400946629722956,0.8473233349015609,0.02254252901854644,0.04079812980396523,0.56591796875,0.17626953125,0.177978515625,0.10107421875,7.912905963706503,4.574941323415708,0.20647665354409545,0.869287228080327,0.07451899154892468,2.0490386870523434
lens_00023,0.39538090000860393,0.0005830965306003172,32.34259542605058,0.7172077135853018,0.6683129981778921,0.0005711340106467948,32.43261977120416,0.7215613491132551,0.6767530399628129,1.0,0.0,1.412993408925456,9.054473504521612,0.14287605476199317,1.5985964724045232,0.4344683414180624,0.05128665101255703,0.35255833525856883,0.0077219165076907546,21.12274898444321,0.3204951690923479,0.6477476373138017,0.041451033278237334,0.07748372956858243,0.57763671875,0.173828125,0.1767578125,0.09521484375,8.22351522570355,4.401142738158074,0.1954473795033807,0.9796509392078642,0.06874048113669132,1.7956071807809864
lens_00024,0.4014289000770077,0.0015420102388260084,28.119127425944825,0.9285231959953386,0.9535103409793367,0.0015420102388260088,28.119127425944818,0.9285231959953388,0.9535103409793368,0.0,0.0,0.8759665033875739,0.9453145869265285,0.024462247090214606,0.9827558420220441,0.1435330436951518,0.09668493375880882,0.09674255086337424,0.001772265838028617,27.514711338430786,0.7656429433412186,0.9202392039268231,0.018296868604566578,0.03791425111084014,0.582275390625,0.238525390625,0.120849609375,0.0810546875,7.638585644053053,4.560243148896098,0.17353619153055563,1.0293930231735307,0.11393721333755032,1.155806342158087
lens_00025,0.36675300006754696,0.000993229495523619,30.029503918632003,0.9240453294273973,0.9504797111715264,0.0009932294955236193,30.029503918632003,0.9240453294273975,0.9504797111715261,0.0,0.0,0.09666341218293538,0.19342677663244423,0.04044055811133418,0.16543108829907283,0.10207779260889029,0.06265683127184096,0.061546052494496406,0.0007473460166641894,31.264782759158443,0.896482605544429,0.9685657603747643,0.012185034891501596,0.024471839762410148,0.56591796875,0.22900390625,0.13671875,0.08984375,8.038815724573688,6.010594110979621,0.1321597786934139,1.2299982900258783,0.12394548398714868,1.666055789732627
lens_00026,0.3852989999577403,0.0006652790510278581,31.769961518376498,0.7372978359197428,0.7082150502238158,0.0006652790510278581,31.769961518376498,0.7372978359197428,0.7082150502238158,0.0,0.0,0.7773959651766764,6.556645457474063,0.07574167342343008,1.4240972487849035,0.26869354690099745,0.010416050394519427,0.3715478820210145,0.0030805081613382076,25.113776362718205,0.5267488991393401,0.8158054642615733,0.025637516470681142,0.04922627256408675,0.509765625,0.1298828125,0.282470703125,0.102783203125,10.68511634914844,4.854513904824343,0.2143331804686951,1.0445715353751084,0.08837716472969506,1.8930261490722384
lens_00027,0.43221610004547983,0.0004689575578230914,33.28866460562747,0.8598958909618214,0.8626600753823412,0.0004689575578230915,33.28866460562747,0.8598958909618214,0.8626600753823415,0.0,0.0,0.1758466376915942,4.938123869351564,0.0009482094415615983,15.719203403356715,0.0838883942418271,0.017587080264434785,0.006689880766135858,0.0015062637103782997,28.22098987009162,0.6658944522859064,0.8960213282057352,0.01864396444315959,0.0340391877138762,0.5947265625,0.235595703125,0.09765625,0.09423828125,5.480283035094072,4.217199863481212,0.20191950014363402,1.1131911372198475,0.1129534919746667,2.192496158315259
lens_00028,0.4713638999965042,0.0018689615650600328,27.283996297361888,0.7922291845711423,0.8427368085232727,0.0018689615650600325,27.283996297361888,0.7922291845711424,0.842736808523273,0.0,0.0,0.42575000468488133,4.925276242982257,0.05691505917720052,4.187631411086699,0.2540355892368526,0.11034064338866356,0.14723310044752136,0.0067797540024148294,21.687860638515197,0.45013348659377567,0.7622555268884863,0.04151265326463904,0.0711087450412724,0.559326171875,0.1669921875,0.19384765625,0.10107421875,9.193161141407518,4.5980462182367035,0.20031986498859425,0.9065800309947389,0.10149816250649284,1.2580409607718814
lens_00029,0.4137942000525072,0.0014827718009779904,28.289256818791245,0.8634717197006826,0.8995844835345619,0.0014827718009779909,28.28925681879124,0.863471719700683,0.899584483534562,0.0,0.0,0.9412747815814514,3.2531838249900975,0.039974721243924205,2.9579491417637485,0.18363196889157715,0.07109766832899789,0.12353070576739722,0.003907632123616517,24.08086328833406,0.5917243639799219,0.8429212484583217,0.028523463143939113,0.05562413301699959,0.57421875,0.264892578125,0.1005859375,0.081298828125,6.551236075107059,6.004049623223597,0.14735233282495913,1.173722263906875,0.0767625036030018,1.2796695623332552
lens_00030,0.36610230000223964,0.0010336812603850972,29.856133569828415,0.7899754039444642,0.8190056242076762,0.0010336812603850972,29.856133569828415,0.7899754039444643,0.8190056242076762,0.0,0.0,0.12690033502379655,7.18868700606224,0.077665851545761,21.436352537406947,0.2909352777224204,0.029596148728696425,0.10282208069027021,0.004197892366080058,23.769687009172106,0.44250186503108885,0.7625411272833528,0.02998310286319828,0.05743610283414892,0.569580078125,0.185791015625,0.168212890625,0.100830078125,7.589474326375072,5.0958514212099475,0.1787784928892034,1.111432941491446,0.07554580713937785,1.9265507864500118
lens_00031,0.39906240010168403,0.0022131520655754694,26.549887446938826,0.8156836679472234,0.8659238650642479,0.0022131520655754694,26.549887446938826,0.8156836679472234,0.8659238650642479,0.0,0.0,0.4163060580659619,2.3514427301621215,0.03406325473728222,3.3641253277507843,0.13987974807157572,0.10200955309863557,0.16362513323975614,0.0024042935116501516,26.190125155756874,0.6938789621367705,0.8954055328164456,0.023701993543115474,0.04292445705809526,0.574951171875,0.238037109375,0.114013671875,0.095458984375,6.363863229820269,5.657259520169706,0.15886584355796385,1.1665560228986225,0.09023811014263079,1.4901851989972086
lens_00032,0.38973539997823536,0.0006673296198124227,31.75659598308821,0.7918007975504816,0.8000068246563176,0.0006673296198124227,31.75659598308821,0.7918007975504819,0.8000068246563175,0.0,0.0,1.0445131384097541,5.768021021589838,0.005306827918719614,3.7032627561679448,0.188813093696784,0.03683588142747041,0.20184144273632765,0.001668756176037536,27.776071139720635,0.722686018161935,0.9135656605878069,0.01966296521618473,0.03580675878859528,0.563720703125,0.193115234375,0.164794921875,0.10400390625,7.841974796461348,5.218928222138051,0.18500047707227457,1.0562729997566391,0.1049625283582212,2.0745112842582563
lens_00033,0.36163309996481985,0.0007978541523768729,30.98076490362198,0.8788581953647945,0.9061878044374987,0.0007978541523768729,30.98076490362198,0.8788581953647945,0.9061878044374987,0.0,0.0,0.38222483422276143,1.794024572737614,0.002250148191956791,2.51405788003251,0.12395065506650567,0.0648661246157285,0.10145855311630703,0.0021133045277114074,26.750379164946697,0.7266327276801668,0.8950318962539038,0.018734060014532018,0.04198022776359509,0.557861328125,0.18994140625,0.183837890625,0.089599609375,9.511883159590226,4.366585933082359,0.17786604764008782,1.150826940792527,0.12621794307964007,1.8070648432832686
lens_00034,0.38513810001313686,0.00046397892619319704,33.33501744543935,0.8268082245119321,0.8084066831121386,0.00046397892619319704,33.33501744543935,0.8268082245119321,0.8084066831121386,0.0,0.0,0.558136988405242,5.360328993959366,0.0005146199138538199,1.3720633182909268,0.24003738063847313,0.01214464855794617,0.2596668719584152,0.0015704450281250055,28.03977261048226,0.6864957496289791,0.8981360307230565,0.017632954423089667,0.035489772420209294,0.5009765625,0.09521484375,0.3251953125,0.104248046875,13.600991947964225,4.40020455459521,0.18039819746098723,1.2458506073702131,0.0821727755340656,2.161633678606787
lens_00035,0.3843537999782711,0.0014353403992486146,28.430450912755315,0.8200634082585369,0.8701110299018804,0.0014353403992486146,28.430450912755315,0.8200634082585369,0.8701110299018804,0.0,0.0,1.3640735684441836,8.742993714571883,0.021180050045130794,7.223674903838159,0.3613983680898376,0.08362780853638085,0.05448417903510805,0.006527279895344096,21.852677639859323,0.3536038458584965,0.710607264299144,0.04075688862731706,0.06975783772999683,0.595947265625,0.2822265625,0.060302734375,0.07958984375,3.5883237570125663,4.985994838911285,0.1704062673118045,0.9065630570438084,0.06364100895447226,1.1953050980786672
lens_00036,0.43448429997079074,0.0005884205991578849,32.3031213209677,0.957404288260782,0.9686775137522842,0.0005884205991578849,32.3031213209677,0.9574042882607823,0.9686775137522842,0.0,0.0,0.5008376388198675,0.431809675669955,0.012437554911296611,3.344848794378663,0.05456807140185863,0.03742672062549923,0.04080562322157966,0.00036355935386695837,34.3942467709481,0.9166575899647391,0.9806964182553665,0.0090616744101756,0.016776334842596788,0.601318359375,0.23583984375,0.090087890625,0.09423828125,4.988658716838344,5.920468089750539,0.1361948686896224,1.0746244278925667,0.11493393780419289,1.7167826344107024
lens_00037,0.3840685000177473,0.0007222092151723982,31.41336974406853,0.9085182729594752,0.9222858735121778,0.0007222092151723982,31.41336974406853,0.9085182729594752,0.9222858735121778,0.0,0.0,0.5536704776891189,3.6441413762098467,0.0674459232014386,4.511091142895992,0.10142077851469675,0.03097540413132638,0.08486584553993304,0.0024219048875195174,26.158429163690684,0.617369980147688,0.8697243823544595,0.02264627174986561,0.043692691189153775,0.559814453125,0.19921875,0.162109375,0.10546875,7.503621481888325,5.128292970094131,0.18850222473211448,1.2465641352509969,0.08953510677781479,1.4586365275020552
lens_00038,0.3987358999438584,0.0010994151614625296,29.588382781997296,0.7365239259353359,0.7705084709577498,0.0010994151614625292,29.5883827819973,0.7365239259353357,0.7705084709577499,0.0,0.0,0.773136548146564,6.110998132711474,0.0011061694977084757,19.264104280582202,0.19855565595363917,0.055144175964439435,0.25101843992930917,0.0035838824197742397,24.456462471351585,0.5759431256612432,0.8251157797871315,0.02615378968226515,0.053850364019476044,0.60986328125,0.23681640625,0.087890625,0.08935546875,4.932238962967519,4.463687993743548,0.21560216002149243,0.8970558152857865,0.1021069734700911,2.1520137933070327
lens_00039,0.3685709999408573,0.0011353623442573084,29.44865513803098,0.869582938865232,0.8993416930210102,0.0011353623442573082,29.44865513803098,0.8695829388652315,0.8993416930210102,0.0,0.0,0.610987623449834,2.3348516402242634,0.028003259491010124,0.9132492714395539,0.12173200932735012,0.03547883019506237,0.14383090265487297,0.0007469080091916154,31.267328835401543,0.8240034260323472,0.9557645059136143,0.01353713748799859,0.023741396711706716,0.582763671875,0.2607421875,0.0888671875,0.091064453125,5.15265025939972,5.9271619511250675,0.16690683653957142,1.227802721364137,0.09369296103843117,1.8393166919203743
lens_00040,0.4539797001052648,0.0020130175143376425,26.961524464987757,0.912126141622857,0.9391779718389944,0.0020130175143376425,26.961524464987757,0.9121261416228569,0.9391779718389943,0.0,0.0,1.3367762925885511,3.7361826602075023,0.005344715636198094,0.7530404275038052,0.1423423095838293,0.11853548697867744,0.08194911951038897,0.007424327740877949,21.29342864791203,0.318532750375168,0.6627319404843227,0.03920444326699601,0.07672899953083474,0.587890625,0.299560546875,0.057373046875,0.08056640625,3.3983087363198305,5.300023501805022,0.18393163651473296,1.1619325835175713,0.08254811992748312,1.0623425703418332
lens_00041,0.38515920005738735,0.0017842581751288374,27.48542304712433,0.8982904057784998,0.9327191905389748,0.0017842581751288374,27.48542304712433,0.8982904057784998,0.9327191905389748,0.0,0.0,1.0760461985838115,3.0637027589315906,0.05576700217304076,2.123461167959448,0.23796030817277722,0.10694403385291629,0.2068957090291088,0.004799779546319054,23.187787092943765,0.4841209565221713,0.7772534905807403,0.030169953285672485,0.062366284682185406,0.608642578125,0.21240234375,0.114501953125,0.087646484375,7.060761460987434,4.557329398712707,0.1861577349287955,1.201255427877162,0.0890778428421029,1.0035544068614315
lens_00042,0.3642092999070883,0.0009311047753898859,30.31001445964556,0.7805660875896636,0.8029204354379595,0.0009311047753898859,30.31001445964556,0.7805660875896634,0.8029204354379597,0.0,0.0,0.44784456156838837,4.728007091894021,0.06502670915588449,0.7532485767360981,0.20486988012549345,0.06737856063437497,0.2065390871988032,0.003383680542060807,24.70610646037638,0.5679158809615232,0.8245526161554412,0.0261854362083572,0.05194230908073747,0.542724609375,0.127197265625,0.25048828125,0.10302734375,9.679227183817344,4.180704183516333,0.21663305320062373,0.8545181487501147,0.12200842778599742,1.8623113345823399
lens_00043,0.37760000000707805,0.0007902668875728199,31.02226214752762,0.9532083134791056,0.9629479034452699,0.0007902668875728199,31.02226214752762,0.9532083134791056,0.9629479034452699,0.0,0.0,0.44233270219398607,1.8423395613796067,0.009699929622547954,17.878925807097033,0.025942669510341954,0.020346853157142353,0.05565182203973246,0.001526482162042072,28.163082663551396,0.7273279256564534,0.9198884661518767,0.018626012557632708,0.034344633034070704,0.603759765625,0.296875,0.046142578125,0.070556640625,2.8105324014388584,5.4878314712241245,0.14089561820668656,1.046854292481032,0.07525246877846876,1.2537886909076845
lens_00044,0.3621814000653103,0.0010253143634690093,29.89142958619798,0.9040548518988499,0.9272150872741055,0.0010253143634690093,29.89142958619798,0.9040548518988498,0.9272150872741054,0.0,0.0,0.6816138181964845,1.3116735140514582,0.053083356804919934,2.17321281770802,0.11478951673368103,0.08284342533842226,0.015615268609789179,0.001600255348390521,27.95810712626089,0.7635546092052635,0.9229397299025518,0.018003007875460646,0.035723200526081404,0.529296875,0.17578125,0.2158203125,0.100830078125,8.569488442877514,5.088411355227698,0.17758824330035636,1.004847760228956,0.12622865774000047,1.6645860651830322
lens_00045,0.42404200008604676,0.0007125817072475636,31.471653306566452,0.8233840545864584,0.8532388335289205,0.0006810461201349958,31.668234768656053,0.8297285066818829,0.8602634740540138,0.0,1.0,0.19657495966558874,8.504095869402022,0.1112703564729497,7.610023608404717,0.38013193336193907,0.015155668094867125,0.1421442043894341,0.0034041531373985587,24.67990911210474,0.5110937915836911,0.8051589801653626,0.024941467674448888,0.05274539152990505,0.5849609375,0.20654296875,0.135498046875,0.099609375,8.552100142834378,4.082523853864915,0.20349799824391968,1.204068510337171,0.07604995482281393,1.8295096479926678
lens_00046,0.3972798000322655,0.0006141449241669962,32.11729133192279,0.8988985068005074,0.9352032604538322,0.0006141449241669962,32.11729133192279,0.8988985068005074,0.9352032604538324,0.0,0.0,0.13392852099947206,6.570649459875857,0.12781560258411429,0.2528454351649714,0.35264957431414606,0.03800866960898108,0.15349484426752363,0.002432487292341518,26.1394941986963,0.632517725657713,0.8793310067203779,0.023057523510372144,0.04359859977006319,0.598876953125,0.1748046875,0.15283203125,0.098876953125,8.61120585457857,5.514602985495007,0.14230436031063654,0.9692502931871686,0.06575843551160612,1.2762996859458537
lens_00047,0.3800321000162512,0.0009148720613670737,30.38639634815713,0.8043178716567274,0.8755664594843953,0.0009148720613670736,30.38639634815713,0.8043178716567273,0.875566459484395,0.0,0.0,0.53696853950599,8.702520039216619,0.11322231462325327,4.575377146112217,0.5841205111076411,0.043511628920059664,0.2180831222403382,0.004854482021877451,23.13857102942672,0.36816466369082307,0.7083482764801866,0.03053156114490529,0.06262831465026311,0.59423828125,0.19091796875,0.14111328125,0.099365234375,7.624037760041409,4.826899320258209,0.1768012085987902,0.9242186079441035,0.0569184446238776,1.182479558233488
lens_00048,0.3882074999855831,0.0014106876899257822,28.505691234212254,0.7545281575536606,0.7912268345978085,0.0014106876899257822,28.505691234212254,0.7545281575536606,0.7912268345978085,0.0,0.0,0.3795130157307969,5.02520229790386,0.024507490342217997,2.594730431714936,0.18612442515286917,0.04062335476380163,0.2824863402808988,0.003224807643539891,24.91496185475427,0.5558797638988475,0.8331438254433171,0.028437994028731338,0.04915371948450832,0.56005859375,0.150146484375,0.21484375,0.09619140625,9.481996551239853,5.118227052016639,0.18331637657291108,1.1161587393566774,0.09405112899473289,1.5902815890513895
lens_00049,0.35744870000053197,0.0006536542395494656,31.84651917675636,0.8867159122452091,0.9039891610725915,0.0006536542395494658,31.84651917675636,0.886715912245209,0.9039891610725916,0.0,0.0,0.8887463053614904,3.5304365737011327,0.005277832879216904,1.1589787624268695,0.13358853983069577,0.011449785908221544,0.1466053877597554,0.001451111213124218,28.3829930196937,0.732344427663499,0.9201586360874958,0.017365231400518415,0.033905161134120385,0.5966796875,0.257568359375,0.080810546875,0.086181640625,4.613523453520216,5.637622536151488,0.1667483986957114,1.104722321121381,0.08136803464426298,1.6210988602233258
lens_00050,0.3803568999283016,0.0005478798450697685,32.61314675721492,0.7591217096599444,0.7131855517026482,0.0005478798450697685,32.61314675721492,0.7591217096599444,0.7131855517026482,0.0,0.0,0.49447800568946554,8.522001033982338,0.06001169038014165,8.04107580312467,0.28525776907722067,0.009475550746962824,0.0791861601624112,0.003480173066946776,24.58399158308858,0.45868144220437035,0.7974887079526041,0.030215420817643605,0.05066755778364974,0.59130859375,0.236328125,0.108154296875,0.082275390625,6.229894177281153,4.250197460975315,0.1952363878423732,0.9287587947089045,0.06550376289433654,2.1750477415841307
lens_00051,0.3560671000741422,0.0024616829696779566,26.08767878855961,0.8614895067434764,0.9148752106060029,0.0024616829696779566,26.08767878855961,0.8614895067434764,0.9148752106060029,0.0,0.0,0.7132275331361677,1.291653119441877,0.02736851936144946,2.707706210695278,0.062144625725144,0.0739567428764738,0.10626728223054771,0.0025211715504856354,25.983976022035748,0.7049523815307439,0.8958315593723143,0.024224374292172,0.04398126010744113,0.61083984375,0.2880859375,0.044921875,0.077880859375,2.7836768246770878,6.141035306956855,0.14587921909650886,1.1789420967018367,0.0975257366474728,1.436064673447093
lens_00052,0.4538388999644667,0.002776459758433492,25.56508616741002,0.824395453549407,0.8806188654582905,0.002776459758433492,25.56508616741002,0.824395453549407,0.8806188654582905,0.0,0.0,0.8096167630334967,1.8294683959395996,0.0958309631103389,8.31227929545058,0.09986119610614813,0.12001474515973731,0.10939162611471787,0.003952760914127707,24.030994535080804,0.5631113625245078,0.8277967307784229,0.032253940443955645,0.05396706625309059,0.584228515625,0.2197265625,0.121337890625,0.098388671875,5.850277610979484,5.227311476746085,0.18371177022515195,1.22579441309278,0.10420413058610262,1.2666182298411621
lens_00053,0.3670899999560788,0.0004578033076234973,33.39321073877632,0.777775833169352,0.8345274310365536,0.0004578033076234973,33.39321073877632,0.777775833169352,0.8345274310365536,0.0,0.0,1.1041576902073131,11.878933973494428,0.2347229027612675,15.28435208435289,0.7587642667789226,0.12111746542527535,0.1733364584085081,0.007582726887775224,21.201745860110883,0.2310238727706622,0.5831819183610392,0.039679410428110365,0.07751303939243248,0.57373046875,0.20849609375,0.14404296875,0.094970703125,8.356238378425786,4.557956739947836,0.1980277628817868,0.8898274308475709,0.055632820117970834,1.400814682342059
lens_00054,0.4816382999997586,0.0020298416887990773,26.925378322158657,0.6428132139294136,0.7273755422750087,0.002029841688799077,26.925378322158657,0.6428132139294135,0.7273755422750087,0.0,0.0,1.0832803007686709,10.653401061160162,0.09223577979551767,9.653338057695208,0.6220009037493839,0.0901154529338587,0.4411021285884349,0.012881857942969931,18.900214944150438,0.1614418549231557,0.5316823451839671,0.05891936079648506,0.09700704544672799,0.537109375,0.227294921875,0.16015625,0.09521484375,8.418435334802863,4.763697208544928,0.26788621426371795,0.9341554034301318,0.05805290446912734,1.0233708360124159
lens_00055,0.4119120000395924,0.0011040032434393643,29.570296506958154,0.9545975958758423,0.9732008551368097,0.0011040032434393643,29.570296506958154,0.9545975958758423,0.9732008551368097,0.0,0.0,0.5029863017389413,0.5294279694753392,0.004630175817002091,0.7824617723102278,0.03033404033512917,0.026009268257058404,0.03806819405329409,0.0006390410647747698,31.944712331842325,0.8957536720620268,0.9733243979241809,0.01236694946666587,0.022047667125201762,0.594970703125,0.302001953125,0.04638671875,0.07666015625,2.8602355173548526,6.720594057670953,0.1311367384053805,1.233992870942588,0.11027220139295299,1.4678148177238448
lens_00056,0.4148032000521198,0.000345208178972037,34.6191892315282,0.7738132333433043,0.6053822031827736,0.0003388217290916594,34.7002874556093,0.7776827938363413,0.614985993336733,2.0,-1.0,2.245803231952574,9.096177651464743,0.08104335818136343,7.784715174581095,0.35698224427230757,0.024827476712894203,0.2893126341517852,0.004138709990745701,23.831350045805223,0.4106880003502008,0.751846521350304,0.030633873615259283,0.056570979999201194,0.542724609375,0.141357421875,0.23974609375,0.0947265625,10.027274231685343,4.180327713484336,0.191827174863831,1.1737180015095299,0.053411579179054924,2.1833050121250888
lens_00057,0.3975137999514118,0.0007800922399063495,31.07854042291706,0.7958866842486747,0.8146668879858963,0.0007800922399063493,31.07854042291706,0.7958866842486749,0.8146668879858963,0.0,0.0,0.9916736290875526,6.428025739278892,0.028377722803049843,3.6822629534332805,0.24673223690822596,0.026411123535058145,0.16034355437127568,0.002518107293758995,25.989257690277054,0.5857331130603498,0.8562772905701656,0.024367442667662633,0.04386724326416204,0.58251953125,0.231689453125,0.120361328125,0.087158203125,7.263436995913329,5.864711065272164,0.15763523461745502,1.1866349602452413,0.07382022791054672,1.799359539133647
lens_00058,0.54715760005638,0.0015423778292043171,28.118092261301886,0.7590897075105241,0.8191006159294554,0.0015423778292043171,28.118092261301886,0.7590897075105241,0.8191006159294554,0.0,0.0,0.3766455716915414,8.44485692130155,0.13619122026891173,0.22357276254753344,0.45197595203165986,0.08385580717332997,0.22763281010296732,0.008057663706449378,20.937908622245164,0.3204179950864072,0.6880845504512826,0.04551238007284546,0.07737109903933276,0.555908203125,0.17529296875,0.194580078125,0.0986328125,9.308566167696346,4.61385569133851,0.20395967887334865,0.9103302446272387,0.07060316506225087,1.0856540923645253
lens_00059,0.5825663000578061,0.0013334703017313528,28.750166522184397,0.8500198711187575,0.9010572597077723,0.001284789742424406,28.91167939395921,0.8553352546333616,0.9048596228002898,1.0,0.0,1.0149931682019062,9.582229350575709,0.07811854769813009,2.896352565957784,0.3846674048677109,0.12802545332533444,0.2004602152647147,0.007459158354499499,21.27310172878194,0.25889200003433216,0.6241617995666722,0.04160891065267326,0.07568260638216255,0.596923828125,0.2900390625,0.052001953125,0.0810546875,3.0602993305304427,4.610007960918735,0.18567513006185915,0.9133042342704286,0.05816600014278752,1.045128275548438
lens_00060,0.4062035999959335,0.003389271317918813,24.698936636328142,0.7992071754086416,0.8542403101439413,0.0033892713179188125,24.698936636328142,0.7992071754086421,0.8542403101439412,0.0,0.0,1.2045685039128127,3.2247203317870827,0.008549964390224374,1.2766032228986148,0.1719781509110621,0.13076547173630448,0.28516865847780193,0.004227394981415135,23.73927172508084,0.5430023993456469,0.8217597333084442,0.03221418505028706,0.056476909113025976,0.562744140625,0.217529296875,0.1455078125,0.095703125,8.046162288177502,4.840041645851122,0.18861839330461816,1.1035219375146053,0.08853949340804129,1.0108587556428237
lens_00061,0.3957097000675276,0.0010930996469217884,29.6134024597739,0.9143185146303012,0.9374436580315656,0.0010930996469217884,29.6134024597739,0.9143185146303012,0.9374436580315658,0.0,0.0,0.40663927651368365,1.7345252296449996,0.06364599705377028,13.481660898611153,0.1047842726537643,0.054417924201664025,0.05369248116617631,0.0011412102312368098,29.42634343438225,0.8004353995892948,0.9415110261271077,0.01581820107585192,0.029849535104599655,0.611328125,0.255859375,0.0654296875,0.088623046875,3.6049775980423364,5.203794869861754,0.16252386684405462,0.9194085095935239,0.10981016744341845,1.6514779444652954
lens_00062,0.36672169994562864,0.0009614709774271844,30.170638206646668,0.8733074234541719,0.898937557161347,0.0009614709774271844,30.170638206646668,0.8733074234541719,0.898937557161347,0.0,0.0,1.3928029051258592,4.481345519634187,0.06063526717727974,11.519534073251009,0.15470519216431106,0.04298136282082343,0.1282545232914002,0.003369271282947084,24.72464019608457,0.5320166861662232,0.8263264472365826,0.028090122553543137,0.050795829532295375,0.59326171875,0.253173828125,0.082763671875,0.09228515625,4.575478599819332,4.418440289758335,0.2010761130889525,0.9468388876720064,0.09003154909862104,1.3893743930717115
lens_00063,0.35960199998226017,0.0006226477899750815,32.05757549047098,0.9565643669541454,0.967427944270359,0.0006226477899750815,32.05757549047098,0.9565643669541454,0.967427944270359,0.0,0.0,0.5255112518531969,1.7006238133090612,0.002565594963994333,4.286523033293747,0.1107479578602122,0.09134505924708136,0.0774126628065751,0.001624559337701414,27.892644212438018,0.7303837313613827,0.9161029105721136,0.018033790454638016,0.03604638316862901,0.531005859375,0.141845703125,0.249267578125,0.100830078125,9.933948472643937,5.2185245635487405,0.20046855338329378,1.2123595941306058,0.10766841769260455,1.1884702259672542
lens_00064,0.3835401999531314,0.0008541246577131879,30.68478740310882,0.8090466261411154,0.8396070644138405,0.0008541246577131879,30.68478740310882,0.8090466261411153,0.8396070644138404,0.0,0.0,0.7354646915359744,8.776073790657454,0.07720016163119336,10.675027235474161,0.34290287453449514,0.02814638135222247,0.062277955137973406,0.00396118816637402,24.021745270284406,0.4412456192286602,0.7797710821476633,0.030765268866665762,0.05490615992705906,0.61962890625,0.268310546875,0.0556640625,0.07861328125,3.267485225020951,4.922300391917596,0.167635332975406,0.940239137272108,0.05656215339866573,1.5944702703266325
lens_00065,0.39244279998820275,0.001508881819048011,28.213447743697074,0.9101939555300687,0.9375551969430107,0.001508881819048011,28.213447743697074,0.9101939555300687,0.9375551969430107,0.0,0.0,0.5325478851909796,2.7636305006007547,0.03393197238012624,0.9646285257401814,0.1759063345539009,0.11960477683362336,0.11209538563246069,0.004066335339438062,23.907968091553716,0.5588365541499718,0.8319183570753695,0.029427901991137713,0.05657149391555834,0.596435546875,0.249267578125,0.093017578125,0.07958984375,6.2348335587970265,4.19965137791227,0.1985998951232909,0.8764405302555839,0.10383814863700817,1.0708189866693407
lens_00066,0.3958998000016436,0.0008548179527560073,30.681263654258494,0.8539923493590059,0.893125950806052,0.0008548179527560071,30.6812636542585,0.853992349359006,0.8931259508060524,0.0,0.0,0.6585989043670251,1.53701897372863,0.03778860159556918,5.118730684534526,0.09269829592473797,0.06210070211551699,0.13035281181464925,0.00184846349707219,27.33189121329257,0.7271740599080385,0.9048438271999178,0.019432120565164607,0.038351742951436986,0.607421875,0.2958984375,0.039306640625,0.07958984375,2.6045469476514245,5.06942831132517,0.177686473816633,0.9719618597687816,0.11524577698267678,1.6550726735978367
lens_00067,0.6135667000198737,0.0008743497301446975,30.583148196635157,0.6812748267539656,0.722204445990877,0.0008600181981107791,30.65492358924486,0.6855390485897376,0.7276132846692219,1.0,0.0,0.9152101583533943,10.950736657127443,0.06428854432147513,11.367643817324279,0.7644657948186634,0.0776803229933154,0.14743543474098064,0.011856955850506905,19.260267972301556,0.14673460922913417,0.4960643514363428,0.05387287940520054,0.09462911135110391,0.554931640625,0.124755859375,0.242431640625,0.102783203125,10.657541802053068,4.405756036792516,0.21437887125829944,1.0835338313515943,0.05099423696228979,1.248752862069276
lens_00068,0.5463137999176979,0.0008604756100524595,30.652614351211376,0.6810551125436711,0.6631438186064148,0.0008522532363805463,30.69431340888694,0.6843086276661053,0.6671680182351898,1.0,-1.0,2.386263956484049,8.390527130078056,0.11624976111371532,5.266808970231992,0.2879612053678065,0.06689850567807032,0.39170326255782173,0.007609359147183012,21.186519175476498,0.3251150437772298,0.6576886180248183,0.04155643543691191,0.0766969479246781,0.5869140625,0.206298828125,0.1337890625,0.09716796875,6.280763424301503,4.080511509774913,0.2183350944005484,0.8979184167400903,0.0796034035566698,1.9097768937359447
lens_00069,0.5535267000086606,0.001788047493641593,27.476209497724653,0.909564053723066,0.9386695570916281,0.001788047493641593,27.476209497724653,0.909564053723066,0.9386695570916281,0.0,0.0,0.7627686752760323,0.8146319419646382,0.042142600571840716,6.208145267264584,0.038876794075451984,0.0514388084777212,0.07477424461335758,0.0014578304608245235,28.36292979591176,0.7658094326621602,0.9325302647796596,0.019094189546087686,0.03306421610143811,0.624755859375,0.2412109375,0.076171875,0.08251953125,4.294882706395211,4.224775257880769,0.1804723906901033,1.2297507621629324,0.10631542159682487,1.3074480650576645
lens_00070,0.4182501999894157,0.0007234161842292814,31.406117794521332,0.7055059113860535,0.7045516764636924,0.0007093790737143929,31.49121627119239,0.7093225822622107,0.7114527489660916,0.0,1.0,1.2444439332772488,10.198437191402043,0.10662491411125319,2.23183623634462,0.5920797073767146,0.07371504509433391,0.21209151163733786,0.008162681726709739,20.881671368618974,0.21966810193772202,0.5661794483479637,0.04103049778041594,0.08049335362998006,0.547607421875,0.153076171875,0.219482421875,0.106689453125,10.165058272315827,4.386089084737311,0.21289880302005426,1.0672182021150132,0.05741008789931197,1.890621136517204
lens_00071,0.4198653999483213,0.0007902834181266621,31.02217130412592,0.8102585221856908,0.8313274260972944,0.0007902834181266621,31.02217130412592,0.8102585221856909,0.8313274260972946,0.0,0.0,0.5933899321121527,5.234326550686761,0.014379995438009163,7.416301398804507,0.2251238471838868,0.040611973187183126,0.15299220111818485,0.0022214705124367785,26.533594471635947,0.684239840110898,0.894952290415778,0.02314175652248214,0.041060073276736046,0.546630859375,0.17529296875,0.198974609375,0.101318359375,9.00349497518167,4.650945483110413,0.1570355881921683,1.1041723163032773,0.08956245653577535,1.8467909738601342
lens_00072,0.41227400000207126,0.0012061133396720632,29.18611879193108,0.8013122252896777,0.8397226851557354,0.0012061133396720632,29.18611879193108,0.8013122252896777,0.8397226851557354,0.0,0.0,0.33962665472195724,3.1777413438590827,0.0293607903452745,1.0524352802999033,0.1346386266312213,0.05687527241732626,0.13802798587121745,0.00093802433607306,30.277858941527708,0.8278251517776486,0.952419433476932,0.015001177109485465,0.02670185426899992,0.58251953125,0.203857421875,0.139892578125,0.098388671875,7.8205934224510445,4.949206885878806,0.16924773089605413,1.0336045071291187,0.11505221090874726,2.087123347909957
lens_00073,0.35845729999709874,0.0006879853579568636,31.62420804535135,0.8280146111301395,0.8671305814915864,0.0006879853579568636,31.62420804535135,0.8280146111301397,0.8671305814915865,0.0,0.0,1.2340620583929414,7.479316966357391,0.03616747996622671,1.2994461055065472,0.46926457011437855,0.013581870219742553,0.2837530534431332,0.0025175142006864824,25.990280710176876,0.5395589136283031,0.8481324512784161,0.024287399996278262,0.043904856247427404,0.51025390625,0.137939453125,0.267578125,0.104248046875,10.376647057618767,4.811773513044425,0.18623343906674,0.9717090357751014,0.05542179225439801,1.3619314952580484
lens_00074,0.38038910005707294,0.0013027247355423255,28.85147340591407,0.9081780529980967,0.9366988122178445,0.0013027247355423255,28.85147340591407,0.9081780529980967,0.9366988122178445,0.0,0.0,0.32810579138817164,0.8673413897335074,0.017260790386252167,6.829036838687443,0.06501367408323742,0.0692044821951815,0.07342844027508577,0.0016110091618076845,27.92901989741423,0.7825328605367764,0.9320771266924001,0.01920923495545949,0.035242225443828566,0.58544921875,0.2265625,0.12158203125,0.087890625,7.180862780664863,5.135015207730423,0.15203123314545922,1.2105194496387468,0.11437918155603911,1.5279924877384947
lens_00075,0.35877339995931834,0.0009945441515503142,30.023759321483517,0.7500057204014544,0.7983259928533327,0.000994544151550314,30.023759321483517,0.7500057204014545,0.7983259928533327,0.0,0.0,0.45425657167399836,7.770553303512595,0.302568004875846,20.80411470352111,0.46525228626177806,0.07586841050364757,0.15114423151152284,0.005649492594877341,22.47990556276216,0.5321876985268799,0.8107594261561412,0.037105506888116924,0.06536569401033884,0.58203125,0.18408203125,0.14990234375,0.1025390625,7.09578694815395,6.455649460012246,0.11671154676789697,1.212301166826323,0.05354641052794562,1.5482892829925785
lens_00076,0.38395210006274283,0.0014832243902696762,28.287931415649776,0.781005355692111,0.8241240080145892,0.0014832243902696762,28.287931415649776,0.781005355692111,0.8241240080145892,0.0,0.0,1.4072830594918524,5.203193097746642,0.09310611731126406,7.918485093787027,0.22897897341546042,0.08828323526195025,0.12753580276939214,0.004922997428689036,23.07770391061787,0.5002899694667767,0.78919722654688,0.03324272525451904,0.061789308511599306,0.56201171875,0.194580078125,0.16748046875,0.09912109375,7.5457881235128745,5.330373633534293,0.16268729269789026,1.1611649551890681,0.08029045440370741,1.781555073934907
lens_00077,0.3723297000396997,0.0006994496574902791,31.552435381570913,0.8631095923097053,0.8785180853435699,0.0006994496574902791,31.552435381570913,0.8631095923097054,0.8785180853435699,0.0,0.0,1.0543450168958903,7.005302663489569,0.03447102627064258,14.70170685680435,0.18570082993515205,0.010385895172887682,0.0035234549271386806,0.0023687382763914323,26.254829221384526,0.5534342961456967,0.8428043572962948,0.021706721402663547,0.0435609518070781,0.613525390625,0.264404296875,0.061279296875,0.080810546875,3.5144040539298134,5.1543853750567905,0.1798174954201946,0.976647621319605,0.07355492527381506,2.072960035548396
lens_00078,0.398152899928391,0.0013183742263229872,28.799612958434984,0.8254781943865401,0.864224683199556,0.0013183742263229872,28.799612958434984,0.82547819438654,0.864224683199556,0.0,0.0,0.8400268131496923,5.166933893240799,0.020291966231767877,3.6274395530203094,0.2564454725824805,0.0812298675330585,0.12745222315949145,0.004046757930127785,23.92892773556051,0.5452720501917525,0.8218455430500278,0.030805487552829552,0.05565770267231885,0.572509765625,0.194091796875,0.159912109375,0.09521484375,9.234470210970048,4.71881613604371,0.17804265935160754,0.9563534114565961,0.08699683657396654,1.2723537997701548
lens_00079,0.4363825001055375,0.0020191525480770804,26.94830868631697,0.9397904077751201,0.9637511821104774,0.0020191525480770804,26.94830868631697,0.9397904077751206,0.9637511821104775,0.0,0.0,0.8018170348945711,1.293861960061184,0.07442118196118763,0.9401940631062757,0.014014022006775073,0.05853766299856544,0.017792381746182362,0.004402434847644057,23.56307062508452,0.5654213811418642,0.8303810576000611,0.032175333108409546,0.05802743133214619,0.611328125,0.274169921875,0.057861328125,0.08056640625,3.5204424334069726,4.513596501683028,0.21313018587636265,1.0542725912730997,0.12825853498253525,1.0613787623341566
lens_00080,0.37429740000516176,0.0006116850543418768,32.13472130743243,0.7722042422915131,0.7748970508607862,0.0006116850543418768,32.13472130743243,0.7722042422915131,0.7748970508607862,0.0,0.0,1.7540081614014946,6.408742492399908,0.024884480115984764,5.9393689897718644,0.2016664494083121,0.06206824849589232,0.23764036652363207,0.004361475755731492,23.603665373074453,0.5142014361459549,0.7758557473912249,0.028517015685058537,0.059567235726946555,0.590087890625,0.226806640625,0.110595703125,0.0927734375,6.566517562801742,4.535733341447882,0.2135554246450175,0.8837299446286414,0.11908588042934763,2.1355284553492115
lens_00081,0.3741444000042975,0.001309700840624622,28.828278937360064,0.8091025226699631,0.8578301976222842,0.0012899741693501372,28.89418985996112,0.8121289772293193,0.8601458745470849,0.0,-1.0,0.3853751767187176,8.141093279385068,0.08203660510605637,4.21795013217249,0.4130954673241127,0.03413941336773796,0.12324032152806752,0.0061982412938467735,22.077315209417847,0.3061339689729212,0.681377447748919,0.038709843356210985,0.06855500945360872,0.552001953125,0.18505859375,0.183837890625,0.1064453125,8.114476902893642,6.039942294909856,0.18763774937179775,1.1211829382010547,0.052700374247705635,1.110364354832422
lens_00082,0.35655730008147657,0.001142154166654416,29.422752715643963,0.8098063774631299,0.8474500556374752,0.001142154166654416,29.422752715643963,0.8098063774631298,0.8474500556374754,0.0,0.0,1.0303538869327962,4.038541317058483,0.0037386282145833727,4.01596542561424,0.16335633858988458,0.049294415050553986,0.21341281602716267,0.0015936710150548524,27.976013260342782,0.7118805495410042,0.9101531481044971,0.018650954271428,0.03529607513336226,0.59423828125,0.241455078125,0.10400390625,0.083251953125,6.405514951511796,4.656753488025785,0.21006208821050373,0.9097386451455333,0.11250363366559123,1.7560937393646485
lens_00083,0.38208360003773123,0.001524139209844145,28.169753641604377,0.7291569560305117,0.7767289995103556,0.001524139209844145,28.169753641604377,0.7291569560305117,0.7767289995103558,0.0,0.0,1.4487111741381054,7.134109583511101,0.10737814628550901,1.2130615288190256,0.2437498144131137,0.09052952105601919,0.1318559711652859,0.013148287231569803,18.811308170848427,0.23186714951320564,0.5891378962216958,0.059302829507411815,0.09814001041361595,0.6025390625,0.283203125,0.060302734375,0.07666015625,3.468367616448785,4.541910663471998,0.20065132363951144,0.8507095639170639,0.07500349862938716,1.440291582121011
lens_00084,0.39054250007029623,0.001280122274662814,28.92748545449709,0.8366135198629046,0.8718729220753012,0.001280122274662814,28.92748545449709,0.8366135198629046,0.8718729220753012,0.0,0.0,0.24222211993653314,2.5651347732713425,0.019743043477383315,0.266526599053833,0.1384852623464826,0.03676652937891456,0.006400404719360542,0.0005635260792285675,32.49085980588633,0.8771310156218161,0.9707066098942702,0.01187801712370419,0.020553315752879327,0.57080078125,0.2724609375,0.09814453125,0.08056640625,6.294275319191209,5.4950101178156,0.12726411519679537,1.185629842697767,0.0932817539829951,2.184858888571763
lens_00085,0.36922910006251186,0.0005491153186408052,32.60336440631591,0.8477909471492071,0.8559386072440177,0.0005491153186408052,32.60336440631591,0.8477909471492072,0.8559386072440177,0.0,0.0,0.750400502754141,5.599988805386712,0.010038151566155395,3.098441535080781,0.17323931238014262,0.02126520606527449,0.07401178076529075,0.002286304907822054,26.40865851388557,0.6588881902210295,0.8903443655159898,0.023541366353470705,0.04161861336029508,0.597900390625,0.2548828125,0.0849609375,0.084228515625,5.1670082939817625,5.14508602794802,0.15540495716298258,0.960905721398505,0.08696069715920321,1.9260476466688132
lens_00086,0.42823109996970743,0.0007072094405719335,31.504519505389155,0.8652491107740816,0.8822518699331728,0.0007072094405719335,31.504519505389155,0.8652491107740816,0.882251869933173,0.0,0.0,1.6370688142652934,5.711187555322514,0.08159975977058709,7.9430404972431745,0.19927848384228636,0.009970449257768688,0.1634348424641492,0.0026673016577960073,25.739278651096086,0.5486018597743186,0.8466731619559987,0.02456614682370539,0.04542913259167686,0.589599609375,0.2265625,0.107666015625,0.095947265625,5.809586133961394,4.607808241186929,0.20882338519944915,1.1784146689637833,0.07819999187698463,1.6535105427941692
lens_00087,0.35543539992067963,0.0004158811289954842,33.81030785716017,0.87520373532007,0.8715341988787307,0.0004105516542759382,33.86632193585434,0.8771797375695884,0.8733000184246428,0.0,1.0,0.8295985874586161,6.9979728359447195,0.002160432139730162,4.454219747557687,0.19170328099046025,0.015040211936555692,0.007549080511043749,0.0024384995849411626,26.128773139939973,0.5307627105889325,0.8404508321433012,0.024181472709709627,0.04305526637393771,0.5615234375,0.16796875,0.193115234375,0.105224609375,8.291918726114435,4.454335082978886,0.18819571528917242,1.2081488759783854,0.06769699887757286,1.8945361616021477
lens_00088,0.3997425999259576,0.0013504683783550583,28.695155805003644,0.9076469140396711,0.9335127056118442,0.0013504683783550583,28.695155805003644,0.9076469140396709,0.9335127056118444,0.0,0.0,0.739796259328138,0.8961686351430078,0.025715099391354856,2.8387770542446304,0.07655978652488028,0.06640314205298337,0.1091036209157944,0.0011264373725658689,29.48292949084527,0.7884081444777525,0.9357751718205288,0.015104062413455573,0.029971731200855042,0.578125,0.22314453125,0.117919921875,0.106201171875,6.309986592892062,5.75015314965336,0.16279234625485361,1.2476153618466204,0.09973533748702679,1.5283375609694225
lens_00089,0.3640400000149384,0.0014518529173440714,28.380773784164642,0.8805173332974439,0.9134546067860501,0.0014518529173440714,28.380773784164642,0.8805173332974439,0.9134546067860501,0.0,0.0,1.1322687502606203,4.714909453639574,0.03732418025429929,3.7374676811391794,0.23907466865542726,0.043475864865570535,0.04512062561714203,0.005108882020518107,22.916741263703063,0.4548819621909706,0.7669038154776614,0.033211549141738204,0.06329198230521789,0.592529296875,0.2607421875,0.08203125,0.0849609375,4.710045195008559,5.816663714584488,0.1480008497691873,1.1892769880812148,0.057032792779370234,1.0308359645166039
lens_00090,0.44942550000268966,0.0013276877900523607,28.769040386717187,0.887355881318821,0.9285429621350347,0.0013276877900523607,28.769040386717187,0.887355881318821,0.9285429621350347,0.0,0.0,0.34549217004873134,1.0562814591705436,0.00992301196520362,4.790200381805903,0.07273272125095846,0.0513961079338634,0.03506575946263463,0.0012339547731995732,29.087007577337406,0.8422270213290882,0.9515784803757172,0.016537866741611944,0.0309911880513842,0.596435546875,0.283203125,0.056884765625,0.080322265625,3.4029092027215846,5.801806731961317,0.137838694553803,1.15002734733438,0.1162907203922409,1.693947169191425
lens_00091,0.42653159995097667,0.0010235250167309796,29.89901537959518,0.8112592607801175,0.834802003671918,0.0010235250167309796,29.89901537959518,0.8112592607801175,0.834802003671918,0.0,0.0,0.3713222944335696,4.702222546349244,0.020030119577710614,8.133942387410002,0.15995470085114383,0.030155368662378668,0.1775429894147316,0.0010559665232386965,29.763498497976247,0.7805863124533363,0.9411443672888287,0.01624790117217889,0.028142001185733116,0.56884765625,0.18505859375,0.1669921875,0.099853515625,9.74261813532148,4.664917243514269,0.1678259540526879,1.1746677616097205,0.0949532703473859,1.9769385383614377
lens_00092,0.4101140999700874,0.0008227490413394744,30.8473261506971,0.905581034867761,0.9334263341143476,0.0008227490413394743,30.8473261506971,0.9055810348677611,0.9334263341143477,0.0,0.0,1.1760356131013205,0.9678544926486321,0.0123362818409678,3.058238272373785,0.07678599385333827,0.054791090832442935,0.14340686404605585,0.0010579418241910537,29.75538213328679,0.8181597341556824,0.9474443041118836,0.015119525266858412,0.028798294739374477,0.588623046875,0.2734375,0.077880859375,0.08251953125,4.5839589965820915,6.060365756594563,0.17976241152964054,1.1302647173999654,0.12063675408186526,1.7035499165670456
lens_00093,0.4149254000512883,0.0005110854093403625,32.91506517270976,0.7910798229243666,0.8183743072326065,0.0005110854093403624,32.91506517270976,0.7910798229243666,0.8183743072326063,0.0,0.0,0.9763917298482755,10.092199269031939,0.13910650998382745,0.264888879522033,0.5643672875372905,0.05475582495930342,0.31494262811689855,0.005321242416115292,22.73986955774944,0.3465695628818983,0.7140342385132045,0.034327807348412266,0.06436492879484591,0.5625,0.267333984375,0.11083984375,0.08251953125,7.317616236117402,4.874096372957161,0.19132058158602322,1.0652601712123728,0.05114750882532848,1.633800042572446
lens_00094,0.4449439999880269,0.001065940872405902,29.72266884896718,0.7200925526900515,0.7401041377421961,0.001065940872405902,29.72266884896718,0.7200925526900515,0.7401041377421961,0.0,0.0,0.7720607411667515,7.544803828777773,0.04694350542231962,10.90431964070433,0.3194575722846245,0.05358754487807427,0.27135307123768126,0.005377561936335453,22.694145789035286,0.39242325358230157,0.7444807420725374,0.03743290473953256,0.06305822372297315,0.530029296875,0.1533203125,0.237548828125,0.100830078125,10.96886679517091,4.539216896293927,0.24673142821776387,0.9133724996918267,0.08447537056256726,1.7002846242792768
lens_00095,0.40685200004372746,0.0005887327897277168,32.30081775294948,0.8728210565323878,0.884086484039491,0.0005612784717053911,32.5082161518075,0.8783922873814793,0.8898275795498557,0.0,-1.0,0.4447756662675468,4.449676243421301,0.04631170269966833,1.7084746113689278,0.17191614578086706,0.015123935801394373,0.06497904137805977,0.0013291894909545716,28.76413101066575,0.7055520691815889,0.9140678019303912,0.016637879385987327,0.03244025987090592,0.563720703125,0.22705078125,0.136962890625,0.097900390625,8.239050233866202,4.9136793624742126,0.18367821363331557,1.2155495669324776,0.0914870293402047,1.9535427816036361
lens_00096,0.3610205000732094,0.0007122147379424379,31.47389043662536,0.7977477978151706,0.8302115006970553,0.000712214737942438,31.47389043662536,0.7977477978151705,0.8302115006970553,0.0,0.0,0.37622926699742926,6.641270288704171,0.0703657810662085,4.205601030830223,0.40357611709232777,0.05814145230739509,0.12088621269901123,0.0035086593338817178,24.548587966741728,0.5820738048159162,0.8356226162454079,0.026805126802080373,0.05282181851286559,0.54296875,0.1474609375,0.2353515625,0.096923828125,10.061409977231122,4.34010181840745,0.1946996707746997,0.8550825801432383,0.09219484448146636,1.5082386315986867
lens_00097,0.426572100026533,0.0006486199726604571,31.880096824242603,0.7755891782541174,0.8021549694790587,0.0006401488614492362,31.937190225965736,0.7777744314442407,0.805052282793432,1.0,0.0,0.038679824605396804,8.327868083190772,0.16287887697461767,2.531226999956516,0.5512600932521721,0.016685772185786152,0.21623732964823295,0.002806792664212605,25.51789667206693,0.523073835043132,0.8346321281864209,0.02465984991078141,0.04689013186791373,0.545654296875,0.169921875,0.203857421875,0.10400390625,9.178420942021546,4.367125609936535,0.19746638736089045,0.9494337402849082,0.054325391537768705,1.396748908124039
lens_00098,0.39264139998704195,0.000861417949235597,30.647860831506655,0.8746628864934555,0.8976691828128729,0.000861417949235597,30.647860831506655,0.8746628864934555,0.8976691828128729,0.0,0.0,0.4701418972814237,3.076546103994634,0.02930896588898113,1.5740668030314566,0.14405282715358328,0.036210372461120466,0.0827804551069603,0.0005166282914087976,32.86821814836536,0.8632768295310534,0.969223848950768,0.011561577133201089,0.019569318475660805,0.56298828125,0.220947265625,0.152587890625,0.084716796875,9.326013376452519,5.08473149883118,0.1524504018827287,1.10283899887598,0.10849014265435765,2.046131201588298
lens_00099,0.3865884999977425,0.0005551983110523778,32.555518637018835,0.7516915212596327,0.7601623068164031,0.0005551983110523778,32.555518637018835,0.7516915212596326,0.7601623068164031,0.0,0.0,0.4234221913362351,10.3496835869943,0.08008617039001131,7.949077274285827,0.6086765873799328,0.0689706524055318,0.1910483274365734,0.0069188163518469036,21.599681968481615,0.3188331917455241,0.6886777324517983,0.04128401859957563,0.07221112213583719,0.5625,0.16162109375,0.19384765625,0.103271484375,9.170228307683626,4.556598215483384,0.20040100280586026,1.060306113966658,0.05846229892483601,1.7021755136637169
lens_00100,0.392474599997513,0.0008201523657120111,30.861054580541044,0.8370652597853195,0.8594153203138669,0.0008201523657120111,30.861054580541044,0.8370652597853195,0.8594153203138669,0.0,0.0,0.39062062342099946,4.120866353734428,0.03211484120912411,1.9808499900832288,0.16208666648932954,0.038281854873524424,0.15862284646087654,0.0015665723989872053,28.050495294423005,0.683069054389551,0.9011853417900542,0.018761346424900675,0.034850886349016605,0.565185546875,0.21484375,0.1455078125,0.09228515625,8.145368325415095,4.44626443282653,0.18565142307990876,1.0456731644554806,0.10557822764636565,1.9787656497563657
lens_00101,0.39099979994352907,0.0014054849543507558,28.521737991333225,0.8626435934017481,0.9009388611472611,0.0014054849543507558,28.521737991333225,0.8626435934017483,0.900938861147261,0.0,0.0,0.7927876139220219,1.5557217586803223,0.01574072880339983,1.610440650824927,0.08533319841720263,0.07097914352253099,0.03605149538878699,0.0018968608090334823,27.219645363156232,0.7217523082878025,0.9082912961318627,0.02084581815840286,0.038240197101221694,0.619140625,0.2158203125,0.10009765625,0.09130859375,5.587457780895617,4.243949623148451,0.18277788614887994,1.1708406148615966,0.10922503810420509,1.5545237159454208
lens_00102,0.4302146000554785,0.002252002917298692,26.474310512248195,0.8718461153076448,0.9175155275419716,0.002252002917298692,26.474310512248195,0.8718461153076446,0.9175155275419716,0.0,0.0,0.5593604882873641,2.2491223409500805,0.0050483755211578885,0.7526974987778488,0.13976992747107708,0.12914299326335266,0.02324177411558148,0.0045963696368807195,23.37585052916188,0.6206234296644457,0.8509469600753098,0.03260216906027582,0.05944298284445283,0.5830078125,0.218994140625,0.121826171875,0.0966796875,6.915395821760628,5.071314627314413,0.18450018026561957,0.9753748213101843,0.123925217998093,1.1545386349599072
lens_00103,0.4456341000040993,0.0006854124354180913,31.640480204423863,0.8605921675918822,0.8755287597206548,0.0006854124354180913,31.640480204423863,0.8605921675918822,0.8755287597206548,0.0,0.0,0.7904294078819047,5.758745869236003,0.03060816494057883,1.3074309833934166,0.19868912416570034,0.007231028109474402,0.08409891936958813,0.002428648265083825,26.146353783996133,0.553089534728605,0.839793950889933,0.021937894106292127,0.044129095472997606,0.5927734375,0.211669921875,0.1220703125,0.09716796875,5.9172692197879675,5.150564054478183,0.17442050343361012,1.0137407660781226,0.07454131031579736,1.8047756762095233
lens_00104,0.48510369996074587,0.0015698915059626118,28.041303603231718,0.8338252368157104,0.8893712377309164,0.0015698915059626118,28.041303603231718,0.8338252368157104,0.8893712377309164,0.0,0.0,0.41676715449971985,1.421246127409109,0.06477397726778122,7.814972325695464,0.07939447143763341,0.07580798233658703,0.07812952612098323,0.002522900948998449,25.980997998779213,0.7437527015063888,0.9071632414513617,0.02339675058115521,0.04444651855029438,0.603759765625,0.23779296875,0.08837890625,0.0908203125,4.8311625217633205,6.109568395227238,0.14787212500931124,1.1568067229846366,0.12807710498251493,1.9498424300787547
lens_00105,0.47107440000399947,0.0006257525701500024,32.035973579407994,0.8458237276081687,0.8544777425859402,0.0006257525701500024,32.035973579407994,0.8458237276081687,0.8544777425859402,0.0,0.0,0.3514701224610163,4.8179108785897,0.03208927577164522,0.4173227313836634,0.18481163039145704,0.012467722943614312,0.00971222601000482,0.0011251044922834896,29.488071412728512,0.7950474446157167,0.9372215458246572,0.01437794735145002,0.03030477061854158,0.54638671875,0.166259765625,0.203857421875,0.10498046875,8.55366658330675,4.682004851704097,0.1674982695029797,0.942400495736962,0.0917510575571573,2.043843181464198
lens_00106,0.4013258999912068,0.0012005255105940994,29.206286069584458,0.7803621959234623,0.8078335681761816,0.0011873506241137002,29.254210151377855,0.7828523916718301,0.8101898468849839,0.0,-1.0,1.0861140290126652,5.416516111333813,0.11484586664259089,4.311784567010193,0.19685730242807312,0.013985925082735773,0.10909556851180102,0.0022374809124058696,26.502406608934635,0.6215296629810069,0.8693442020745056,0.021411247506083333,0.042178660394079734,0.59716796875,0.24267578125,0.10107421875,0.080810546875,6.3904960051750574,4.863813594951389,0.17112578599643427,1.216108115083212,0.07369632855418401,2.1048896739430845
lens_00107,0.4003785001114011,0.0011402726404395735,29.429912959602017,0.6840082085886547,0.6968481111777588,0.0011300308051536638,29.46909717290123,0.686813736163507,0.7001554205895942,0.0,1.0,1.1984055806356309,6.973902098806127,0.10109878721337295,0.5806419444006963,0.25939435250714,0.05945190306836823,0.37367877533305405,0.0069355337174113975,21.58920112585242,0.3637182299570517,0.7043450690455643,0.04282786584177176,0.07142343890384023,0.54541015625,0.140625,0.2373046875,0.099609375,9.425100229938582,4.892584764159966,0.18519416892270382,1.085033199888595,0.07962978970583195,1.8519354365166778
lens_00108,0.42561720008961856,0.0007541552339188265,31.225392505554844,0.807196447388863,0.8226043847727947,0.0007541552339188265,31.225392505554844,0.807196447388863,0.8226043847727947,0.0,0.0,0.4111269544491695,6.276542204783357,0.11729010901426795,3.3219263609511813,0.2462738083625359,0.000819710267071394,0.20243031304770354,0.002360527225303528,26.269909862384857,0.5909876368273413,0.8576625269481444,0.021701810870743576,0.04346905370759759,0.585205078125,0.27001953125,0.0927734375,0.075927734375,6.259416577096948,5.116784924255841,0.18014522317679674,0.9351361970837175,0.07890078399211489,2.0201984994217588
lens_00109,0.3862074000062421,0.000766115793586155,31.157055845254654,0.8530937863312095,0.875075607065445,0.0007661157935861548,31.157055845254654,0.8530937863312095,0.8750756070654448,0.0,0.0,0.2795728313260832,4.159442494911465,0.03884659019668679,0.9863916438171998,0.14773995764893225,0.020702970782504493,0.07745801498762372,0.0020043748838662677,26.9802104789056,0.6585981625129483,0.873615890866763,0.01871418488296479,0.04067129415241762,0.587890625,0.232421875,0.104248046875,0.09375,5.2331609478012915,5.332455099268274,0.18463963349039703,1.0143279977152408,0.10423727183247788,2.0137906574524957
lens_00110,0.3937414000974968,0.0006847921166067849,31.644412479422922,0.85506647300258,0.8736117957810253,0.0006847921166067849,31.644412479422922,0.85506647300258,0.8736117957810253,0.0,0.0,0.25874421471269293,3.884775386439518,0.051118598853784114,9.69355674784785,0.14075155264483044,0.009150530122455924,0.0033109331594873836,0.0007659034627489344,31.15825966969944,0.8587275525341364,0.9570003493480476,0.01162614942794293,0.025114460221714437,0.58349609375,0.1904296875,0.14794921875,0.1025390625,6.676103727291731,4.524819243966151,0.1718650338094837,0.9151134863170834,0.11683605430127142,2.049130885104366
lens_00111,0.456834000069648,0.002000140394314916,26.989395191678632,0.7402346748527411,0.8036897586878037,0.002000140394314916,26.989395191678632,0.7402346748527409,0.8036897586878037,0.0,0.0,0.9796255119780806,3.713438041886146,0.009910264003433644,8.113771631377773,0.1479513838185105,0.08318463024662404,0.14455826259100835,0.0024477488728052166,26.11233140754187,0.7076365065297137,0.8925211954998417,0.023016397269154974,0.043794912142321424,0.5927734375,0.21533203125,0.1171875,0.095458984375,6.054088794763023,4.574030834173717,0.19363700471483156,1.0357596787663286,0.11273190287394107,1.750657089472135
lens_00112,0.3834997999947518,0.0013062488249132183,28.839740872311364,0.8211588210146054,0.851129625731099,0.0013062488249132183,28.839740872311364,0.8211588210146054,0.851129625731099,0.0,0.0,0.8436894877490201,3.908154838344865,0.006606971058021216,6.71497992513568,0.16433796415893534,0.03994635117123757,0.050162568082828984,0.0026853383117318545,25.710009920267566,0.6012520186457582,0.8543076254018204,0.024033425170837164,0.04591005103775887,0.558349609375,0.161865234375,0.198486328125,0.10302734375,7.9742353438446845,4.6410188581321306,0.16358715456675205,1.2417216378154194,0.0747530841532632,1.564845250291146
lens_00113,0.3988617000868544,0.0008558041013808242,30.67625636521411,0.8189494175682362,0.8427151492966879,0.0008558041013808242,30.67625636521411,0.8189494175682362,0.8427151492966879,0.0,0.0,0.31694023185457204,4.2940417016197845,0.0436615222546739,3.0956279734783436,0.25371388112360943,0.03383479390712629,0.1002962415786589,0.0008668207973483817,30.620706773415062,0.8269020568805338,0.9577204115283726,0.0146991873115314,0.02550989395761762,0.520751953125,0.126953125,0.277099609375,0.09716796875,12.18040966984581,5.171768783779112,0.17464028666254114,1.1776109701895505,0.09843215169224526,1.7434652586282962
lens_00114,0.39257730008102953,0.0009471392399134791,30.23586170224915,0.7501399009411637,0.7753329841127785,0.0009471392399134789,30.23586170224915,0.7501399009411637,0.7753329841127785,0.0,0.0,0.8757550165704678,4.054557237125355,0.038699302027630056,0.6161484421005525,0.15919867023358616,0.08825474918177334,0.2735915969820423,0.002374505815235185,26.244267624805904,0.7137142613893626,0.8918638566339722,0.02178391007714988,0.04358861178089792,0.504638671875,0.142822265625,0.274169921875,0.102294921875,10.077417445854621,5.082608685391341,0.18979611858182507,1.1008750991105312,0.12088500820124784,2.047747830082836
lens_00115,0.4202399000059813,0.001110976595934241,29.542950899013228,0.7185349968981517,0.7325991097385228,0.001110976595934241,29.542950899013228,0.7185349968981517,0.7325991097385228,0.0,0.0,1.0745099933499902,6.901182231847084,0.0018691530380025023,5.663830431406993,0.23527485170908757,0.030679628171709772,0.07339034598438948,0.0041860441038952395,23.781962002741047,0.432136311222695,0.7649133403534414,0.03172670833877809,0.05638670128568747,0.592041015625,0.1376953125,0.19140625,0.100341796875,8.562281192081569,4.539200862131301,0.18075755981668987,1.2419739881794956,0.06160278907217106,1.8263704981794016
lens_00116,0.39128290000371635,0.0010100341102528797,29.956639592426484,0.6562619136079929,0.6598825874210381,0.0010100341102528797,29.956639592426484,0.656261913607993,0.6598825874210383,0.0,0.0,2.9289270522435946,11.071477679580548,0.07371376794817408,4.448464797946286,0.42687474473729914,0.08265679710045148,0.36711856744618965,0.011318595026614347,19.46207478629839,0.16117061619866427,0.5149493702072092,0.0537219368473678,0.09182890899919138,0.582275390625,0.219482421875,0.121337890625,0.1005859375,5.995658568288495,4.418359053518299,0.23803695691105423,0.9483386004074316,0.05992446400311565,1.9028397224295341
lens_00117,0.40950109995901585,0.0004699434157178546,33.27954430832132,0.8765073490331227,0.895257236073089,0.00046994341571785463,33.27954430832132,0.8765073490331229,0.8952572360730892,0.0,0.0,0.17849139503115555,3.655798331882604,0.03123242437248064,0.8024046549305126,0.14283362485507214,0.02657611438169538,0.1216742396337346,0.0006903112779726179,31.609550312600145,0.8849121691394286,0.9717029973848513,0.012923280350751097,0.02287575360394731,0.621337890625,0.26708984375,0.05419921875,0.078857421875,3.288661699146786,5.061196958380619,0.15627689924896393,0.8707290104481025,0.12860774815579984,1.9345639989018184
lens_00118,0.3806281000142917,0.0014875568584835023,28.275264253616278,0.962865714885192,0.9767480155265181,0.0014875568584835023,28.275264253616278,0.9628657148851919,0.9767480155265181,0.0,0.0,0.9984203344997694,0.8349159323845257,0.022066675445053585,1.7884621095078188,0.017646208137090558,0.05401273723673139,0.13706070768262252,0.0031524950650112615,25.013455846089823,0.7211830606018922,0.8937179503355431,0.0250635790543053,0.05024253247996015,0.592529296875,0.225830078125,0.099609375,0.10107421875,5.062757803590871,5.729592211254425,0.13332121683663758,1.094767174831931,0.11061155191398868,1.0192870683018433
lens_00119,0.43192040000576526,0.0008263570922409293,30.82832241206222,0.9156914609546675,0.9352219558387985,0.0008263570922409293,30.82832241206222,0.9156914609546674,0.9352219558387984,0.0,0.0,0.18744664306615486,2.316776645793732,0.02447832973223596,0.5468557005200694,0.11812936675699541,0.033748620588376466,0.05207856811343098,0.001139141029917285,29.434225053122024,0.8269762941854428,0.9499514411407117,0.015407401577300542,0.03002920256272354,0.609619140625,0.253662109375,0.068603515625,0.087158203125,4.173133072243947,5.934725827076451,0.13209260367763612,1.056941270060043,0.08816857133365243,1.6319447010751895
lens_00120,0.39220720005687326,0.002246787166744134,26.484380654030364,0.7418339060818235,0.8015439583857212,0.0022467871667441346,26.484380654030364,0.7418339060818238,0.801543958385721,0.0,0.0,1.114036265269147,5.1906955381426965,0.026018969602970565,9.935835818416052,0.12897531431888698,0.0768263552219206,0.19700183349632483,0.007819867579754385,21.068006011433344,0.3463095667732519,0.686005848006491,0.04383862204258138,0.07679871611662582,0.595947265625,0.277099609375,0.059814453125,0.091796875,3.473819638455341,5.183036183095252,0.1902393209912338,1.157866813622542,0.07698039126123493,1.471828612138033
lens_00121,0.4292183999205008,0.0006159009023378586,32.10489159637517,0.7127649198473963,0.6997539332143761,0.0006065460616846956,32.1713621280912,0.7160264146381531,0.7052709577763925,0.0,-1.0,1.4585288520026858,11.199283069960615,0.13568881071038563,4.0523999778068855,0.6060877535743576,0.08579024797399293,0.3284858169899364,0.006143821198306365,22.115614319281782,0.3264594399690836,0.6850698962260252,0.03728058343075301,0.06894910657411762,0.606689453125,0.210693359375,0.108642578125,0.100341796875,5.5779064259660025,4.679270339071297,0.18365824017805205,0.8598934012929659,0.050793873603054075,2.116726823835031
lens_00122,0.4757841000100598,0.0010914500482736267,29.619961355897853,0.7282798019697526,0.758758242712397,0.0010914500482736267,29.619961355897853,0.7282798019697525,0.7587582427123969,0.0,0.0,0.8272413794595508,6.257069934267301,0.003666473752183652,8.837391526306561,0.22240845688292393,0.08630306370677221,0.26391823843570783,0.005803920509182393,22.362785443149114,0.43280187637742057,0.7557625434002554,0.03767921738332328,0.0662132697165958,0.587158203125,0.251953125,0.0927734375,0.087646484375,5.3525212265068784,4.336722293077564,0.22139993458442367,0.905859927608406,0.08691761120776376,1.6720059192102323
lens_00123,0.4725676999660209,0.0007868752061155196,31.040941387881627,0.7518987879399874,0.7611773415204445,0.0007868752061155196,31.040941387881627,0.7518987879399874,0.7611773415204445,0.0,0.0,0.2628111623896512,8.2630767360039,0.1298967546548342,18.849048265495483,0.3649744746338922,0.0466946327828478,0.045834350581946515,0.005355002445022254,22.712403265390478,0.3502149954468476,0.6830441044082194,0.03232333709298833,0.06565214637919539,0.545166015625,0.1826171875,0.192626953125,0.09814453125,8.165100801488455,4.619106820543551,0.1597197480674739,1.1474208772642018,0.05829884038498809,2.117682279383841
lens_00124,0.4436060000443831,0.0015607508405208362,28.066664225133074,0.7785939754201872,0.8247021460296067,0.0015607508405208362,28.066664225133074,0.7785939754201872,0.8247021460296067,0.0,0.0,0.4726437780841918,5.915592353348483,0.11345190497758173,13.038835297918297,0.2600897560293939,0.06765302026427722,0.2071345956787991,0.004421386793075755,23.544414903530054,0.49323016023257255,0.7897199143964001,0.03137351979636391,0.05862669228826506,0.57177734375,0.207763671875,0.140380859375,0.1025390625,6.470721276665996,5.281222975173908,0.18890406782244518,0.9295395675163679,0.08379672357756898,1.5479984721216509
lens_00125,0.4129428000887856,0.0008049367580488147,30.942382397679708,0.7746906047298081,0.80407650131681,0.0008049367580488148,30.942382397679708,0.7746906047298081,0.80407650131681,0.0,0.0,0.2386015826671964,7.452153459411588,0.041908129495446866,0.3152901420698413,0.3663968249217525,0.059917105897021705,0.017959310567777553,0.004057585793306107,23.9173228871294,0.5245396274305602,0.8071669390521375,0.029013353271637413,0.05670812221579263,0.57958984375,0.234375,0.116943359375,0.088134765625,7.575624814368638,4.319556746193137,0.17907318695863939,0.8691091630091856,0.08178457317857013,1.7397668277200382
lens_00126,0.4380784999812022,0.0007617507942752368,31.181870842675174,0.6718032552114666,0.6260695459419271,0.0007617507942752368,31.181870842675174,0.6718032552114667,0.6260695459419272,0.0,0.0,0.8712769901212298,8.865329774377468,0.09334687742442882,12.15606279673878,0.3407100854139724,0.07604167987337129,0.38007375522696385,0.008100479871949643,20.91489252779788,0.3061456376212164,0.6490571851804212,0.044698027330547827,0.07811892360182163,0.5244140625,0.128173828125,0.26953125,0.101806640625,10.6429991136376,3.8655681717535013,0.24434492053672474,0.9483502246143054,0.08751113089914184,2.0218598381580004
lens_00127,0.49974700005259365,0.0016173703251500268,27.91190529410034,0.6991001295892854,0.7768323530712298,0.0016173703251500268,27.91190529410034,0.6991001295892854,0.7768323530712298,0.0,0.0,1.282382902603404,10.364140912775156,0.10296496218900297,5.672845568498602,0.5831202993613517,0.1200061293441772,0.129126732011985,0.014269711396365622,18.45584810363513,0.18774310241724418,0.5408670856193993,0.06042969352633603,0.1030435031269741,0.553955078125,0.1728515625,0.192138671875,0.10107421875,7.963385781248932,5.379469216348383,0.17275170766558964,1.0119807293522036,0.05505657117483693,1.0618097145979133
lens_00128,0.46296380006242543,0.0010712575800882259,29.70106092042989,0.8564988028677382,0.8922949402266728,0.0010712575800882257,29.70106092042989,0.8564988028677379,0.892294940226673,0.0,0.0,0.21032170724835322,2.576793215505054,0.039437937194070405,6.050254843176631,0.13365700578266707,0.08495751328160028,0.10771831168661505,0.004456941802752855,23.50963036748087,0.547669953672471,0.8062809290004671,0.029428579785760967,0.059924122809983264,0.5859375,0.244140625,0.106689453125,0.083984375,6.3354297333980885,5.667765641320159,0.1746406366807355,1.148328113603141,0.09752720309040719,1.6031743943622572
lens_00129,0.40225309995003045,0.0008103262164315035,30.913401101643963,0.9660517692573796,0.97448234598912,0.0008103262164315034,30.913401101643963,0.9660517692573796,0.9744823459891198,0.0,0.0,0.7632296543447267,0.9823233721161913,0.05763243577423194,6.355963227475115,0.06782450275082512,0.08406172824184865,0.0657819816513302,0.00112824144306809,29.475979516189426,0.7594834417888058,0.9415541330307912,0.017308293410107086,0.028786531960236776,0.5576171875,0.2001953125,0.16552734375,0.0966796875,7.949735057883034,5.01775688922412,0.18572873007026183,1.1098233054412114,0.09437322464979396,1.0317420862377662
lens_00130,0.3878928000340238,0.0005538767962668075,32.56586828506263,0.8400322337110925,0.8482894284309452,0.0005538767962668073,32.56586828506263,0.8400322337110929,0.8482894284309452,0.0,0.0,0.684630251791767,6.114873566284836,0.011720589456499009,21.017944047646125,0.23711850039088941,0.0060177504388508885,0.16147028569218924,0.0034444705399078656,24.628775253580997,0.4825641055634607,0.7962316518400797,0.026735574462245823,0.05224633573832307,0.59521484375,0.256591796875,0.08544921875,0.083251953125,4.56615146235239,5.108232402441715,0.17713398987367093,1.0858799751245838,0.06079023250123847,1.6088364912404072
lens_00131,0.3515921999933198,0.00156416988619092,28.057160795188658,0.7789884813740473,0.8250844532804023,0.00156416988619092,28.057160795188658,0.7789884813740476,0.8250844532804023,0.0,0.0,1.1315936963256876,4.319992810424139,0.01587866645422331,3.063718356348602,0.1859264947361982,0.06382619026910785,0.2748500062945558,0.0028677069174223857,25.424652360761563,0.5640725939807065,0.8485392239346784,0.027438311549642755,0.045987454558032735,0.57373046875,0.252685546875,0.102783203125,0.09619140625,5.880644704875249,5.595148173831848,0.20123235140898152,1.0842557574886689,0.08457254580747135,1.6203989419391571
lens_00132,0.3626032000174746,0.0012622375327141222,28.988589101949245,0.913744271507925,0.9385521058711563,0.0012622375327141222,28.988589101949245,0.913744271507925,0.9385521058711567,0.0,0.0,0.4430952893536623,1.0372991546977932,0.013647890375474647,0.7664149338928894,0.14806202129031235,0.09658802015661516,0.14088176898253768,0.001035723925543912,29.847559913001852,0.810825775406874,0.948099622361943,0.015928101313013254,0.027964611817550722,0.545654296875,0.148681640625,0.23046875,0.096923828125,8.985445664602997,5.264095114017215,0.1858169051933708,1.2192085710225373,0.11570169752961033,1.3355585294894
lens_00133,0.38846940000075847,0.00048590097755491017,33.13452227205205,0.8369023708895175,0.825582182905641,0.00048590097755491017,33.13452227205205,0.8369023708895175,0.825582182905641,0.0,0.0,0.9138984614170906,5.6104016776923045,0.021898255297404634,0.9833533416210685,0.1760154782934855,0.02184974685426011,0.22505537327494374,0.0013112395077765895,28.82317973904552,0.6936903748742077,0.9058959759126488,0.01562789752237624,0.032665093399632215,0.571533203125,0.178955078125,0.168701171875,0.103759765625,7.41293824043306,5.596485890899269,0.1774538163414729,1.1550298530404193,0.08026630971021081,2.1421902508132558
lens_00134,0.3750139999901876,0.0015791274374227558,28.015828205070868,0.7054070043325842,0.7561398047586085,0.0015791274374227558,28.015828205070868,0.7054070043325842,0.7561398047586085,0.0,0.0,0.30490312188013563,7.185227386801689,0.09546467865503705,7.129112515584779,0.3470404490812958,0.06199153705848348,0.1915004262664428,0.006084113076058322,22.15802722980017,0.40523204498278637,0.7327555832614779,0.037740982385564115,0.0682622247266441,0.5869140625,0.19287109375,0.152099609375,0.094482421875,9.277627897037796,3.755585705045975,0.22838030491028738,0.8846771014057029,0.09168074356848402,1.3994067785842519
lens_00135,0.3828728999942541,0.0019148132603627028,27.178735736266834,0.9062321589270945,0.9309127559101337,0.0019148132603627028,27.178735736266834,0.9062321589270945,0.9309127559101337,0.0,0.0,1.0553296415184534,1.7248710223738524,0.006827132420158755,15.786074594843313,0.05932000286905127,0.063974620208882,0.09216022407842228,0.0037705028191340906,24.236007301618187,0.5122201096257551,0.8151760389521296,0.03007871327180136,0.053532922833027255,0.6171875,0.246337890625,0.080322265625,0.076416015625,4.2121054549862595,5.177040016697682,0.17517520049248234,1.1986818492515976,0.07737252384001098,1.1428180175501947
lens_00136,0.3594479999737814,0.0016171828749733561,27.912408662401393,0.7637861242232986,0.8074259791018219,0.0016171828749733561,27.912408662401393,0.7637861242232986,0.8074259791018219,0.0,0.0,1.5824039244913384,6.3689642331078,0.022721740170132843,3.4207944513353823,0.2684937738809756,0.05197819112357305,0.36484538627467644,0.006086123768874503,22.156592199711696,0.32310757253080263,0.6891929564276876,0.0392118485205249,0.06744297372208548,0.5927734375,0.23046875,0.11083984375,0.085693359375,6.68742397343374,5.0558192865777105,0.20461746043580295,0.9781381030788635,0.07016524966648552,1.225648595433166
lens_00137,0.37420790002215654,0.0013774410386584654,28.60926982046639,0.9109557108827495,0.9358781234663204,0.0013774410386584652,28.60926982046639,0.9109557108827495,0.9358781234663204,0.0,0.0,0.4012973046250382,1.18738888714579,0.035147029911452465,0.09671382698368802,0.05407257409839786,0.05293027013889007,0.14270674128376098,0.002116990047691763,26.742811836634925,0.710546350821162,0.902241078333655,0.02216405599113097,0.04032052417459096,0.581298828125,0.248046875,0.099609375,0.093505859375,5.487292315490091,5.751609546129101,0.13493969184281193,1.2434600170420853,0.09633139506340987,1.5910646653252178
lens_00138,0.3775842000031844,0.0005729888418006722,32.41853835260498,0.8953824613112313,0.9045385003915234,0.0005729888418006723,32.41853835260498,0.8953824613112312,0.9045385003915233,0.0,0.0,0.8366545859404406,4.9696565338887275,0.09199418790898473,5.489467387068117,0.16644965356967703,0.038646521722880633,0.08973467541243363,0.0006469897954933735,31.891025690930736,0.7801835747203071,0.9538271874580131,0.012595222221258362,0.022098646399508117,0.5888671875,0.208984375,0.12841796875,0.095947265625,6.518361746718444,5.023912781965883,0.1676701827400074,1.0006779561248296,0.06973665496944065,1.8277682741335357
lens_00139,0.4152514000888914,0.0004210371529016027,33.75679579726728,0.7871250513588182,0.7326737316235453,0.00042103715290160265,33.75679579726728,0.7871250513588182,0.7326737316235452,0.0,0.0,0.3190058530190206,7.989031524409791,0.1776321585915368,12.591816585097732,0.3446248012601323,0.010036880144241533,0.12892380264823677,0.0024727350868897365,26.068224086951645,0.5548240686478966,0.8391416229744723,0.02236785541301724,0.04441186925937809,0.577392578125,0.198974609375,0.146728515625,0.094970703125,7.014964727786407,4.3271302567446766,0.1818420553524483,1.05415573142453,0.06092352948953201,2.060821221760225
lens_00140,0.3775618999497965,0.001804538184113946,27.43633923815318,0.8803673666914372,0.9202724353564516,0.001804538184113946,27.43633923815318,0.8803673666914372,0.9202724353564516,0.0,0.0,0.6367421241428125,1.2450627029267363,0.00246555148403238,0.9291827914923942,0.1774199308884388,0.14079576196178223,0.10559010622260367,0.0018571885827513355,27.3114399486551,0.827063757457148,0.9428929316172292,0.019930553870197706,0.03820944392658028,0.565185546875,0.16552734375,0.185302734375,0.106689453125,9.419205472716275,5.558991940197842,0.15512916802605578,1.0183136026660753,0.11979186410216568,1.1882897853264192
lens_00141,0.3820069000357762,0.0007337857821878533,31.344307073759012,0.7956455053040487,0.8112188381961164,0.0007337857821878533,31.344307073759012,0.7956455053040487,0.8112188381961164,0.0,0.0,0.7975737856050421,4.6242917873490725,0.06265568391886489,1.8285650498490043,0.1524642409778746,0.014452668884147757,0.2255884719036485,0.0015674248761579277,28.04813264948224,0.7149379073253074,0.9033102080932865,0.0172862049752091,0.035617579840761,0.57470703125,0.275390625,0.091064453125,0.08154296875,5.449521685224843,5.85453853993763,0.1689984356168858,1.1203637913707754,0.08841367907038364,1.997114898616911
lens_00142,0.4060168999712914,0.0018188943696462066,27.401925213938057,0.8212264005738549,0.8602239413631924,0.0018188943696462066,27.401925213938057,0.821226400573855,0.8602239413631922,0.0,0.0,0.6970966078028896,5.198193258397675,0.03622388393903564,8.451805747541329,0.22066159477874292,0.04081813099249898,0.009966711123541139,0.004736207785393213,23.245692526385632,0.4978827835012968,0.7995862833775692,0.034204333862119365,0.059718266304723606,0.594970703125,0.256103515625,0.08203125,0.087890625,4.587909092171095,6.1556815619385485,0.14132235990158812,1.0889844731745566,0.06384611466931271,1.3855154709054336
lens_00143,0.3687015000032261,0.0009728244491370981,30.119655231947988,0.7237077288835494,0.7404757644370156,0.0009728244491370981,30.119655231947988,0.7237077288835495,0.7404757644370157,0.0,0.0,0.6434603797279851,8.25117789925375,0.007753506351118933,7.124372479249473,0.36494227069739765,0.07293005923423768,0.25339736161991244,0.0047558419787875495,23.227725840114445,0.4549895427159163,0.7810296506176788,0.033949594171478,0.06002721911249508,0.5146484375,0.136474609375,0.270751953125,0.10302734375,10.655847921778307,5.015402098400998,0.21821761348741403,1.1335747815867068,0.0788323621372666,1.841733017791408
lens_00144,0.3837436999892816,0.0015637851937000719,28.05822903192851,0.9096110158663312,0.929501584011612,0.0015637851937000719,28.05822903192851,0.9096110158663311,0.9295015840116122,0.0,0.0,1.0276262108909353,3.230634816911147,0.01555086256202054,2.422025529451332,0.11652602258875416,0.03359582564698582,0.05666946232258829,0.005294805162021002,22.761500164093746,0.4708601520400331,0.7826855537860649,0.03588118810796813,0.06330359785969206,0.583251953125,0.2177734375,0.123046875,0.101318359375,6.202946259839129,5.987048023680406,0.13596675829156007,1.2488136847324522,0.06280290923190661,1.0455918962670945
lens_00145,0.41018959996290505,0.0023619724403877306,26.26725174062622,0.9121660090803345,0.9454448536977971,0.00236197244038773,26.26725174062622,0.9121660090803346,0.9454448536977967,0.0,0.0,0.7914974458240014,0.9448204569118044,0.020015361787214747,10.740325719229531,0.021420904608488143,0.048291386827466365,0.08700392077937746,0.002963520728603318,25.28192030703838,0.6224318908735308,0.8572360223620862,0.024974079476910577,0.04837164544321676,0.602294921875,0.277099609375,0.058349609375,0.084716796875,3.431629006896746,5.689542612245316,0.18175662499702694,1.2006122248649889,0.10293442340736786,1.2067729289614775
lens_00146,0.4258242000360042,0.0010871178368646363,29.63723378520513,0.7768902638914065,0.821193519799654,0.0010871178368646365,29.63723378520513,0.7768902638914064,0.8211935197996544,0.0,0.0,0.5091480657233013,8.358025310180803,0.022056204729013817,13.666407641620793,0.4537253768741936,0.017721628213115515,0.03083660154265566,0.007960373072159325,20.990665780684385,0.24519895837692607,0.6225590278840007,0.04446771034673726,0.07734982746378946,0.57177734375,0.1865234375,0.168701171875,0.0966796875,7.881122329185072,4.5219292091550845,0.18495692800233562,1.0220671094710898,0.05150718041779679,1.136501849198513
lens_00147,0.3627404000144452,0.0010315319647309328,29.86517309725565,0.8044067848792388,0.8303918420143311,0.0010315319647309328,29.86517309725565,0.8044067848792388,0.8303918420143311,0.0,0.0,0.23343391289615698,2.85931861906832,0.025080785481053525,0.02924077889583998,0.14144513807489958,0.051091233819439585,0.16355412206641343,0.0008843347603953475,30.53383303910355,0.8162782044550035,0.9496471162339767,0.01503768593733543,0.025655462616086495,0.509521484375,0.1015625,0.312744140625,0.097412109375,11.912347284151208,4.899999210891923,0.1689433638486043,1.2118929495939679,0.11176359281571109,1.9266283701040594
lens_00148,0.3808091999962926,0.0006801830271653523,31.67374209363598,0.8282686042239905,0.8380466982098984,0.0006801830271653523,31.67374209363598,0.8282686042239905,0.8380466982098984,0.0,0.0,1.2995017174431376,6.200998782341873,0.0932692023389976,15.947047398724848,0.2106675602169713,0.004151872507895615,0.1676425183313588,0.0019411467273711927,27.119416359257794,0.6284960937185989,0.8810720034239732,0.01950504413147121,0.03950569554887692,0.57275390625,0.2587890625,0.0966796875,0.090087890625,5.155939684579311,5.114626580475511,0.19709063483487246,1.0071680923934898,0.07224205508085693,1.927001367171337
lens_00149,0.3658818999538198,0.0007807428330663614,31.074919937439596,0.6928592562508861,0.7256305133485977,0.0007807428330663615,31.074919937439596,0.6928592562508861,0.7256305133485977,0.0,0.0,0.6271532058802634,10.878335030448625,0.08533623500118881,9.701665831960526,0.7457435306709633,0.09702372207157606,0.39794043680511915,0.009890952963727374,20.047618634129122,0.20714980385564666,0.5775193532351824,0.05029652187825083,0.08579751074872749,0.56201171875,0.179443359375,0.18701171875,0.096923828125,10.475427045257147,3.890175103259357,0.22464312533759265,1.0559955137884613,0.05356740925750101,1.4328971499597538
lens_00150,0.35826660005841404,0.00038821772020169554,34.10924645119282,0.8516269937292185,0.8392306271179362,0.0003882177202016956,34.10924645119282,0.8516269937292188,0.8392306271179362,0.0,0.0,0.4139395820817697,6.006880126329666,0.03816663138545073,3.8603087065503985,0.24097807048299832,0.00034798905653932177,0.13529678349894103,0.0018824378294974614,27.252793581562386,0.6869696059070591,0.8835012899221655,0.015663677717779836,0.04046093214263592,0.50537109375,0.166259765625,0.248779296875,0.0986328125,11.25641866556937,5.368843480966184,0.18829216044881855,1.1265672870112773,0.08283828603998712,2.036456875415732
lens_00151,0.3787585999816656,0.0017347336557681516,27.60767195633698,0.7958009145994953,0.8505313303079614,0.0017347336557681516,27.60767195633698,0.7958009145994953,0.8505313303079614,0.0,0.0,0.7333997523974466,6.643808054684376,0.17398377478769633,3.634517753022095,0.4006663408347644,0.03543176809197779,0.17554551787494,0.00546953577185759,22.620495329492517,0.36552396190795294,0.7098271844062323,0.033685308027492665,0.06583946988661535,0.578857421875,0.2216796875,0.12646484375,0.091064453125,6.101696396278516,4.412343616030314,0.18795255112897818,1.0704287618173234,0.05809202418887284,1.0597150199146939
lens_00152,0.41845639992970973,0.001192734202965862,29.23456326695415,0.9368384530385252,0.9573969338693389,0.001192734202965862,29.23456326695415,0.9368384530385252,0.9573969338693389,0.0,0.0,0.4505983179130476,1.3446934534032025,0.0130399061485158,1.7812760561152459,0.14819129735536016,0.0936004016690607,0.08769971589310727,0.0012942380119223655,28.879858490465722,0.8019555374137153,0.9432659373164248,0.016874422772336358,0.031772501758955365,0.578125,0.252197265625,0.106689453125,0.085693359375,6.690967359186815,5.183217695951159,0.16635638275097822,0.9776024705823962,0.1040365441172039,1.0605615078450874
lens_00153,0.36253789998590946,0.0009180641189760163,30.371269859610393,0.9251256714441761,0.9466336375327887,0.0009180641189760163,30.371269859610393,0.9251256714441761,0.9466336375327887,0.0,0.0,0.47913729595010573,1.9179535527724259,0.009757870475882946,3.276165122016863,0.16872999081044607,0.08733501555600631,0.16573203493538158,0.0011962772364942842,29.22168161211324,0.7879370372045131,0.939926208956451,0.01590512104604803,0.030713260344757343,0.5537109375,0.16357421875,0.202880859375,0.103271484375,9.133103894661307,4.374502860629879,0.20444233389435237,0.9266218317646892,0.12272096394133511,1.1582326820842401
lens_00154,0.3909789000172168,0.00041828742452568207,33.78525191936702,0.8324591942894528,0.815626506790021,0.000418287424525682,33.78525191936702,0.8324591942894529,0.8156265067900212,0.0,0.0,0.2565516185909949,7.112063917642093,0.03630103733356427,0.2696112019605721,0.2653071791028772,0.013924253195224945,0.07026470133125473,0.001476221125098159,28.308485841003105,0.7195959905173661,0.9102790964509186,0.017049305127535483,0.03443170515333725,0.5908203125,0.1884765625,0.14208984375,0.096435546875,7.758790455155233,5.256237335931299,0.14768959433279413,0.9660005454832248,0.0736289218761966,2.155810337898121
lens_00155,0.538887899951078,0.000983019820159181,30.07437725607351,0.7129932975921931,0.7366063108952148,0.0009682921920901391,30.139935701046436,0.7166809228868968,0.7412434166193732,0.0,-1.0,0.7602181632983914,10.033114173269524,0.15927866883227626,6.555091237805982,0.44559554609059265,0.08594211178178113,0.17441634857277388,0.00693817405014203,21.587548097017795,0.28308426862606834,0.6544289422488647,0.04159059566139478,0.07216922060457906,0.596435546875,0.256103515625,0.08740234375,0.084228515625,5.444758637559966,4.4137011196714155,0.19047241551089625,1.0062936062527414,0.0553549333025701,2.149667752289425
lens_00156,0.3940051000099629,0.0008793728963100333,30.55826924165926,0.8889725753540725,0.9158132463657418,0.0008793728963100333,30.55826924165926,0.8889725753540725,0.9158132463657418,0.0,0.0,0.6928087743834312,2.9126024222291154,0.007984903079573558,3.296867619446047,0.1431161175351131,0.05672810085216351,0.020469247050044492,0.0016712535912282794,27.769576465069527,0.7538395777485161,0.915631123406972,0.01742097394122815,0.03698328349629504,0.606689453125,0.246826171875,0.08447265625,0.082763671875,5.100796825577665,4.408290646914992,0.1781050139007271,0.8575468860572296,0.12232046910071857,1.7639000732212575
lens_00157,0.3989505999488756,0.0008370138824080393,30.77267338896574,0.957939598914084,0.9711433801124618,0.0008370138824080393,30.77267338896574,0.957939598914084,0.9711433801124618,0.0,0.0,1.0887940942768752,0.9389355803739452,0.008606628573366693,1.9438057965076325,0.06847936002441224,0.069400340918504,0.11891056259601118,0.0013007551633604968,28.858044414922595,0.7765268618074809,0.9403770222973459,0.01850271111539521,0.03095811436022432,0.5771484375,0.240966796875,0.111328125,0.093994140625,5.9902741087480695,5.670779111332672,0.16499612584591983,1.08943558576697,0.11002108984632168,1.1770548221364647
lens_00158,0.40667490009218454,0.0006354387630190625,31.969262958799767,0.8339167836436832,0.8402604999539659,0.0006354387630190625,31.969262958799767,0.8339167836436832,0.8402604999539659,0.0,0.0,0.4946647331061276,4.610217253478938,0.03758846205513222,0.45379838637009584,0.15134782953009876,0.005248099817877883,0.16559108889265028,0.0006820281521059542,31.66197698581155,0.8423297192451026,0.9632527055105343,0.012486911307081324,0.022936983195595683,0.552734375,0.18603515625,0.185791015625,0.0966796875,7.495090159047065,5.062875258708069,0.18773270885416013,1.1305473490159095,0.10365898666231041,2.139529300741419
lens_00159,0.39693359995726496,0.0008013391185066213,30.961836560398343,0.9247249067181882,0.9450656180359032,0.0008013391185066213,30.961836560398343,0.9247249067181882,0.9450656180359032,0.0,0.0,0.22759241164181,0.8551005432412424,0.03274388009907869,1.922732510929137,0.08551500569071875,0.056152780920194045,0.030652636307060388,0.0011367961135882064,29.44317419818519,0.8141086110109823,0.9428187277854623,0.014628052751579097,0.03037788976023887,0.58447265625,0.255615234375,0.089599609375,0.09033203125,4.837221006520414,4.909081620446429,0.18046919919720647,0.9409533712699896,0.12170488273002857,1.5585857051888186
lens_00160,0.3929022999946028,0.00170238388790613,27.689424997155044,0.8668682668792493,0.9009138544750339,0.0017023838879061297,27.689424997155044,0.8668682668792496,0.9009138544750339,0.0,0.0,0.6046628422565727,6.369411994232211,0.04093669431935265,81.95718210342636,0.20265643948247472,0.07374149586104328,0.03817593548879428,0.009644949786401914,20.157000290408675,0.21036666042024046,0.5715169416507813,0.04681467542405335,0.08633270499261823,0.596435546875,0.285400390625,0.055908203125,0.08349609375,3.257430041665742,5.401549735297896,0.19079201870488757,1.2047549422437511,0.06074085390537222,1.124504607229003
lens_00161,0.3589312999974936,0.0005416336888089741,32.66294331012681,0.8892836132225469,0.9163128366189994,0.0005416336888089742,32.66294331012681,0.889283613222547,0.9163128366189995,0.0,0.0,0.8220569271535205,5.547075938472336,0.027428477621544656,3.93087591746621,0.3089726408332021,0.035451700218015914,0.14034007690821126,0.002533947122645319,25.962024520346453,0.608281974279032,0.8621944350115773,0.021648802569155252,0.04544531295928168,0.53662109375,0.177001953125,0.20703125,0.099853515625,11.40938620523288,4.866453800536899,0.18268182428241514,0.9583943755140266,0.07932291688141302,1.2258053361347745
lens_00162,0.4541194000048563,0.0008453741522146739,30.729510350995582,0.6712389169726828,0.6932382053675419,0.0008453741522146738,30.729510350995582,0.6712389169726829,0.6932382053675419,0.0,0.0,1.6405642000649472,11.043555803639705,0.27252375981356025,0.3990564527940421,0.6453209712858476,0.13073765596301357,0.1482709628739085,0.01298547641331766,18.865421122742273,0.17488355299384906,0.5117101877185053,0.05591978592193207,0.099289747485644,0.54541015625,0.177001953125,0.19970703125,0.100341796875,8.345597612019823,5.329714133674274,0.17216172657743686,1.2293839328514662,0.05006961932690481,1.773347117853567
lens_00163,0.3698089000536129,0.002423186682935453,26.156131264132085,0.851009351299279,0.8995658759795724,0.002423186682935453,26.156131264132085,0.851009351299279,0.8995658759795724,0.0,0.0,0.586139294783041,2.464646360201712,0.025420243831623,2.2392810730660813,0.1895664748561662,0.13540854675217795,0.1516664214775122,0.0041983866159678845,23.76917571125151,0.5835452319480615,0.8297983626137556,0.03020173460513234,0.057325752003868524,0.5810546875,0.236572265625,0.1162109375,0.08740234375,6.688327134203449,4.771892183617202,0.21776965955745223,0.8744805737924755,0.11861202136022968,1.1665897869047126
lens_00164,0.37639679992571473,0.0009363636951446887,30.28555433189835,0.8008042402041067,0.824239262172311,0.0009363636951446887,30.28555433189835,0.8008042402041067,0.8242392621723107,0.0,0.0,0.2777739129653531,4.54605501683451,0.011668378717833772,4.563497501030554,0.20708407117524227,0.035011265165201366,0.17371177467333432,0.0014784737808691299,28.30186372811738,0.7698046350311677,0.9154672736154301,0.014877336434854425,0.035456150968108245,0.55712890625,0.174072265625,0.19189453125,0.09521484375,8.594191023431904,5.6825377218676625,0.16127183158009784,1.034947521527922,0.09515283961342158,2.1827893911679963
lens_00165,0.3635626999894157,0.0014125889092985178,28.499842078606996,0.6556919936671459,0.6902445448049143,0.0013787480469534099,28.60515089745195,0.6633628028904628,0.6992712786828774,1.0,2.0,2.434575746778817,7.951357976256158,0.16028043691757,4.881253159876877,0.43694437326953817,0.043194207203349655,0.3685716238155553,0.006074262433651505,22.165064486665827,0.3981295668494862,0.7210235908466278,0.03708943670439198,0.06854659815484941,0.538818359375,0.140380859375,0.238525390625,0.104736328125,10.777923857291531,5.048852262404618,0.18450218165132876,0.9385312385370395,0.062000589599199254,1.3452507216441614
lens_00166,0.39799450000282377,0.0012549545750911533,29.01371993819825,0.8919840437554892,0.9199149165221004,0.0012549545750911533,29.01371993819825,0.8919840437554892,0.9199149165221006,0.0,0.0,0.2589795108795234,2.7549120072351663,0.05832029656647053,5.490912632467513,0.16696947112780233,0.0556089322064478,0.05047900452497023,0.0017008878089330973,27.69324331636204,0.7264662934044941,0.906920650969701,0.01761145278818562,0.037292419331850894,0.586669921875,0.252685546875,0.090576171875,0.089599609375,4.586945387669159,5.136014512341086,0.18386523757332765,0.9313255354125443,0.09838808721535472,1.4119032334068935
lens_00167,0.3939054000657052,0.0006304856046705446,32.003248248458846,0.8429243286054202,0.8571070562624119,0.0006304856046705446,32.003248248458846,0.8429243286054202,0.8571070562624121,0.0,0.0,0.37467404297134976,6.271756385032508,0.03343556841184392,7.1130747318809995,0.29617862603184125,0.023855664389023312,0.11206712223094978,0.0008178272407205693,30.873384277782648,0.7796368280923014,0.9470248854132977,0.014019319299202623,0.024925607858336658,0.5341796875,0.174072265625,0.2119140625,0.101318359375,10.137176795518698,5.379102522492369,0.1515686675630662,0.9715254083937034,0.07197075508989773,1.9726359214322335
lens_00168,0.3644779999740422,0.000944669672632511,30.24720026868593,0.6748877644561408,0.6648700721057446,0.0009446696726325112,30.247200268685926,0.674887764456141,0.6648700721057446,0.0,0.0,0.34985462706556003,7.59222981477233,0.08786649012003211,5.2217242409168705,0.3188249108907945,0.05033580347801092,0.3487043366779935,0.004206287163931918,23.761010812802677,0.5146615006408513,0.8064459749280916,0.030389606146798084,0.05729536632376487,0.52587890625,0.165283203125,0.230712890625,0.098388671875,11.69952911799853,5.335344923241645,0.19621914728766537,1.213629601733366,0.07250789935978888,2.1354007813094715
lens_00169,0.3854600000195205,0.0029957027646141136,25.23501279788253,0.795414951397034,0.8508753554597929,0.0029312252041510016,25.329508137134443,0.8002237471580526,0.8543591486008901,-1.0,0.0,1.221801283026588,6.163187723098902,0.0018715182504330796,2.693075641954053,0.2229615599528692,0.09817216957041963,0.11853031607857689,0.01287331951147079,18.90309451570579,0.20212300133992306,0.5613709469364444,0.05855141992704309,0.09718565087500239,0.59130859375,0.270751953125,0.07763671875,0.08642578125,4.810359519478222,5.401801338636099,0.19044745424829232,1.2478914384203947,0.07167506442472413,1.00718770219666
lens_00170,0.3570702000288293,0.0008545150340384537,30.682802920509044,0.7839189087944947,0.8162098960242944,0.0008408646422502864,30.752739089048013,0.7862818346844643,0.8194698786545931,1.0,0.0,1.4539597187522506,7.4597020592893575,0.192571458527806,1.787916464957334,0.43711900792694536,0.0037700667190733173,0.08830690434055333,0.004002810163713101,23.976350061494138,0.4456643172848355,0.7742300834718773,0.029753094767290662,0.05583514588036573,0.5361328125,0.159423828125,0.23046875,0.09619140625,9.445915065444384,4.336299497344733,0.18293326688039338,0.9797473171407645,0.057679844272175526,1.2218435589345482
lens_00171,0.35202790005132556,0.0010550540473487995,29.76725292153851,0.7811851403666521,0.8093074972977601,0.0010550540473487995,29.76725292153851,0.7811851403666521,0.8093074972977601,0.0,0.0,0.5944982684581017,4.705569243791013,0.042812546826599185,3.596921748254033,0.2108907726175761,0.04642460446864849,0.25259403657806956,0.0009725845615572796,30.12072628540921,0.802147222522465,0.9420555774902862,0.01449351839283955,0.027613809700106597,0.553955078125,0.139404296875,0.22802734375,0.099853515625,9.379593136809845,4.582522950657814,0.18829240103901304,0.8599763340886403,0.12428808247938469,2.181012647494005
lens_00172,0.3633154999697581,0.0016135883388469364,27.922072533629212,0.8169072221876452,0.8539421521908687,0.0016135883388469364,27.922072533629212,0.8169072221876451,0.8539421521908687,0.0,0.0,0.9232156883617287,3.657750672535858,0.028750576962424446,1.463968856201646,0.152763516201379,0.0765090647741169,0.21990909057718588,0.0031519878641149846,25.014154633138407,0.5325299376481892,0.825793521084994,0.02717710864782532,0.049126292651280774,0.55224609375,0.187255859375,0.185546875,0.09765625,8.525765585529662,4.570936725535284,0.23995332426016072,0.930228577385485,0.11258448697111056,1.507379430803641
lens_00173,0.37311470007989556,0.0003942483696516516,34.042300939477094,0.8060107095057741,0.7618821552237568,0.00039424836965165167,34.042300939477094,0.8060107095057739,0.7618821552237569,0.0,0.0,0.8571901127357279,6.66593523347723,0.14752371627321703,2.4281216421791356,0.25621816695237876,0.013529566148108185,0.13802126099317868,0.0035219623819051768,24.53215287045133,0.5202494890758458,0.8136124709319902,0.028511210636106912,0.05204875839027018,0.559326171875,0.223876953125,0.143310546875,0.094482421875,5.8154471231406735,5.710522391306618,0.15738673372638848,1.0466210078332019,0.07831024813553912,2.0843697068211773
lens_00174,0.36598990007769316,0.0008430229166693236,30.741606193874112,0.6527729949480149,0.6456769223362228,0.0008140405566726999,30.893539573953387,0.6621900947040839,0.6610182902290797,-1.0,1.0,2.4622328515883276,11.329554037470217,0.1439033125035858,2.1123635344314238,0.6516028995265672,0.09483503952470951,0.09535949089047668,0.020945799332531115,16.78903061462537,0.10021971534887031,0.42718794723035936,0.07417379802525154,0.12427408023815868,0.54443359375,0.12353515625,0.249267578125,0.103271484375,9.924226142059815,4.6102149951611135,0.20399646575724162,1.0734882904268614,0.053723981292223395,1.3488248408091692
lens_00175,0.3601830000989139,0.0005974925277417323,32.236675216448035,0.8249563154890158,0.8338842117849383,0.0005896945482491587,32.293728872743415,0.8268918963861985,0.8362647613176555,0.0,1.0,0.5750800763513065,5.305604955446912,0.05703200778362871,1.1405398542351861,0.2610466430346237,0.04724509660081855,0.1003660083975656,0.0036914568987848175,24.3280219800657,0.530110747330877,0.8163436161164638,0.028866113698563588,0.053462177085547284,0.529541015625,0.141845703125,0.248046875,0.102783203125,9.929575538700831,4.523207423770957,0.2104516639777319,0.9345203386325265,0.10395150683156124,1.7352362166963344
lens_00176,0.3696578999515623,0.0009047591734660747,30.434670048315354,0.8615331271296567,0.8966309435346095,0.0009047591734660748,30.434670048315354,0.8615331271296568,0.8966309435346096,0.0,0.0,0.384276916815497,5.280812162732815,0.1030426599874521,4.844433145118444,0.3122281276267462,0.06317214325958087,0.062451828333145554,0.0027809720636080347,25.55803373840556,0.606465783377026,0.852598474366814,0.023353856753863745,0.047281808746367227,0.531005859375,0.138427734375,0.247802734375,0.106689453125,11.175875922607778,4.183673799647447,0.20839587883956182,0.8558150320478963,0.11223800783959353,1.5168252842937346
lens_00177,0.403805400012061,0.0018158680908237407,27.40915702900871,0.8126307526180913,0.8609311304990735,0.0018158680908237405,27.40915702900871,0.8126307526180915,0.8609311304990733,0.0,0.0,0.5811005544445071,2.661603760975746,0.023110267914824734,6.443480959006024,0.10716944055971361,0.06832577779489668,0.18942107869255087,0.0020372908182555646,26.9094697210507,0.6274477488055697,0.8823317402695507,0.023174365518159257,0.03873292657528367,0.593017578125,0.24951171875,0.083984375,0.096435546875,4.439218268556155,4.7058331114761955,0.22460316978648692,0.9746542863945411,0.1075293592734129,1.4693148512769596
lens_00178,0.37393230001907796,0.0010941273817498063,29.60932113130031,0.7418347387774532,0.7766026140888947,0.0010941273817498063,29.60932113130031,0.7418347387774529,0.7766026140888946,0.0,0.0,1.0725181156520982,5.342914421605787,0.02456889301743148,2.3790001250999353,0.18549298122930244,0.05770568385388619,0.2423259904295884,0.002594503950321145,25.85945663723585,0.6617006860824465,0.8727161059161705,0.023726938512359578,0.04507256747903155,0.5693359375,0.19287109375,0.160400390625,0.10107421875,9.368126178066506,4.235763025037348,0.2219845392131334,1.1316438081733073,0.12423665867094877,1.883086250001691
lens_00179,0.3938463000813499,0.0007385465890140517,31.316221033127274,0.8943494379839083,0.9222625360568695,0.0007385465890140517,31.316221033127274,0.8943494379839083,0.9222625360568695,0.0,0.0,0.39079558495850314,1.3976502354713212,0.0010008969903213538,0.33529017814856843,0.1103573164961083,0.061368931583524966,0.0937939914624128,0.0010765090109250241,29.679823305607577,0.8423062438933915,0.9528125313901754,0.015123412195810105,0.02911685790878965,0.57373046875,0.24853515625,0.115234375,0.083740234375,7.2261303507851204,6.289701698491532,0.14538706388829678,1.1400428673439127,0.12208569476474529,1.7485099923401846
lens_00180,0.37243330001365393,0.001488984601502829,28.271097935285027,0.8169643273764563,0.8544718902333143,0.001488984601502829,28.271097935285027,0.8169643273764563,0.8544718902333143,0.0,0.0,0.5710988474878078,5.456314191726957,0.052808311713977485,5.293304303475736,0.28665392832701103,0.04370336339211445,0.07658635551790471,0.004051492221219322,23.92384990592427,0.48635233882166956,0.8013090945216526,0.031250557673373314,0.0554517345654984,0.5673828125,0.162353515625,0.1943359375,0.0966796875,10.045986536269353,5.284159701444947,0.16641296444364612,1.2237687612855406,0.06763051583274718,1.3215306593511815
lens_00181,0.37090430001262575,0.0004501618928615819,33.46631271708667,0.9028648486774147,0.9110071581711783,0.000450161892861582,33.46631271708667,0.9028648486774148,0.9110071581711783,0.0,0.0,0.4868951573338281,4.04085634891182,0.04153092075631548,2.2867429302571054,0.13228822641360624,0.019753277526213697,0.06240657976935593,0.0007799764816920627,31.079184922138104,0.8384281600262775,0.9526734865104215,0.011508876117634776,0.025446458539470647,0.534423828125,0.16357421875,0.224365234375,0.1015625,8.57141181576624,5.015814935117225,0.16764873718971698,0.9090685269781585,0.12644047025358923,2.190352449435345
lens_00182,0.41610160004347563,0.0009609892671713238,30.172814627313493,0.8565499694590551,0.8820339917085035,0.0009609892671713239,30.17281462731349,0.8565499694590553,0.8820339917085033,0.0,0.0,0.3438502974659179,3.520846648566952,0.001965468742471277,1.9678817671873503,0.15398076176756076,0.04320552526650101,0.088385616655409,0.0009377025051399961,30.279349237413395,0.7835156482124659,0.9410864384277667,0.014845095943982499,0.026782935454388684,0.57080078125,0.2275390625,0.13037109375,0.096435546875,7.2912609700551565,5.298914982288056,0.18002518630903927,0.982196172814348,0.10697437668701389,1.99946771461643
lens_00183,0.369842299958691,0.0019044178998296986,27.20237745197563,0.7550930250333738,0.8151172690359619,0.0018777158735012846,27.263701223498895,0.7587937529373849,0.8179984202358841,0.0,1.0,0.4185539265061291,7.724797332847858,0.2435748181933327,10.251667431668892,0.41754202006486285,0.08401162235743465,0.19700335395105806,0.00826693489622988,20.82655482514898,0.3267681479152263,0.6863488002924708,0.04584631969260178,0.07851783152172272,0.537841796875,0.15185546875,0.235595703125,0.09814453125,9.165898617426594,4.118113187602927,0.23114617206069585,0.8927092407585975,0.07886150041663834,1.0851590776388365
lens_00184,0.38373849994968623,0.0018712460918556845,27.278690936828433,0.7473266485367681,0.7967961248417814,0.0018712460918556845,27.278690936828433,0.7473266485367681,0.7967961248417814,0.0,0.0,1.7157949557170307,7.0422636212724585,0.05249042100438894,14.161352044994644,0.28741097521570846,0.05622912799697233,0.2712479015242133,0.006928373198863689,21.593687269604157,0.28652379328213406,0.6554887029602208,0.04080533830656323,0.07254858761237612,0.61865234375,0.234619140625,0.08056640625,0.09033203125,4.880785261662643,4.159232421228879,0.23228537935267973,0.8686592502996732,0.0754455231799633,1.22231979384327
lens_00185,0.4040893000783399,0.0007117019632628488,31.477018361499667,0.8530185364819416,0.883211810120926,0.0007117019632628487,31.47701836149967,0.8530185364819419,0.883211810120926,0.0,0.0,1.460903468566133,6.491272546354682,0.13275889532784824,0.5783231655383645,0.33052298530467905,0.034318515468390265,0.13495156951142295,0.004873407705919239,23.12167254322745,0.4353916920900722,0.767829329746287,0.033320616723248944,0.06134447169143754,0.548583984375,0.17822265625,0.195068359375,0.102294921875,8.48422189927949,5.679008497907448,0.17824571369553358,1.1325241139337212,0.06645423228615485,1.3460378880901798
lens_00186,0.3716818999964744,0.0007360080257719514,31.331174498887684,0.9013404783036967,0.9195908230998625,0.0007360080257719514,31.331174498887684,0.9013404783036967,0.9195908230998625,0.0,0.0,0.585474054750903,2.1406666132131598,0.007584724611488625,1.5487132290619456,0.09841681843975174,0.03905114979220781,0.10553576635395923,0.0009938913825496538,30.026610748952667,0.8370988084669829,0.9517379790953185,0.013499487573931095,0.028489563313447507,0.53466796875,0.18505859375,0.20068359375,0.098876953125,8.247560926208482,5.485864821489491,0.16510853736108794,1.082072383244738,0.11638666125253931,1.8739514110073183
lens_00187,0.3856664999620989,0.00046125093658198944,33.36062738985779,0.8663746376442331,0.8712894931509352,0.00046125093658198944,33.36062738985779,0.8663746376442328,0.8712894931509354,0.0,0.0,0.1673909253411154,5.641568612963162,0.046338457907444175,1.5792616036510196,0.2200865238339096,0.0111784987718192,0.20548208497231737,0.002970525720196768,25.271666829468895,0.5988491964112024,0.8526328947982228,0.02500213456343745,0.04842952598847664,0.547119140625,0.19580078125,0.174072265625,0.10693359375,9.816920728621408,5.875784586734341,0.12980827621384844,1.2128925651681284,0.06914112136306198,1.6776559707169025
lens_00188,0.36502089991699904,0.0004627729515151882,33.34632032933317,0.752796399221561,0.6859178740360863,0.00045886209613073584,33.38317815308471,0.7550547200334771,0.6891721344280405,0.0,-1.0,0.601699746037887,8.684746355218419,0.13331904803767047,6.917961122526975,0.4213020750872178,0.05367122601519614,0.33451362510239535,0.008998224595041373,20.458431710760063,0.24366529536556567,0.6021331337973661,0.045787878905032345,0.08307643914142847,0.550048828125,0.15771484375,0.2138671875,0.103759765625,8.778275665002134,5.806640219016624,0.16372444043494522,1.1905821107508598,0.05519959781794282,2.1243219002341105
lens_00189,0.4136539000319317,0.001079163462051168,29.66912767281839,0.7160465847452409,0.761918657212611,0.0010674835385217152,29.716388134310936,0.7187573125429686,0.7648922311111088,0.0,1.0,0.6913591779946968,9.34905063934111,0.14456619939898818,9.620323798577004,0.5221054220113237,0.08916938866406965,0.10954220740937437,0.010047304777113911,19.979504235580087,0.1606324641324787,0.505466968291928,0.0473660221520036,0.08833891963687249,0.55859375,0.161865234375,0.2001953125,0.104248046875,8.083052149289706,4.601311560497004,0.2104387519086144,1.0146790610358276,0.06455848169022627,1.5761453719151794
lens_00190,0.41228980000596493,0.001536562844917762,28.134496725420966,0.9557065603675783,0.9720150747134269,0.001536562844917762,28.134496725420966,0.9557065603675785,0.9720150747134267,0.0,0.0,0.563176280819451,0.9335100601970687,0.026729572096582332,1.9944657235987648,0.023489168453835838,0.04438131968310366,0.06899218754197634,0.003064498756716438,25.13640550507433,0.6927964375322775,0.888959018154903,0.0255468006472855,0.0491106885861346,0.591796875,0.254638671875,0.08837890625,0.08740234375,4.779979856403396,5.645560617910907,0.15437520741432664,1.1020591602023047,0.10707755916802114,1.0474503803060145
lens_00191,0.3740770999575034,0.00039260633605565535,34.060426958419626,0.9017006355769442,0.9065724404836051,0.0003926063360556554,34.060426958419626,0.9017006355769442,0.9065724404836051,0.0,0.0,1.365027664767116,5.172715162106264,0.045545088039030124,0.5024270283952603,0.1809962303967716,0.0034095677253982437,0.11183378017337653,0.0008160886785309928,30.882626470008532,0.7579576299368453,0.9435655924352271,0.013615129151735936,0.02511407845636672,0.580810546875,0.204345703125,0.14404296875,0.092529296875,8.070480306486981,4.719464947767256,0.18291836824301536,1.2247223282027653,0.07850589752279234,1.9490323481482128
lens_00192,0.39112370007205755,0.0010907084676480298,29.622913152329062,0.9316570323550261,0.9523929539735884,0.00109070846764803,29.622913152329062,0.9316570323550256,0.9523929539735885,0.0,0.0,1.2294064791147938,3.188432871342256,0.05543150015000864,2.6917310356462707,0.1820748619079966,0.07564170153630156,0.09545457180531114,0.003261443386885147,24.865901556902518,0.5463502533478167,0.8235459987753717,0.025736768244789,0.05098099790313218,0.573486328125,0.21875,0.133544921875,0.093017578125,6.25055141722115,4.702977450165581,0.19202915750857436,0.9750911679276574,0.0889230556476141,1.0592115020354096
lens_00193,0.39379259990528226,0.0018829819364168528,27.25153846182014,0.8180616231834879,0.8609770519647637,0.0018829819364168524,27.251538461820143,0.8180616231834875,0.8609770519647639,0.0,0.0,0.8162737812145664,2.8225932300021466,0.011580856548913943,2.5597091264568803,0.13547617757036742,0.09262148092696365,0.22873854915313974,0.002305377942667896,26.372578663871238,0.6708852443642025,0.8940856458822408,0.024452389047336567,0.04132140622662291,0.549560546875,0.165283203125,0.20556640625,0.10107421875,8.849046434502618,4.148060661300557,0.21378938316962487,1.0959950960335643,0.12044881643975985,1.4544369537603192
lens_00194,0.3729097999166697,0.0008481907548731907,30.715064655823213,0.7398653223408146,0.7633977378016235,0.0008481907548731907,30.715064655823213,0.7398653223408146,0.7633977378016235,0.0,0.0,1.661878385192104,9.398428709449934,0.013718384162644703,10.53415728348702,0.39030847210860503,0.06823779228741211,0.1619736846200942,0.00679230181856146,21.679830242918598,0.3309927258130117,0.6672709157621339,0.037116428965484304,0.07358445840944688,0.595458984375,0.28759765625,0.05712890625,0.079833984375,3.4275597484754154,4.841371409141673,0.1843989426754524,0.9133638565966786,0.06549979985122589,2.1591751717477594
lens_00195,0.3927284999517724,0.000639554778560841,31.94122251798541,0.7468699988095238,0.7719081955569812,0.0006395547785608411,31.94122251798541,0.7468699988095238,0.7719081955569812,0.0,0.0,1.5780150201465584,12.198209033600305,0.13173934957442512,9.126526335278228,0.6124336185976254,0.10367883813578038,0.11625180758929221,0.007008070680399151,21.544015267097624,0.2847457333648629,0.6546860955172101,0.04097993162821516,0.07299805397506129,0.58056640625,0.179931640625,0.15869140625,0.102783203125,8.460642209193793,4.939734763796158,0.1750709411277781,0.9294678052009993,0.05432735862675692,1.9430520794862378
lens_00196,0.3824597999919206,0.0013918864190602775,28.563962026478237,0.8101362841802316,0.8676248016644721,0.0013918864190602775,28.563962026478237,0.8101362841802318,0.8676248016644719,0.0,0.0,0.7579379079084759,7.693081159760262,0.005527122800411677,15.930794565645883,0.42553247522449666,0.10802439492382321,0.1646099197332762,0.008094056352284152,20.918337762972005,0.3193488923434908,0.6689883565395675,0.04426631399786063,0.07832336686664433,0.58935546875,0.24365234375,0.093994140625,0.094970703125,5.1453352094035925,4.802082843579868,0.16634361673839573,0.9260052722279397,0.06330235156283447,1.2424667017755777
lens_00197,0.4564691000850871,0.001072195812952309,29.69725893077191,0.7550917727550469,0.8142041598547323,0.001072195812952309,29.69725893077191,0.7550917727550467,0.8142041598547323,0.0,0.0,2.0322359595729464,10.715003971682693,0.0006190244807646739,9.079898327441356,0.5437442917922645,0.1177308423849941,0.21585918698854623,0.01217975638822846,19.143613980993802,0.1809413779606791,0.5516466898854057,0.057610205863484004,0.09413193171605189,0.580322265625,0.2314453125,0.11767578125,0.09423828125,6.47100188340465,4.303889514449439,0.20561843599047216,1.0927417429899373,0.05054861279428128,1.4593483205796534
lens_00198,0.3936659999890253,0.0016532831596139902,27.81652757967421,0.8287536213183923,0.8611232888248377,0.0016532831596139902,27.81652757967421,0.8287536213183923,0.8611232888248377,0.0,0.0,1.2555544637942073,4.644348664220342,0.07591295340351145,7.304578196875482,0.2116415041044596,0.0020766695043956673,0.21243488242385278,0.0028623874652511727,25.43271578601803,0.5339809039048086,0.8511338750866367,0.027399867897991117,0.04595252663808388,0.56982421875,0.273193359375,0.098876953125,0.0810546875,6.422976490564948,5.172214308063541,0.18765347122414877,1.0305836715070673,0.06648453402609115,1.1999237994669043
lens_00199,0.42801729997154325,0.001090685810773115,29.623003367617976,0.8439249591265398,0.8894868884852779,0.001090685810773115,29.623003367617976,0.8439249591265398,0.8894868884852779,0.0,0.0,0.5377222690956095,8.597431934724412,0.1203258690379122,21.282408444957127,0.39362051115904506,0.020684987531752852,0.1853791265951542,0.0037955652237887526,24.207235411666545,0.43223270243397666,0.7853339381592285,0.02914649236462402,0.054277501845863045,0.604248046875,0.28466796875,0.05322265625,0.079833984375,3.30056358442046,4.1532443302812565,0.21765894887932458,0.9729289020226191,0.05366593166018792,1.074681225716835
lens_00200,0.3896495000226423,0.001493259339720361,28.25864760239802,0.8951118629665044,0.9266906625845578,0.0014932593397203613,28.25864760239802,0.8951118629665041,0.9266906625845578,0.0,0.0,0.5604596995668841,2.811730626185243,0.017903674329935892,1.9501144986389534,0.17163963474191068,0.09070313755949533,0.030689022805222566,0.002489465071552068,26.038939627159422,0.6746171475458344,0.8848714075190078,0.023117225027402957,0.044216048880293256,0.601806640625,0.2451171875,0.092041015625,0.081787109375,6.083650164132363,4.850919914317636,0.1724789962465107,0.8661660309680165,0.10898902812922434,1.2760543483023825
lens_00201,0.3706336000468582,0.0025190617302745786,25.98761189870235,0.8302262647347888,0.8754185188106396,0.0025190617302745786,25.98761189870235,0.8302262647347888,0.8754185188106396,0.0,0.0,1.1114107739537658,4.066203184254146,0.06368945633268464,3.2279130569702374,0.19041024548029542,0.07813565891433072,0.24642584374565746,0.006432853414252709,21.915963447766096,0.4132056897967632,0.7420891253032356,0.0383849422456731,0.07042335992445298,0.586181640625,0.274169921875,0.08203125,0.080322265625,4.54947654909393,5.241447908951801,0.17707311355493952,1.151706173505545,0.0682542367515104,1.0169281924712725
lens_00202,0.4047077000141144,0.0005334903713294247,32.728734145079926,0.9062076230848576,0.9152890412245697,0.000533490371329425,32.728734145079926,0.9062076230848577,0.9152890412245699,0.0,0.0,1.086966920376168,4.055029063020882,0.05130146022231652,13.681869867335891,0.07965028464373916,0.016186910949410716,0.011460491361763747,0.0017926787129613287,27.464975384863095,0.6401069806132571,0.8932227785271615,0.020698051248123003,0.03693601748282295,0.59033203125,0.246826171875,0.09033203125,0.093505859375,5.089960171478543,5.045275193381464,0.17605071587389765,1.009996594875328,0.08926044460757895,1.814746324941872
lens_00203,0.4035901000024751,0.0007165917323604405,31.447282067908297,0.8221466226540027,0.8273106322949119,0.0007165917323604403,31.447282067908297,0.822146622654003,0.827310632294912,0.0,0.0,0.5075444579481505,5.870663108031297,0.03653273064386042,13.44562452595099,0.1786342137883379,0.028500465059566604,0.15806022403422593,0.0009314842545679084,30.30824481843495,0.7233221679015172,0.9335145011233065,0.014449276941704059,0.026883129476120295,0.584228515625,0.282958984375,0.06982421875,0.079833984375,4.03008958712061,5.055517446854373,0.2141374668960258,0.909571551998923,0.07342965563825868,2.146051045469224
lens_00204,0.39204619999509305,0.0006618752745010427,31.79223842432461,0.8540621148821695,0.8724095265914527,0.0006618752745010427,31.79223842432461,0.8540621148821695,0.8724095265914527,0.0,0.0,0.9089402605286417,6.0391517650772055,0.02536864228746183,9.43461709535552,0.2189456373611985,0.019252333296637558,0.06462372529901517,0.004768796594195311,23.215912013452268,0.4166984356995503,0.7474434181454913,0.03155093358562362,0.061427479063289575,0.609375,0.26318359375,0.060302734375,0.087158203125,3.595817384091129,4.3253491642233115,0.19694465302522182,0.9378375531904773,0.07643929221455725,1.5758299509349118
lens_00205,0.40728679997846484,0.001391408728374924,28.565452766193236,0.8862090427846813,0.9079836257550644,0.0013914087283749242,28.565452766193236,0.8862090427846813,0.9079836257550645,0.0,0.0,1.2992266432973378,4.54195841779865,0.06587598532930594,58.687459934837115,0.1265528457526367,0.0019192757271945249,0.14031146869343236,0.0037268936167092334,24.286530039017947,0.4374584863330359,0.7900200671232487,0.030783965710231346,0.05271850786830498,0.609619140625,0.27099609375,0.0654296875,0.0703125,3.5459970317162233,5.790009285857024,0.17056519736153072,1.1491928095128556,0.05895554583775666,1.113469436422165
lens_00206,0.475960599957034,0.001412743456967732,28.499366954329233,0.8165294733188856,0.859009279247661,0.001412743456967732,28.499366954329233,0.8165294733188855,0.8590092792476611,0.0,0.0,0.1999135408131135,3.2655228761429953,0.08969518305555091,2.2747757847694032,0.12424109194962858,0.06893352335398073,0.07726019677443796,0.0028601498393033475,25.436112141863386,0.6004861079886108,0.8603645779033002,0.02680122289907992,0.04628006363886271,0.596923828125,0.23583984375,0.092529296875,0.095947265625,4.917990168677325,5.248820691487356,0.1811242425440562,1.0758512467163381,0.10268440945781987,1.6778607357402815
lens_00207,0.532467299955897,0.0007940192141601472,31.001689881235816,0.958961030548747,0.972767082617979,0.0007940192141601473,31.001689881235816,0.9589610305487469,0.972767082617979,0.0,0.0,0.8433706399507215,0.6724957734914252,0.019951942533156797,0.326739220352124,0.11886288840257697,0.08543005488414834,0.16089945042655052,0.0006586421134598547,31.813505040242053,0.8470590440514193,0.9639555997116771,0.012373796505456686,0.02248402262722137,0.575439453125,0.224853515625,0.130859375,0.092041015625,8.149468762523213,5.632268851335455,0.2059087959078066,1.0770371195119468,0.1186102776055947,1.1988449605916909
lens_00208,0.8710147000383586,0.0014009723262418119,28.535704433574637,0.7822921340563487,0.8417379049232165,0.0014009723262418119,28.535704433574637,0.7822921340563487,0.8417379049232165,0.0,0.0,0.8200815600633912,2.1092587965472145,0.009935753554809357,0.9664586400841699,0.11958778729539285,0.10168131137342107,0.21634721393708067,0.0013866761472650269,28.580249548447387,0.7790224780695975,0.9275894259868552,0.017563239813310382,0.032836089208752854,0.58154296875,0.2373046875,0.11962890625,0.0849609375,6.7270524778777165,6.2255995994997715,0.1704541742702069,1.2211454750932516,0.11596564308461473,1.911836754045737
lens_00209,0.41424960002768785,0.001172258968326356,29.30976436021615,0.8977289158207791,0.9233923749374086,0.0011722589683263562,29.30976436021615,0.8977289158207793,0.9233923749374086,0.0,0.0,0.6167775459632703,2.8397560274444817,0.05070358856400714,1.7063141339683625,0.16194897471490688,0.07228563293196288,0.13513255907568844,0.0026836978566825223,25.712663806647008,0.6424602508292748,0.8749813308570383,0.023782276005579285,0.04602283351421303,0.5517578125,0.193115234375,0.174072265625,0.10595703125,8.18537207966955,5.1037811879254305,0.18547043156760817,1.108186476661948,0.09775752572004054,1.2738071517913345
lens_00210,0.38037759996950626,0.0016918106208891098,27.716482529435368,0.9419139695433505,0.9652189138739206,0.00169181062088911,27.716482529435368,0.9419139695433503,0.9652189138739207,0.0,0.0,0.20667245388332928,1.1576051326346057,0.015099596649703284,0.5557563669113108,0.11740066156263249,0.0870217725603033,0.09631133688645982,0.0026069137850280575,25.838733314345525,0.7736174696801364,0.9165778242779807,0.022559754784742436,0.04580361611358156,0.582275390625,0.2578125,0.09716796875,0.084716796875,6.121271701105533,5.871933939758589,0.14100859953763084,1.0386048941169066,0.1138164521564744,1.0580683443163006
lens_00211,0.420385800069198,0.0014006208599669087,28.536794098307674,0.783395102355656,0.8277615840440014,0.0014006208599669087,28.536794098307674,0.783395102355656,0.8277615840440014,0.0,0.0,1.0286038530299313,4.6802743575506955,0.04587405943615097,1.502897503152127,0.21425121074624748,0.05089892249839001,0.028327187521498043,0.003800582382150028,24.201498491793423,0.5794070339909884,0.8290104285927049,0.027800037234309002,0.05502490628725379,0.59765625,0.249267578125,0.0947265625,0.080810546875,6.118921302893383,5.353480846953565,0.16183588552595266,1.1265187706227449,0.07801637217341183,1.4671892445017987
lens_00212,0.4033805000362918,0.0014362640308683164,28.4276571565863,0.9341988968897584,0.9556784110629581,0.0014362640308683164,28.4276571565863,0.9341988968897584,0.9556784110629581,0.0,0.0,0.7744792635093959,1.1265072248743717,0.009765483932493102,2.345323060571161,0.0684978675097921,0.07086481748937667,0.07442826475683245,0.002426189637047301,26.150752566003376,0.7261480542067417,0.8951418141897318,0.020815812470722967,0.04464181434743659,0.590576171875,0.234375,0.10595703125,0.0947265625,5.471471990389778,4.616489070234212,0.16518446017558977,0.9985194761093349,0.11380581774944971,1.2274770449549006
lens_00213,0.40706949995364994,0.000549827595532148,32.59773466954205,0.9291858770401337,0.9406531632914876,0.000549827595532148,32.59773466954205,0.9291858770401336,0.9406531632914876,0.0,0.0,0.9032282125876239,3.7256063163488093,0.06638412452209563,3.6792642437123106,0.12444286438312624,0.0076961717407586505,0.13783055783239673,0.0010977422034315377,29.594996387316,0.7295286272584142,0.9237783817616244,0.014209394289011046,0.029930508137533483,0.590576171875,0.263671875,0.082275390625,0.0859375,4.85642119752658,5.092869135787103,0.19529719605434356,0.9542102243671271,0.08183338549697092,1.5119009969815576
lens_00214,0.40106289996765554,0.0009414333459429326,30.262104228739833,0.8515277621624253,0.8839931680391796,0.0009414333459429325,30.262104228739833,0.851527762162425,0.8839931680391794,0.0,0.0,0.48295381498060974,5.219260595364604,0.07854826577727458,0.4930696180881853,0.28034873926509635,0.0561383240370259,0.06379980483168246,0.0024928718901691196,26.033000395155685,0.6294318488575383,0.8647229817515503,0.021957989551800824,0.04484103684140372,0.531005859375,0.189208984375,0.197265625,0.1015625,8.726724087998946,5.195868943803979,0.1817630950974043,0.9713752281879825,0.09194828812035272,1.6308329646519315
lens_00215,0.38330370001494884,0.0023743142249297742,26.244618055488758,0.8015117916044601,0.8532550312239863,0.0023743142249297742,26.244618055488758,0.8015117916044601,0.8532550312239863,0.0,0.0,0.26388313737938024,4.503747233150204,0.03251679498821858,9.06817596369362,0.27112665827917587,0.11255445693256128,0.0874520536208051,0.006601777474672502,21.803391184714055,0.5024451821900155,0.7900539808262713,0.04002771510689105,0.0707075632304923,0.543212890625,0.1728515625,0.2041015625,0.099609375,8.5079827728652,5.437344450225886,0.15668195166691362,1.1216987327202337,0.07934892727381568,1.0103824055166097
lens_00216,0.49168859992641956,0.001217925020024645,29.143794476570765,0.8497595150697057,0.8840855164413128,0.0012179250200246453,29.143794476570765,0.8497595150697059,0.8840855164413131,0.0,0.0,0.5446351601277469,2.670109132878622,0.03651613400058862,2.198744661010096,0.1095501729822845,0.0843906186463167,0.045676878274224064,0.004589267494542774,23.38256627853791,0.5802612075826291,0.8245771805763932,0.03104884220324715,0.06020994014596454,0.576171875,0.185302734375,0.16162109375,0.103759765625,7.89888066422616,4.952691256092698,0.17664258617289155,1.1174784897890255,0.1214368554124417,1.6650204356198157
lens_00217,0.45541659998707473,0.0011707204479121229,29.315467961516294,0.8832132815297686,0.9158267748914827,0.0011707204479121229,29.315467961516294,0.8832132815297686,0.9158267748914827,0.0,0.0,0.2743466863171247,3.4213468179620943,0.04439432794251258,1.4752577643155576,0.2596506275198932,0.10557270548506903,0.19305815321712794,0.002431898130079849,26.140546212047298,0.6627773073518938,0.8929519373622847,0.024659344049455762,0.04270614570679985,0.507080078125,0.126708984375,0.285400390625,0.103515625,13.04472515669503,4.681609987099643,0.18968119090691266,0.9327561948755256,0.11407848426969525,1.1794728159415242
lens_00218,0.4356997999129817,0.0008226656527385739,30.84776634622211,0.6761416707350272,0.6481548080471411,0.0008011477385612728,30.9628738887763,0.6832422375794759,0.6597519148266855,1.0,2.0,2.524744222603925,9.298379675695609,0.004214369939435025,2.3511027300537535,0.4424936057628121,0.044280385955937085,0.51565125681327,0.004163390699008158,23.805528323364662,0.4477005480686552,0.7758205597007151,0.030485572389781626,0.056868449733358674,0.537109375,0.167236328125,0.219970703125,0.096923828125,10.613855957127894,4.774712500505667,0.21848517581072432,1.0091078231423782,0.059550985904887124,2.152162945153266
lens_00219,0.37911239999812096,0.00045440315877193975,33.42558658299558,0.8559194838395778,0.8627017145082632,0.00045440315877193975,33.42558658299558,0.8559194838395778,0.8627017145082632,0.0,0.0,1.5007592078982745,7.270048327821156,0.05592828561490504,2.1030489860582406,0.304753801316709,0.008266954481989996,0.19594622974285902,0.0020570047933452344,26.867646962873085,0.5614784447151159,0.8505028172793917,0.020388399308605726,0.04051318263205299,0.532470703125,0.16796875,0.2255859375,0.09130859375,10.596992101329587,5.057382831632063,0.20344848137693508,0.9887729213740395,0.07511439881807923,1.9219332039797128
lens_00220,0.37759879999794066,0.0009625118781268114,30.165939022629953,0.8598537845956133,0.8955021121059719,0.0009625118781268114,30.165939022629953,0.8598537845956133,0.8955021121059719,0.0,0.0,0.3625797660168156,2.5124649336408797,0.011569103708581108,0.4814917688647995,0.1705514085381632,0.07647679549574427,0.012918099441443676,0.0010922194424133193,29.616900969291457,0.826536737979864,0.9527962578291918,0.016676438189024905,0.028532715463848706,0.569091796875,0.265625,0.107421875,0.0751953125,6.618885896571808,6.517203796591169,0.13597241095280904,1.1487357293533367,0.09625000983556722,1.5707195182620477
lens_00221,0.45416690001729876,0.0007782435954497883,31.088844446541344,0.9521938612361825,0.9633374676071357,0.0007782435954497885,31.088844446541344,0.9521938612361825,0.9633374676071355,0.0,0.0,0.7208043972652018,0.7325328785216705,0.02163064676339943,6.920430282550285,0.00316869794296404,0.032896066451753914,0.009163104970771552,0.0007851323726792163,31.05057115385206,0.7997595183495161,0.9523167424932224,0.014092062146507683,0.024218715018311385,0.60595703125,0.238037109375,0.091796875,0.086181640625,5.1140454451587365,4.739477211081729,0.1830828118388669,1.2112060089980532,0.0964054176576486,1.4375635698248854
lens_00222,0.4223206000169739,0.0016706407547981655,27.771169283126195,0.8534402439444766,0.8964630278092804,0.0016706407547981657,27.771169283126195,0.8534402439444767,0.8964630278092802,0.0,0.0,1.1005715614623814,1.6347023494591024,0.04103544924239022,7.575007420287548,0.06476662724209277,0.07851194922400806,0.11425263304141564,0.0025020953861525663,26.01696137931938,0.6637247837894,0.8865214180359211,0.02434106606903859,0.043699060502203756,0.59375,0.274169921875,0.06982421875,0.0859375,4.0648635306523895,5.1270102340713715,0.1897007515204036,1.2339845217030947,0.11477118480771091,1.7482855518999532
lens_00223,0.39773870003409684,0.0013013727282031736,28.85598298658698,0.833165341439797,0.8749286760664235,0.0013013727282031734,28.85598298658698,0.833165341439797,0.8749286760664235,0.0,0.0,1.024980963037909,2.792401484850835,0.021174212293658345,0.6565750865085249,0.18103759520994733,0.08800942719173421,0.15121160209281226,0.0026970307825483104,25.69114096700769,0.6687030828971541,0.8643625788366271,0.02180848123584892,0.047131952311928856,0.591064453125,0.2041015625,0.129638671875,0.10009765625,6.580731878426307,4.683018460871165,0.2024150379683376,0.8541510390019601,0.12417676078812663,1.6734907704526167
lens_00224,0.38035540003329515,0.001187743868666693,29.252772028040166,0.8603724116337389,0.8950038973783369,0.001187743868666693,29.252772028040166,0.8603724116337389,0.8950038973783369,0.0,0.0,0.8485073206753729,5.0526950828694766,0.015753910117637715,5.407074163901768,0.27663772337619064,0.043724663744301395,0.2459903888760362,0.0039531336958037785,24.030584974789452,0.5170172829727061,0.8101777987739589,0.028912197251507128,0.055832056615296936,0.580810546875,0.183837890625,0.156005859375,0.105224609375,7.935052235872404,4.632393872703994,0.19627009558128097,1.2250308267540655,0.07286620493926706,1.109403949143751
lens_00225,0.3992278000805527,0.0012739246912441147,28.948562447980173,0.8495893491510769,0.9021477475898256,0.0012739246912441145,28.948562447980176,0.8495893491510769,0.9021477475898255,0.0,0.0,0.9107703212001833,8.545893906928328,0.02347922398318869,22.181851703549512,0.4067752635051166,0.06922416194595948,0.04658682001354386,0.0064173365942059996,21.92645181034104,0.35477554954652446,0.6993765200139342,0.03543097708896992,0.07184693769902019,0.60546875,0.296630859375,0.043701171875,0.07568359375,2.7312805492602528,4.799673617768593,0.18133328665079665,0.9445539578505325,0.053230925280728904,1.0423113528111028
lens_00226,0.3919796000700444,0.0011172986195827285,29.518307378024726,0.9282867230267632,0.9471277298311157,0.0010520802819414753,29.77951118857307,0.9323742817805618,0.9502948081815534,0.0,-1.0,0.4567747119258518,2.2063745068072063,0.028115408074881665,6.838929348188202,0.12212849856479675,0.09332215783784159,0.08423882966569185,0.0037734809521483698,24.23257837907308,0.5355821276691498,0.8183113660534858,0.028636291834794735,0.05434559542502813,0.5556640625,0.20947265625,0.162109375,0.0966796875,9.505692561486793,5.51536959202447,0.18343418069174167,1.2099761674828786,0.1028658386103923,1.1984690554863784
lens_00227,0.3610562999965623,0.0019359132820290477,27.131141005295657,0.869229604214376,0.9120100079278961,0.0019359132820290473,27.131141005295657,0.8692296042143761,0.9120100079278958,0.0,0.0,1.124878302336021,1.1109264181138467,0.0022154379432071103,81.12844947981444,0.037530913353964565,0.04841326530913992,0.14218255767349175,0.002373894694987638,26.245385500824085,0.651681605743129,0.8681422997337628,0.02086823532265611,0.04402739430747504,0.574462890625,0.3037109375,0.060302734375,0.081787109375,3.381967688227271,5.737698544042465,0.1937797562915497,1.2452452063374848,0.10423018043238524,1.5574864358729514
lens_00228,0.4383844999829307,0.0012097127580275792,29.173177391156635,0.7476644614439362,0.7777416039257883,0.0012097127580275792,29.173177391156635,0.7476644614439361,0.7777416039257883,0.0,0.0,0.9515144525332611,5.765537980122411,0.06568008521269508,1.6994125181643653,0.2566311384094486,0.038453968897702695,0.24037992312409617,0.0026104580854934448,25.832832755944445,0.5563675139207924,0.8334560306820372,0.0230816690386065,0.045581735814750175,0.557373046875,0.1689453125,0.1923828125,0.104736328125,7.798398785614755,4.443447553973188,0.2351257044373411,0.9117249739586177,0.0910270180883424,1.8079251111841987
lens_00229,0.39871259999927133,0.0012653499864881197,28.977893352170646,0.9435284488160669,0.9614299567226239,0.0012653499864881197,28.977893352170646,0.9435284488160666,0.9614299567226235,0.0,0.0,0.8412065840523227,1.0419276136966573,0.0070551681256827425,2.002391347194191,0.134199281399149,0.11202419837585509,0.1188695516010837,0.0019328021273275731,27.13812605054969,0.7145475102729784,0.899465155647155,0.018767984766509843,0.03975631868183506,0.56982421875,0.19873046875,0.161865234375,0.095458984375,9.008866804674756,4.900249105441746,0.18943991303000918,1.1027898501049902,0.10334965535557498,1.0239420765759122
lens_00230,0.40261470002587885,0.002401747883294435,26.194725833780232,0.9110690594938707,0.9423068008319043,0.002401747883294435,26.194725833780232,0.9110690594938705,0.9423068008319041,0.0,0.0,0.4488207731532979,1.2558176023585421,0.003499654997092372,1.329073544596497,0.14261068495383727,0.12822998201046698,0.1539369488320259,0.0032221344807143145,24.91856337593605,0.6954645276953797,0.8923816492930102,0.027082257231811853,0.04988672993837428,0.56005859375,0.19287109375,0.170166015625,0.098388671875,8.459874951493468,4.867521998581873,0.19437991830203763,1.1102152708950097,0.12986323033743086,1.0034601624392179
lens_00231,0.4025219000177458,0.0008982912319208746,30.465828393782605,0.9299191515851577,0.9498300959218903,0.0008982912319208743,30.465828393782605,0.9299191515851576,0.94983009592189,0.0,0.0,0.7939139702859819,2.188388045825903,0.0004973197307439614,1.5356134846549878,0.15039455017541098,0.06687336710856617,0.15770708894973062,0.0022068509444537537,26.562269990482772,0.6583122654071678,0.8786744022154293,0.0195502432111078,0.04271579256949691,0.603759765625,0.261962890625,0.077392578125,0.082763671875,5.121593783423143,4.842849529208815,0.19318845882953878,1.0476124406274863,0.09717621473709265,1.2313048107401081
lens_00232,0.3899129000492394,0.0008261121468958847,30.829609920597694,0.8839343933274327,0.9078841526950328,0.0008261121468958846,30.829609920597694,0.8839343933274327,0.9078841526950329,0.0,0.0,1.2201171973442355,7.267768755952762,0.009096509064174918,9.223978894870385,0.23018935325557968,0.022163441850861387,0.07723487376226035,0.0038534408494248266,24.141513030761978,0.44941664576753254,0.7956184373898066,0.030520620414159563,0.054054903375730975,0.59423828125,0.274658203125,0.06689453125,0.08544921875,3.8619653141475307,4.630976991875723,0.2000960370341518,0.9763791235732735,0.06248065907295963,1.2120029335791527
lens_00233,0.38231639994774014,0.0012922557167181342,28.886515379115593,0.6829406530065545,0.7205716076122806,0.001292255716718134,28.886515379115593,0.6829406530065547,0.7205716076122806,0.0,0.0,0.934292494233878,6.5899607526314234,0.03845772513245871,25.212882100352004,0.14496921979787608,0.04523067786230994,0.21845715387799058,0.005526451368645463,22.575536473046615,0.4095076580390373,0.7283832123258172,0.03563035116254075,0.06524514882103874,0.607666015625,0.28271484375,0.051025390625,0.079833984375,3.0079701874771323,4.674023468667651,0.20146052089799618,0.9745225557177353,0.08493110325078007,2.1461793440308696
lens_00234,0.46951419999822974,0.0008442919092714928,30.735073724886902,0.9261349268190796,0.9512023500056569,0.0008442919092714928,30.735073724886902,0.9261349268190796,0.9512023500056569,0.0,0.0,0.22074073566135463,1.2732458371075612,0.04573895879935219,1.3295015519451425,0.10430887781756881,0.0643987623902128,0.02746151838122346,0.0018806555500575038,27.25690740019928,0.786644453824133,0.9216366668943486,0.017375334335105044,0.03973352874841126,0.5986328125,0.269287109375,0.069091796875,0.082275390625,4.0693996177684335,5.471848672790981,0.15425148343114897,1.0392811440590022,0.1275118197484617,1.6163425970446434
lens_00235,0.4405781999230385,0.0009098955718257544,30.41008448538549,0.8182335009559129,0.842483934412646,0.0009098955718257544,30.41008448538549,0.8182335009559129,0.842483934412646,0.0,0.0,0.6268986824127712,4.055637206803702,0.07260865879838241,1.1106614611364733,0.1737674428116257,0.04442121612177785,0.19963697561844795,0.0020091689957413596,26.969835322257744,0.7094261609392084,0.9013048682365729,0.020465068398902643,0.03987919220808762,0.554443359375,0.17041015625,0.2001953125,0.100341796875,8.298528777032194,5.734554816588528,0.17620600395459063,1.2495808977381968,0.09974445817849731,2.007025105030582
lens_00236,0.43428389995824546,0.00048110278898991286,33.17762125451586,0.9387027603534571,0.9530364070228977,0.00048110278898991286,33.17762125451586,0.9387027603534573,0.9530364070228976,0.0,0.0,0.7682101970640005,1.6407751255713787,0.014787347918666871,1.974769408661274,0.12738699784461674,0.0624958633878806,0.12428497722382914,0.0006316661587666997,31.99512389615954,0.8592697841319298,0.966875732654356,0.012567290238704627,0.021765325056678088,0.58056640625,0.1826171875,0.158203125,0.1005859375,8.863186231327393,4.719857850299171,0.18266154414665137,0.9538756428958011,0.1197679287868066,1.4081019270748067
lens_00237,0.44722480000928044,0.0008570975341188539,30.669697543668693,0.9521164212294725,0.9672410630067166,0.0008570975341188539,30.669697543668693,0.9521164212294725,0.9672410630067166,0.0,0.0,0.44464455595605373,0.23142267757869917,4.376037459974391e-05,0.14478321066022204,0.07089395875575494,0.06307116547149194,0.07004256822813348,0.0012827239462494706,28.918667976548406,0.7924805167609863,0.9291750910083668,0.014902740666572156,0.03256734970602255,0.568359375,0.208740234375,0.15234375,0.093994140625,8.200884184360557,4.496157050945277,0.17703460722065256,1.1848721107045033,0.12289583589281132,1.3869432959153647
lens_00238,0.4700322999851778,0.001584865610656802,28.000075580674476,0.9482949860665588,0.9653139240966598,0.001584865610656802,28.000075580674476,0.9482949860665588,0.9653139240966598,0.0,0.0,0.7549043805519118,1.467878651829281,0.07474047209020418,17.451458544208805,0.002044892073603916,0.04293736218381705,0.03744992098560118,0.004308068375111151,23.657174124544134,0.5385072939869375,0.8276604675233904,0.03295252337688653,0.05676442176404951,0.594482421875,0.30029296875,0.046875,0.08154296875,2.8642519606322883,5.61695753173531,0.16471145008491936,1.1476282358151437,0.08891283031977582,1.0789396374072882
lens_00239,0.44478919997345656,0.0011705184779621108,29.316217260821453,0.9032897559191215,0.9322082885227344,0.0011705184779621106,29.316217260821453,0.9032897559191214,0.9322082885227344,0.0,0.0,0.21128660574216407,1.5654720586158355,0.0074813510086712,2.240279804913513,0.14202583545583045,0.07768728150795345,0.07719559602207182,0.0023056155707726874,26.372131035504612,0.7222517908137875,0.8899410533957653,0.018911648172950126,0.04413575799910136,0.645751953125,0.227294921875,0.0654296875,0.085693359375,3.7666950946694646,5.395513248161069,0.16363262978399165,0.959501928454982,0.0982531102538661,1.3322648917492361
lens_00240,0.4573254999704659,0.0018345482388239008,27.36470864131747,0.8786640934941988,0.9131117554898899,0.0018345482388239008,27.36470864131747,0.8786640934941988,0.9131117554898899,0.0,0.0,0.7297382486559899,2.6290965542055957,0.028174916334004152,0.15587708347078433,0.1981348040633149,0.09561029353276584,0.05961952761025391,0.002593772845982516,25.8606806065595,0.6822591113301699,0.8882026487266341,0.023313429614231176,0.04527976198706001,0.554931640625,0.168701171875,0.197509765625,0.1044921875,7.94568426894689,4.377507612806874,0.19775514154766805,1.0304675047274283,0.10908883276528761,1.075045431377154
lens_00241,0.47425560001283884,0.0007316320121038554,31.357073004948248,0.7758354860181679,0.7917726546451992,0.0007316320121038554,31.357073004948248,0.7758354860181679,0.7917726546451992,0.0,0.0,0.586814722483188,7.702799859919886,0.060299803869911184,11.696388596084006,0.30406801352851565,0.060547547474726904,0.16869553709448448,0.004532919882243583,23.436219568749117,0.4921696010760156,0.7807359273642789,0.028855501558537573,0.0608299261223357,0.595703125,0.236083984375,0.095947265625,0.0927734375,5.293793246404864,4.5621662475011915,0.203809988835026,0.8918970954130576,0.08070284367101402,1.7551337939503278
lens_00242,0.3939969999482855,0.0004787134800628568,33.19924343074793,0.9131608240916051,0.9211325868809607,0.0004787134800628568,33.19924343074793,0.9131608240916051,0.9211325868809607,0.0,0.0,0.7349555010555081,3.3764081172872853,0.012086409045986457,5.55573224755851,0.06091095899523574,0.023763759133366258,0.08664285321097431,0.0007258332447319469,31.391631440536408,0.8358939643849164,0.9516359501638711,0.010316043274837441,0.024887999033341913,0.6015625,0.27734375,0.060546875,0.0849609375,3.4914794791207977,5.649727768451857,0.15493613530789566,1.052063252665228,0.08732007251188842,2.015697852993144
lens_00243,0.37981429998762906,0.0013036091375385316,28.848526040456058,0.8104236166406175,0.8566102295813227,0.0013036091375385316,28.848526040456058,0.8104236166406175,0.8566102295813227,0.0,0.0,0.2345031992776623,7.480217120531526,0.08264603764327705,10.148338799268501,0.3670184049775684,0.07503189874641547,0.48668850441656697,0.006547097701674652,21.83951178097161,0.3871772465383015,0.7255366274639058,0.04005248946904598,0.07030573084042732,0.548583984375,0.206787109375,0.16748046875,0.097900390625,6.7726109030923665,5.244400099867259,0.15875397641742056,0.9353439327721931,0.06846638087055051,1.234548062732478
lens_00244,0.3679276000475511,0.0006243187476316895,32.04593623468931,0.7540499667157513,0.7447701500385328,0.0006033868658968327,32.19404147476594,0.761505554334861,0.7547270905559662,-1.0,1.0,0.42762938862433864,9.771752116772781,0.06413115192358743,4.802394248831831,0.49946184182108533,0.016638530910473404,0.09172669587767102,0.0030118234256556325,25.211704931324515,0.45331351132318043,0.8047310981186491,0.02720065645589452,0.04766495268039229,0.52001953125,0.13427734375,0.271240234375,0.099365234375,11.913265154800463,4.92670659583516,0.20204212530862842,1.0655568340698176,0.055710960832907,1.9283694726610388
lens_00245,0.3801898999372497,0.0006753255231679354,31.704868362985827,0.852408628275402,0.8685031158815287,0.0006753255231679354,31.704868362985827,0.8524086282754019,0.8685031158815286,0.0,0.0,1.057496309818613,5.514970279428274,0.07024477650953864,2.3310419617246225,0.21981932688644915,0.01240441295575212,0.09877507360576754,0.0010943298133767455,29.60851768914033,0.7700219452701295,0.9401083154125048,0.01611531583331192,0.028889901505012985,0.566162109375,0.16552734375,0.19140625,0.103515625,10.031966285507965,5.057942186863193,0.16105268026682112,0.9529412750175508,0.09700561011607556,1.9564608372943753
lens_00246,0.38625730003695935,0.0014039394070745155,28.52651635611515,0.837067551926982,0.8761636669344159,0.0014039394070745155,28.52651635611515,0.8370675519269816,0.8761636669344159,0.0,0.0,0.7021163771393141,3.0919752095727837,0.053656242661951126,6.278800409033181,0.138356324127536,0.08140610868066878,0.022330155801280838,0.0032563777440081346,24.87265222141925,0.6779353285462002,0.8806368899457214,0.02678377671548864,0.05038856069449675,0.594970703125,0.191650390625,0.129150390625,0.1064453125,6.335008961135831,5.252997950575838,0.15813141543697307,0.9721185129868573,0.1015469308533542,1.504893000765052
lens_00247,0.39522240008227527,0.0008309719846915529,30.804136177308852,0.7322897644708797,0.75430908199206,0.0008309719846915529,30.804136177308852,0.7322897644708795,0.7543090819920598,0.0,0.0,0.21555281327446543,8.33265144337761,0.08847951492617157,3.0269024562674502,0.46067138398035595,0.040805330994066136,0.26526408246270716,0.003484430715676212,24.578681665576735,0.5269313790445895,0.8058556012205335,0.02625220689175043,0.05287014610334403,0.587158203125,0.255126953125,0.095947265625,0.08544921875,6.254827478532891,5.467344363385807,0.1443047491734619,0.9870987568238526,0.05521406622590859,2.040886441523284
lens_00248,0.503086700104177,0.0013767558772438866,28.611430608796265,0.681334923717101,0.7551532311033432,0.0013767558772438866,28.611430608796265,0.681334923717101,0.7551532311033432,0.0,0.0,1.2686489616057477,11.477398966909366,0.09646402104334917,16.167246061534456,0.6539647695079879,0.09840350732204306,0.1737950176097135,0.012915284093630883,18.88896036340122,0.17708346633487687,0.5298989349515065,0.05697330906645817,0.09833273182236278,0.59423828125,0.1875,0.14453125,0.092529296875,8.030256406385064,5.171970352266125,0.16358155057951387,0.9644609054715638,0.05026849405537303,1.3203030972922614
lens_00249,0.3780455000232905,0.0010210887619931733,29.90936503585678,0.8382116541234621,0.865450557218871,0.001021088761993173,29.90936503585678,0.8382116541234621,0.8654505572188712,0.0,0.0,0.27963925128945055,4.989951400441669,0.01084567401493497,2.1207266320596005,0.21319963750646914,0.04593906684255489,0.074365295055141,0.0027928221227762834,25.53956724004243,0.6483427253894155,0.8797762194041364,0.026337407366080007,0.045816624668448,0.520751953125,0.1494140625,0.253662109375,0.098876953125,10.455260817851846,5.391098507315261,0.14395681645057296,1.0930819086778087,0.0837108033988671,1.5887632867359343
lens_00250,0.39133189991116524,0.0007755033363915493,31.10416329412823,0.8262056595048773,0.8527430310203592,0.0007755033363915493,31.10416329412823,0.8262056595048773,0.8527430310203592,0.0,0.0,0.7323936160496847,4.087143454288581,0.091556306262085,3.958183800153705,0.19471362170113593,0.04356031627989854,0.0403002247133768,0.002040384290071591,26.902880289761207,0.7158364698880789,0.8907230255838263,0.018454029828726154,0.04122903192111205,0.587890625,0.229248046875,0.113037109375,0.091796875,6.564639026892663,4.493829171054089,0.16409105260529042,0.9731031598953114,0.10247321201645995,1.8074791835688955
lens_00251,0.3845124999061227,0.0006566922443962034,31.82638112745179,0.9096201489430642,0.9302840066057351,0.0006566922443962034,31.82638112745179,0.9096201489430642,0.9302840066057351,0.0,0.0,0.24389173886324403,1.3389638380838154,0.04399979776495655,0.37286512203694144,0.09965675005642263,0.047483478109184074,0.015163168245705683,0.0012698006734865816,28.962644469171806,0.8261221326979015,0.9478072690787069,0.016032651885088352,0.03182380786483847,0.60107421875,0.259521484375,0.075927734375,0.083740234375,4.907063673474225,6.736365586051516,0.11893303379575425,1.2384463262536736,0.08910829622265912,1.691777677113853
lens_00252,0.36550770001485944,0.0009229209991561967,30.348354724290367,0.863949227495153,0.8828267333481968,0.0009229209991561966,30.348354724290367,0.8639492274951531,0.8828267333481968,0.0,0.0,0.6655927529505491,3.4077949522820994,0.023844768945426864,3.4818400970281687,0.13518410485508203,0.006561370261779054,0.04627589432184531,0.0005917011923675063,32.278975555529584,0.8451048656001691,0.9629271679294759,0.011409949547354716,0.02148288257414089,0.5546875,0.19580078125,0.1630859375,0.105712890625,7.83202275542618,5.374487924981393,0.17395479843315317,1.2084089019719348,0.0983391973046334,2.0582681652208876
lens_00253,0.40373719995841384,0.0010078437216852376,29.96606805263077,0.9610182036883099,0.9746530538936192,0.0010078437216852376,29.96606805263077,0.9610182036883099,0.9746530538936192,0.0,0.0,0.8188872257819623,0.4812235931440547,0.014228803882735175,12.289767511315063,0.0027765688070557804,0.02205443870853374,0.007927378197832957,0.0018219408520663172,27.394657261765083,0.7395224127806427,0.9097709908520307,0.01828922558701975,0.03856740955124442,0.599365234375,0.280029296875,0.06103515625,0.083740234375,3.4779308253801045,4.951434870091778,0.16189706667754805,1.2280447498134512,0.09861470956292658,1.2425706048130343
lens_00254,0.3641696999548003,0.0002688081091330766,35.70557634060819,0.7870988039069052,0.496581225861464,0.00026507553406492,35.76630354918499,0.789099686826033,0.5070053848589663,2.0,0.0,1.9506902205418462,11.44103863235469,0.07185288007821589,6.0645269603932945,0.44453438155734126,0.04259766553502331,0.36204437687560576,0.010714762963805668,19.700174321489726,0.19644119676246738,0.5677177029036414,0.05269649886896715,0.08909456757153385,0.539306640625,0.137451171875,0.24169921875,0.10546875,10.131553924755488,4.326886513007053,0.21909511219011985,0.983760329783107,0.05976811850539048,2.137894299603745
lens_00255,0.3895851999986917,0.0012952150006183545,28.87658134415236,0.742801388498452,0.7786208731986376,0.0012952150006183543,28.876581344152363,0.742801388498452,0.7786208731986374,0.0,0.0,1.3989561697589603,7.093098109578955,0.08296470065944728,4.335768281124331,0.2240635513880301,0.06662037542488408,0.259443712592369,0.007734115948588908,21.115893213430045,0.29052049575038214,0.6651328103598141,0.045535948291364065,0.07523691488754125,0.5712890625,0.277587890625,0.091796875,0.08447265625,5.520925308023629,5.249481225507631,0.23559268597823016,0.9818603529640759,0.07464587138682423,1.441465416811326
lens_00256,0.4299261999549344,0.0022230755330106327,26.530457811100817,0.7716681431247346,0.8252688514444693,0.0022230755330106327,26.530457811100817,0.7716681431247345,0.8252688514444694,0.0,0.0,0.5017035618830405,3.692213115624357,0.006102020582018586,4.076096366214543,0.1853779842986456,0.09662254687329164,0.21905740249327266,0.002910539537132226,25.360264968286007,0.6444212234000056,0.8690482395014634,0.025367531521831667,0.04761331622163177,0.549560546875,0.19189453125,0.183349609375,0.10302734375,8.216844470265425,4.913307587205934,0.20231800047365608,0.945241381243139,0.10511238985616102,1.4248394371157653
lens_00257,0.504349899943918,0.0010987240943661869,29.5911135155999,0.9489718955254542,0.9665168118413202,0.0010987240943661869,29.5911135155999,0.9489718955254544,0.9665168118413203,0.0,0.0,1.0068687146580195,1.0915341003312165,0.005066076557990962,2.1902449546860794,0.10134818878244456,0.08568445946802716,0.008986741316134972,0.0022072145141867946,26.56155456688662,0.7735778657779934,0.9135399760021797,0.018562502917111423,0.0431584058977973,0.596923828125,0.212158203125,0.113525390625,0.097900390625,5.92210050459288,4.9648114725203385,0.1727859404446122,0.9097499007764377,0.12573336745614622,1.1737516928335006
lens_00258,0.38638149993494153,0.002447537607976443,26.112706262618374,0.7748383811136065,0.8342460591631295,0.002447537607976443,26.112706262618374,0.7748383811136065,0.8342460591631295,0.0,0.0,1.3387534925342592,6.539727235499006,0.09436777144743069,16.349071690294153,0.3495941089283981,0.07248370367429047,0.2831838251963308,0.006490047879329702,21.877520992470906,0.3888980767252059,0.7261665277169341,0.0386583494023198,0.07067941638707737,0.5810546875,0.2138671875,0.129150390625,0.1015625,7.078587610557165,4.7285808204397535,0.20057073689813038,1.1580739492271435,0.07212420111257652,1.036701252374685
lens_00259,0.4342845000792295,0.0006997600230946718,31.550508721493568,0.7331045895940232,0.7120086064348131,0.0006950338968005532,31.5799401435312,0.7352012276164648,0.7143432198968226,0.0,1.0,1.032278766966865,7.668608721783495,0.09091956185927785,3.188301373343819,0.30865781339166504,0.022394076937174878,0.11576028676141326,0.004772967045123281,23.21211564202899,0.3744887234599158,0.7164098424108434,0.03254847654798907,0.060939016397774964,0.58447265625,0.18212890625,0.1591796875,0.099609375,9.542571078288713,5.09837647110429,0.18533411193726765,1.2306188036095358,0.0684289429308612,2.0440902190942545
lens_00260,0.37043490004725754,0.000869073367131419,30.609435588846402,0.6523944244730399,0.6153546462195153,0.0008409077201064775,30.752516603821608,0.6635978509987681,0.6315047084202398,2.0,2.0,3.3848121664053763,8.900156559019983,0.16091817769016203,6.607806884793348,0.38344041829969056,0.033288202934397715,0.6024700040239258,0.007629133000651008,21.17524813870478,0.26774712904202624,0.6243450172398889,0.04231134581851265,0.07641258414474177,0.566650390625,0.1728515625,0.181640625,0.1025390625,7.457993601184345,5.066428938207228,0.19614112473424114,1.0685641425639374,0.058922005660995785,1.8314001286561628
lens_00261,0.36656070000026375,0.0012250111079241568,29.118599732681876,0.7064869935346605,0.7416578131714707,0.001225011107924157,29.118599732681876,0.7064869935346606,0.7416578131714707,0.0,0.0,0.881544639245225,5.368136155854307,0.00016296869584353502,8.473180030430896,0.13382675596724725,0.059996236156284355,0.15737207485763438,0.003634133297123655,24.395991471590904,0.5902643084342429,0.8379032133001204,0.0298142504937607,0.0523950738583213,0.570068359375,0.173583984375,0.1728515625,0.10693359375,7.5286960418873115,4.791776108380318,0.19745742246958733,1.2409937567962586,0.09703570515761828,1.8591318753889379
lens_00262,0.3930894999066368,0.000789321134717436,31.027462684498296,0.8857826572208439,0.9084879782105797,0.0007893211347174359,31.027462684498296,0.8857826572208439,0.9084879782105795,0.0,0.0,0.5516612175445594,3.3372396126763135,0.023190711647001816,9.230314675075334,0.16356557306733363,0.030365057745392332,0.03556567637017105,0.002528519654229516,25.97133666239366,0.6773489850702488,0.8761152085674228,0.020752195727617998,0.0458024674740581,0.584716796875,0.235107421875,0.108154296875,0.08935546875,5.476460814503342,5.818025927389109,0.13843084295500602,1.190809582769037,0.07276358023738594,1.4973849232755705
lens_00263,0.3849948999704793,0.0009131651737074454,30.394506599885194,0.8451025760908335,0.8743925189643841,0.0009131651737074452,30.394506599885194,0.8451025760908335,0.874392518964384,0.0,0.0,0.3244502348321209,3.400610449305278,0.0026631412850099956,2.0497164571948048,0.15230069466300605,0.06483921542760318,0.0957805363392602,0.0018583738432399427,27.308669158942728,0.6880099001692835,0.8962273419158405,0.020186656633500194,0.03809032340636012,0.5654296875,0.205322265625,0.154541015625,0.097900390625,8.81946841569076,4.4765903764264765,0.19021082599809055,1.0083140819317413,0.12397747531939461,1.9738195792621753
lens_00264,0.39569179993122816,0.0016269485706174953,27.886261753053347,0.7106493454962225,0.7477298427289532,0.0016269485706174953,27.886261753053347,0.7106493454962225,0.7477298427289532,0.0,0.0,1.2651141269786088,5.71899110601084,0.037299633931419884,3.970403106212757,0.1680908062859795,0.07172002759188989,0.25156157696987513,0.006117954287190398,22.133937723489097,0.35764864868737284,0.7087396845525535,0.04014230967047074,0.06713083688969197,0.532470703125,0.159912109375,0.228271484375,0.10205078125,10.468794019802036,5.748608584044422,0.20694345279928875,1.122452806182543,0.08516174762808204,1.8038355333876535
lens_00265,0.38676859997212887,0.0009573806189452199,30.18915368550687,0.8222960640427304,0.8519205497764035,0.0009573806189452199,30.18915368550687,0.8222960640427304,0.8519205497764035,0.0,0.0,0.9823712240879294,6.23454062160974,0.08937149272633171,4.019923789598323,0.2900866060971005,0.013323069668114584,0.12813080780121278,0.002920796847751648,25.34498648767177,0.5326539793167466,0.8267640009638763,0.02505188553572739,0.04788736658928388,0.593505859375,0.243408203125,0.09423828125,0.0888671875,5.187588078596249,4.414904954290714,0.20551093048777688,0.9746001138274767,0.07179234775359922,1.4940848171838266
lens_00266,0.3532083999598399,0.0009800711864997257,30.08742378612386,0.6551078123947459,0.6810448257854154,0.0009455837386328291,30.243000050359537,0.6634632911973647,0.6947585687424569,-1.0,1.0,1.361250458836536,11.267896656045231,0.26449083091447345,12.917919340095452,0.6929479571830509,0.12247573517105381,0.2839975561842065,0.014294621151080242,18.44827350216842,0.12856921451282538,0.46695102422556706,0.06045976108365651,0.10314668409981688,0.498046875,0.12451171875,0.30322265625,0.09619140625,11.710065023629298,5.279660556387441,0.22073393965269159,1.1174715952178371,0.05197312997559293,1.4160090078444418
lens_00267,0.4780403000768274,0.0007072530861563466,31.504251487875536,0.8104610826291087,0.825301727307653,0.0007072530861563467,31.504251487875536,0.8104610826291085,0.8253017273076528,0.0,0.0,0.7737089162701537,6.378135985264978,0.09288545546510818,5.036081330930301,0.3232294110884702,0.005733614365031614,0.31103468081455343,0.0018711875538576575,27.27882679884729,0.6225463620470525,0.8863263419128858,0.02030970935375096,0.03819297395888173,0.55029296875,0.19970703125,0.17236328125,0.10107421875,9.415900133417681,5.462948207792511,0.18830365915463548,1.0565891790704371,0.06342829157045514,1.6139154232077053
lens_00268,0.36272179998923093,0.0013443678026585004,28.714818973444753,0.932937531904864,0.9516573423372608,0.0013443678026585004,28.714818973444753,0.932937531904864,0.9516573423372607,0.0,0.0,0.5020716897679356,0.8536683302706027,0.05204489008113433,0.8794039409373937,0.11604315339787427,0.11506468883292065,0.0757328302627921,0.00196854739715824,27.0585412414199,0.7359639212433473,0.9197067648908615,0.02246689175925947,0.03825945859308465,0.52734375,0.12890625,0.26611328125,0.1025390625,9.942096589321178,4.808116059651289,0.19050402654985404,1.1556018537454735,0.12231134291561113,1.1274492706710157
lens_00269,0.39774849999230355,0.0014873730015979468,28.275801059757693,0.8976491367222664,0.9229747541741452,0.0014873730015979468,28.275801059757693,0.8976491367222664,0.9229747541741452,0.0,0.0,0.4806061017363321,3.697376822381921,0.1271534198463795,3.6033973902588343,0.15590687917558654,0.06159588702296481,0.0652226436040958,0.005256609102639422,22.792943172327895,0.44121860717193484,0.7616542023331172,0.03452235679750431,0.06375590940285637,0.59765625,0.2705078125,0.06982421875,0.08056640625,3.8677367636982094,4.967066103454089,0.17650599090331057,1.007211816755789,0.07638633004263595,1.092789468193017
lens_00270,0.3923912999453023,0.0011588060783317184,29.359892354401424,0.8292370159982511,0.8773199823400325,0.0011588060783317184,29.359892354401424,0.8292370159982512,0.8773199823400325,0.0,0.0,0.7591587959474254,6.8826892539609235,0.08205188212905701,4.78081791165107,0.3863154527373583,0.04298083230947647,0.1837292564609938,0.0053100714471260545,22.748996354375812,0.42522799977607273,0.7510378291440525,0.0330121407176088,0.06496360529070759,0.584228515625,0.24951171875,0.0947265625,0.090087890625,5.499318338112785,5.418062987068932,0.17597491103218876,1.177576158943905,0.058372708500843785,1.2506838125935777
lens_00271,0.3650210000341758,0.0011296475955139245,29.47057017749779,0.7827844959732017,0.8263802133245173,0.0010912808378757668,29.620634706356988,0.7882131985021563,0.8328708965081707,-1.0,0.0,0.7408419113662957,8.010202038213613,0.036915290266040124,4.95100019527041,0.39992094683996554,0.08546371321473611,0.07519249184798127,0.007867251094701294,21.041769884729234,0.26815295795513794,0.613312430063046,0.04167580753639036,0.07829673148280868,0.542724609375,0.171630859375,0.2060546875,0.103759765625,8.51501224678509,5.322987538066293,0.17231803451658717,1.1117373183492272,0.06467202553211457,1.575578227657263
lens_00272,0.3816503999987617,0.0019565390497671194,27.085114797698747,0.866773614575121,0.9042754656275938,0.0019565390497671194,27.085114797698747,0.866773614575121,0.9042754656275939,0.0,0.0,0.78653817211338,2.835148220874464,0.024570748106468754,0.4305138037867664,0.17906754738360314,0.09140685736894816,0.00827014293565298,0.00243458334465372,26.13575353381945,0.6742911273190043,0.8936685273269458,0.02465527096770082,0.04273992229944937,0.591552734375,0.229248046875,0.106689453125,0.09130859375,5.371496656547201,4.192227769104278,0.19097461336838759,0.865411689452466,0.10587250292243942,1.190735687463007
lens_00273,0.4316492999205366,0.0007068317926250964,31.50683924571161,0.6527139063620725,0.6579405013434891,0.0007068317926250964,31.50683924571161,0.6527139063620725,0.6579405013434891,0.0,0.0,1.059695057884513,13.047638099995565,0.21225203783142343,4.27306734854119,0.8439011639062992,0.1377888743003598,0.19817554189494357,0.015097487412561804,18.210953238098742,0.11492348225389028,0.4411804351184324,0.06121917249119435,0.10653497234267814,0.619384765625,0.207275390625,0.109375,0.08740234375,7.045768945566663,3.6564257004649465,0.2379841902662648,0.903355201936288,0.05326814544050489,1.2234798934578124
lens_00274,0.373393899993971,0.0010163510856709464,29.929562445803228,0.8409020201577893,0.8685393408055777,0.0010163510856709462,29.929562445803228,0.8409020201577894,0.8685393408055777,0.0,0.0,1.247541746355943,3.142839712499665,0.07877505325277412,0.7488586375008879,0.19662845236355192,0.05910357327999405,0.24273189338296985,0.001258793484655152,29.00045513602508,0.750978198641053,0.9272889910561318,0.017270535377336322,0.030992290854909815,0.503662109375,0.134033203125,0.28662109375,0.09716796875,10.48545548327608,4.832061953619848,0.1871643522745425,1.2164961079942154,0.10408472370392792,1.6657957260783043
lens_00275,0.3558961999369785,0.0005747810483745753,32.40497559817618,0.7285322553399132,0.6722348159626879,0.000572520793635964,32.42208735368226,0.7293841421978796,0.6738360216129304,0.0,1.0,1.738570015328694,9.030526031986964,0.10800126464126203,13.819331016119662,0.4039526525770421,0.03593033853283534,0.3694536386459619,0.005312402202540995,22.74709051913441,0.39158406120248784,0.7331954836779087,0.035857413094272324,0.0634558754468623,0.530517578125,0.11669921875,0.27783203125,0.097412109375,10.35584504899828,4.6311466121756855,0.19238171537320026,0.8655051573328228,0.06537637262461432,1.8980695791460067
lens_00276,0.4083021000260487,0.0021470916835780508,26.681494102345088,0.8560428533099892,0.8950243363156345,0.0021470916835780508,26.681494102345088,0.8560428533099893,0.8950243363156345,0.0,0.0,0.9169588625678168,4.136369595767377,0.07922670769410223,1.4259618283870878,0.18959168824702313,0.09130122252338424,0.03406727950038879,0.006877019752704178,21.625997282422283,0.45336990219937257,0.7681901758495169,0.042279885434829946,0.07134024838982433,0.611083984375,0.23681640625,0.088134765625,0.083251953125,4.8544860756843855,5.046830934773412,0.1703208508775085,0.9116569288857223,0.08521397159977534,1.0196047364297545
lens_00277,0.38532450003549457,0.0013110861811963586,28.823687600354123,0.9316635991209307,0.9533199687990244,0.0013110861811963584,28.823687600354123,0.9316635991209306,0.9533199687990245,0.0,0.0,0.47664920153450624,0.594885726021829,0.007468963880253976,1.0012736231850994,0.08765430293746317,0.09739844157917776,0.10554347500000882,0.0015593139848104438,28.070664260935935,0.7927268900143696,0.937599500100587,0.01984142475944485,0.03414135100322969,0.516845703125,0.169921875,0.231689453125,0.104736328125,9.636158291825575,5.845893906712958,0.1625747012441401,1.188396342260962,0.127188829956138,1.2270649414507253
lens_00278,0.41351440001744777,0.0005370847760130773,32.699571577850264,0.844042088947804,0.8549320133582191,0.0005370847760130774,32.69957157785026,0.8440420889478037,0.8549320133582191,0.0,0.0,0.41726204554627494,4.467850746365222,0.021911782752406017,0.5269346260981536,0.24921726236312236,0.03687314560043198,0.20542519295604966,0.0013266544174517238,28.772421925387004,0.7684747104584281,0.9187185668736464,0.014426015521335572,0.0334446482061018,0.52001953125,0.135986328125,0.261474609375,0.104248046875,11.431789050328502,5.346494049994792,0.19187457032175356,0.9547660779526639,0.10698495672547541,1.7862856343885665
lens_00279,0.38087820005603135,0.0005941728428814684,32.2608720183604,0.8597703431844784,0.8740467256258199,0.0005941728428814683,32.2608720183604,0.8597703431844785,0.8740467256258198,0.0,0.0,0.7834067611743636,4.352875973683014,0.031015433004150772,2.4225468611107033,0.20440792224245355,0.04774576785416884,0.08385730473610709,0.0015812210317792807,28.01007417751189,0.7353432909131089,0.9152286669497537,0.018315956821243477,0.035295137873390225,0.512451171875,0.127685546875,0.279052734375,0.10595703125,12.301357635225509,4.753001833924987,0.17958852180675938,1.0882576709909508,0.12014687058821945,1.9200903110514256
lens_00280,0.36952120007481426,0.0012733908587985185,28.950382721002676,0.8543170644994345,0.8940949117525872,0.0012733908587985183,28.950382721002683,0.8543170644994342,0.894094911752587,0.0,0.0,0.5523216867376761,1.317464557029366,0.01789156913353529,0.36337650970347113,0.13298353245313865,0.12267030923691269,0.0941387539324845,0.004076709691472434,23.89690214199208,0.644506049855053,0.852836123868657,0.028375007503893664,0.057197627928318964,0.521728515625,0.163818359375,0.2353515625,0.099609375,9.525148577695825,5.845508646228165,0.15709416109773747,1.167525867700089,0.1245095346622837,1.5417000513467953
lens_00281,0.370938100037165,0.0017791454919310833,27.497885354690894,0.7017933395075187,0.7608625726586544,0.0017791454919310833,27.497885354690894,0.7017933395075187,0.7608625726586544,0.0,0.0,1.0929660914800146,5.025596683370292,0.018231353726518074,7.6705326342622016,0.17791527342670957,0.06881910885932097,0.29414167020493687,0.004956962857984798,23.047843352067474,0.46319152993995494,0.7663662343555433,0.03286564070643282,0.062264054790388206,0.587890625,0.2744140625,0.079345703125,0.0810546875,4.719976378717918,4.573139909972755,0.21354000196717735,1.1051844320818467,0.09118725346029131,1.8194563760584759
lens_00282,0.39153279992751777,0.0006885043704820014,31.620932985876063,0.7136265558703471,0.7091103763276337,0.0006885043704820014,31.620932985876063,0.7136265558703471,0.7091103763276339,0.0,0.0,1.0804251247750696,11.36683976583912,0.16618942178747154,1.5267527381835748,0.5670174787315786,0.04362283428501457,0.22463842706824355,0.004578697243817271,23.3925807228067,0.3503127324587308,0.7215111146608757,0.03234007129186715,0.0594375052694359,0.5927734375,0.24853515625,0.095703125,0.0830078125,6.204305554435411,4.238788144948361,0.20986477761447178,0.8667492863430237,0.0542793672556055,2.185170679992301
lens_00283,0.37317979999352247,0.0005663712604294423,32.46898792312594,0.8313629376050663,0.8349944811969906,0.0005561547287697755,32.54804365787685,0.8341629300654047,0.838258659404766,-1.0,0.0,0.3408229392886558,5.7682146184878835,0.044532369903243385,1.346790731014579,0.2819243089281528,0.030013286242225545,0.14786089038107308,0.0013144592587118742,28.812528701820547,0.6891899596623711,0.9067053986304355,0.01617758822644657,0.03244603054130677,0.52197265625,0.170166015625,0.2275390625,0.103271484375,11.001830818231685,5.044489102001711,0.18474409983919862,1.1776180968106797,0.0752416485158166,1.8800667927697061
lens_00284,0.37414229998830706,0.0008712358638896512,30.59864255418497,0.870800887823134,0.8962965670493407,0.0008712358638896509,30.59864255418497,0.8708008878231339,0.8962965670493406,0.0,0.0,0.9602415143104549,3.921398546063781,0.05740420062245788,5.833275620686962,0.1983087138120953,0.05566248085989878,0.10742036883231915,0.0015044186251869682,28.22631298510837,0.721310966072253,0.9141694592700154,0.01836226375572498,0.03416498053493017,0.53076171875,0.1767578125,0.213623046875,0.09912109375,8.07585550699301,4.912149533888595,0.1839008568927001,0.9678467277349141,0.10680566392135163,1.6925642045189746
lens_00285,0.3848950000246987,0.0012919640657399994,28.88749565495624,0.887922581420999,0.92075288052338,0.0012919640657399996,28.88749565495624,0.8879225814209991,0.9207528805233801,0.0,0.0,0.3642979045574769,1.5720729234283173,0.011176995725729832,2.5271682540077904,0.14869700232701186,0.09112049135492861,0.0962546803888703,0.0017750546425108532,27.507882732704783,0.7985721040652375,0.9273901663300328,0.01750842831301569,0.03832113751598253,0.5849609375,0.215576171875,0.123779296875,0.0966796875,6.957640965921912,4.7043911414041455,0.15904366258857427,1.0039499753267094,0.1113096130747494,1.3972116721116377
lens_00286,0.3671182000543922,0.0026008591215490534,25.84883171214681,0.8393153140575289,0.8890834827792892,0.002600859121549053,25.84883171214681,0.8393153140575292,0.8890834827792893,0.0,0.0,0.5977482680933747,3.500756380494419,0.08748694071977581,6.374462296630185,0.23904263500483997,0.10733743512626559,0.22782104778251366,0.004636949934103576,23.33767593226458,0.5296876258244393,0.793093607013849,0.030272711436786892,0.06099600705266377,0.587158203125,0.214111328125,0.127197265625,0.092041015625,7.19884169919852,4.838148318907455,0.20076226879003894,0.9125848935168724,0.09672795300033007,1.045837854191355
lens_00287,0.3888032999821007,0.0016992104360133253,27.697528332910203,0.8635748074807658,0.89754219520112,0.0016992104360133253,27.697528332910203,0.8635748074807655,0.8975421952011199,0.0,0.0,0.4308787018795272,3.0929624380695717,0.11963197458277064,1.0852652377867713,0.19210940765711346,0.08330676503070245,0.14229207053247694,0.0034888627065161977,24.573161205420284,0.577994963291447,0.8400725702224613,0.027612691132418758,0.05221495949382552,0.54931640625,0.12890625,0.246826171875,0.1015625,9.794850665980626,5.322388369648066,0.18669662852021673,1.1610703331446377,0.10213817885111842,1.2589424168093664
lens_00288,0.40375389996916056,0.0015621075950590984,28.06289056034171,0.9205994466814247,0.9479546175081807,0.001562107595059098,28.06289056034171,0.920599446681425,0.9479546175081807,0.0,0.0,0.29878786942458296,0.9091847593573839,0.00600391977060577,0.1988760960177558,0.14642930024401218,0.12356670243838308,0.11868825383251141,0.0014122962765320988,28.500741858865474,0.8313491103996401,0.952016664447376,0.019516491371770403,0.032115461090691355,0.530517578125,0.194091796875,0.1982421875,0.096923828125,9.749299648820202,6.311532800644969,0.12484725507712877,1.214869571130304,0.10952131196248135,1.1132929476208222
lens_00289,0.4275242999428883,0.001277426229171728,28.936641707930338,0.7496809254330795,0.7886604195745178,0.001277426229171728,28.936641707930338,0.7496809254330792,0.7886604195745179,0.0,0.0,0.5296115794264709,6.251260017992591,0.05737928417966287,7.612738557132758,0.24546899954103704,0.034864900062343884,0.2496209880537279,0.0046022837853434626,23.370266054394676,0.4769972470612215,0.768058089534775,0.02981670132309086,0.060936426770471654,0.602783203125,0.22412109375,0.107666015625,0.088623046875,6.226150256438578,6.431366995682835,0.16446612597693636,1.2104187809134528,0.07463199686331058,2.0682451354717726
lens_00290,0.3844895000802353,0.0012362980230696205,29.0787682522363,0.7362893913444656,0.7658802340068297,0.0012362980230696205,29.0787682522363,0.7362893913444656,0.7658802340068297,0.0,0.0,0.7559688977503825,6.281600154241974,0.04652404986485836,2.3693665616003727,0.26635351024260623,0.03359867620259982,0.25718827697125635,0.002539069048158641,25.953254886392596,0.582322244161681,0.8529677409731276,0.024756104023138072,0.043888544766877466,0.562744140625,0.202392578125,0.16162109375,0.09130859375,7.393432649198989,5.589787973588082,0.16562792851247143,1.1621769448196686,0.06677116453655393,1.890126146305414
lens_00291,0.39517300005536526,0.0005768071661695789,32.38969352642699,0.8054470351671591,0.8206871197767965,0.0005768071661695789,32.38969352642699,0.8054470351671591,0.8206871197767965,0.0,0.0,0.4584935654231756,8.029984173569622,0.13701223272260732,5.765287521299285,0.3844737140986576,0.00608461699735896,0.33387393140650323,0.0026259558099330613,25.80712586572398,0.6681259773678145,0.8781795482142052,0.02195203667977031,0.046304037572797906,0.64306640625,0.233642578125,0.056396484375,0.084716796875,3.420324294282821,5.650964572133122,0.13847414240327446,0.9692760240717735,0.05621713940433767,2.19116695913103
lens_00292,0.38739379995968193,0.0004327958144778503,33.637169478967806,0.760196484787636,0.7538644508629422,0.00043279581447785043,33.637169478967806,0.7601964847876357,0.7538644508629422,0.0,0.0,1.7995338510013643,11.097889721067808,0.14265020492737157,5.203948245559417,0.707042345408485,0.09087449695625938,0.1992461022509706,0.008336092252027163,20.790374878635703,0.2411768198487161,0.5972897513983456,0.043110723911692655,0.08048327612514897,0.528076171875,0.1328125,0.261474609375,0.10302734375,11.562825032412007,4.046148325864417,0.19813314069611937,1.1120701340779986,0.05894374501874006,2.090906091729291
lens_00293,0.38597129995469004,0.0006599530030313723,31.804869905958093,0.8843984964149417,0.9025397193371074,0.0006599530030313723,31.804869905958093,0.8843984964149417,0.9025397193371074,0.0,0.0,1.0944974782152574,3.5368651784604257,0.04571071275020355,2.8772973324385305,0.1379364789073755,0.02828988176108216,0.03233453528470731,0.0021314535085200995,26.713241357887835,0.677262978503414,0.8942947680873611,0.021746120368409245,0.04072541905791463,0.589599609375,0.2392578125,0.10791015625,0.085205078125,6.56968974896513,6.003648600865845,0.13342463160358656,1.2095597323529934,0.08420707603495786,1.8106149467182444
lens_00294,0.3791555999778211,0.0004912940878214192,33.086584620853756,0.8085946848308143,0.7997774447922945,0.0004912940878214193,33.08658462085375,0.8085946848308145,0.7997774447922946,0.0,0.0,1.2041163329117701,7.918069816719701,0.1308925369484809,2.974255860556724,0.3473339927672961,0.012997426379024457,0.2304566435468699,0.0018424930960384191,27.345941308002732,0.6105623393861216,0.869559664383974,0.019122879273668857,0.038429267288397594,0.5498046875,0.16162109375,0.20654296875,0.102783203125,9.608862592125329,4.992841342497831,0.17545608482677477,0.9671871176075157,0.07839851503592346,2.186544428586415
lens_00295,0.37682270002551377,0.001312711126179812,28.818308337802485,0.6673982344083668,0.7265096091009102,0.001240656548283412,29.063484278722,0.6810106351376026,0.7441332752796598,-1.0,1.0,2.309128690206051,10.686049935304043,0.3014666349267541,1.60273876627096,0.6342265696050094,0.11018806307222717,0.17442115724239526,0.010112812140690423,19.951280602981086,0.16887162132115482,0.523041994810981,0.04858374903234766,0.08804789305061354,0.577392578125,0.2099609375,0.14111328125,0.096923828125,8.021778447231569,4.964595075184741,0.19777071267507887,1.0546685449286446,0.051613530358218376,1.4679826487567498
lens_00296,0.39859290001913905,0.0010609951234435738,29.74286612202725,0.8618935074334446,0.8891071900898898,0.0010609951234435736,29.74286612202725,0.8618935074334445,0.8891071900898898,0.0,0.0,0.6085740481556768,1.742271198594656,0.029146818172802957,0.8769398457912416,0.12945694801383092,0.06394027417359993,0.1938367664294688,0.0007513399698570128,31.241635069054702,0.8533831492389492,0.9616613159901549,0.013485471438613216,0.023863822617832205,0.505126953125,0.133544921875,0.289794921875,0.091552734375,11.718945558332038,5.574486489206818,0.1607712691493885,1.189831062821999,0.11762975059600465,1.845402582098286
lens_00297,0.39839610003400594,0.00153585381429003,28.136501193751574,0.7059830375919357,0.7493945275914068,0.0015358538142900297,28.136501193751574,0.7059830375919356,0.7493945275914068,0.0,0.0,1.1481291239447902,7.358263307631203,0.049719456922282745,6.717048927288772,0.2809933852314843,0.07988792882848283,0.23117069266904489,0.010037249304347537,19.983852887467034,0.2591325088666693,0.6168231723100486,0.049810058526785966,0.08692644806907557,0.583251953125,0.249755859375,0.104736328125,0.080810546875,5.9739541046267925,4.289219689986602,0.2180240514976758,0.8911708045493877,0.07473259135822473,1.3986965602600558
lens_00298,0.38230810000095516,0.0007276731721058635,31.38063636376007,0.8610908499729173,0.8813015201486266,0.0007276731721058635,31.38063636376007,0.8610908499729175,0.8813015201486266,0.0,0.0,0.8081518677956618,3.966475813949339,0.028090007507390435,0.7217881535739252,0.2063293570110285,0.05303525096607209,0.20508864320644604,0.0009276558602978115,30.326131075020754,0.8045731456361371,0.9459531600178724,0.014099725141390448,0.02699728896083926,0.519287109375,0.133056640625,0.273193359375,0.099365234375,11.364353489109819,4.674793519748269,0.21028880545071155,1.0274871888023582,0.11926874581386927,1.8033000129179304
lens_00299,0.3735833000391722,0.000833632073656406,30.790255844188025,0.8601151346631187,0.889884839921288,0.000833632073656406,30.790255844188025,0.8601151346631188,0.8898848399212881,0.0,0.0,0.9119788548931724,3.2515337867520735,0.06726884516049336,3.817298203846889,0.1327936435018423,0.05290176181359885,0.12356342275867216,0.0016084576994061532,27.93590356058905,0.7060696497949276,0.9044526291598349,0.01776991155136994,0.035953969778908176,0.60400390625,0.283447265625,0.04736328125,0.08740234375,2.907296524099425,4.743878545701327,0.2008809120132374,0.9399954983922314,0.11374784145705447,2.004232128483582
lens_00300,0.3928015000419691,0.0010240739934066687,29.896686627281106,0.7648031164001283,0.7957113585164755,0.0010240739934066687,29.896686627281106,0.7648031164001282,0.7957113585164755,0.0,0.0,0.5153046731785971,8.62899549701239,0.0935304038232263,12.791888259792842,0.38976257327347147,0.01382319826186007,0.1725733406504213,0.003725228129719667,24.288471262862387,0.47422731187943934,0.7876801654776239,0.027323584177130596,0.05457700868896101,0.552001953125,0.209716796875,0.16552734375,0.09130859375,7.358305433285232,5.575752627135515,0.1680055193631272,1.1024080352148915,0.05184954244217847,1.868543377303031
lens_00301,0.4077005999861285,0.0021956294604709072,26.584409505839407,0.9262853215178575,0.9515637873077615,0.0021956294604709072,26.584409505839407,0.9262853215178571,0.9515637873077614,0.0,0.0,0.5963752542047485,1.227263567559696,0.023654698330293433,16.73173376276432,0.001516168897261937,0.05159609756006489,0.013072372995623582,0.00557624851891989,22.53657879101146,0.48358166300976807,0.7829862472331467,0.03674565370307266,0.06500773379263233,0.6298828125,0.219482421875,0.082275390625,0.09423828125,4.653949472717066,5.438953981165654,0.16978487771912215,1.224894877194321,0.09473384382814368,1.0729237921968344
lens_00302,0.3869853999931365,0.002815773298867419,25.504023136684832,0.7618283913091621,0.8216234768518864,0.0028157732988674184,25.504023136684832,0.7618283913091622,0.8216234768518862,0.0,0.0,2.0252622853239535,5.662301105664447,0.006191134154528544,23.23362666970681,0.12880436107333804,0.068407706831076,0.19356199918617933,0.00964551583542355,20.15674541634656,0.2800920103959531,0.6383135396764946,0.04992362516756889,0.08457628205088961,0.59912109375,0.2978515625,0.0517578125,0.074951171875,3.0704659460615664,4.792583636857424,0.2025917929384987,0.9964104518997886,0.0761062888672066,1.3190355737870774
lens_00303,0.37946830003056675,0.0008830454110555692,30.540169620354085,0.9235485226004518,0.9440629047298219,0.0008830454110555692,30.540169620354085,0.9235485226004522,0.9440629047298216,0.0,0.0,0.5763917868498515,1.3755092506947442,0.053058532838912376,3.432381183428191,0.08658254464174304,0.04756698391645875,0.033994765400194416,0.0016041122182745547,27.947652532135304,0.7650850944834486,0.9223708368587858,0.016889116691699985,0.03631624919576216,0.5986328125,0.283447265625,0.056884765625,0.0830078125,3.3298023298251693,6.2611062798972466,0.13954070858782916,1.1924970334446174,0.08216697792126601,1.4261271325663194
lens_00304,0.38083309994544834,0.001096337856304492,29.600555895398074,0.9486634919169687,0.9630623658989277,0.001096337856304492,29.600555895398074,0.9486634919169691,0.9630623658989277,0.0,0.0,0.8466504988086626,1.200491709300751,0.00023922166338430362,24.05524427776558,0.04396129245193511,0.046120921273653304,0.004950633031563623,0.0019461634958449377,27.108206777569617,0.7094869095530139,0.909116318999082,0.020446357911418883,0.039091046852228147,0.601806640625,0.24853515625,0.081298828125,0.09228515625,4.568663489238301,4.5345833891277305,0.19825328860944932,1.0679143851911488,0.09917774175475069,1.1546572176241434
lens_00305,0.3751022999640554,0.0012687208327863922,28.966339288258855,0.7438606616883064,0.7957293103309814,0.0012687208327863922,28.966339288258855,0.7438606616883066,0.7957293103309814,0.0,0.0,0.5493089274953171,3.322244135454877,0.020948390859701127,0.15003398017398695,0.12041975184038169,0.07808096600934744,0.20516610765155507,0.0018588358064476837,27.30758970369589,0.7526477768994401,0.9120578659366988,0.019884865113205766,0.03825477677202281,0.555419921875,0.192626953125,0.176025390625,0.10107421875,7.393760085228595,5.993594702135817,0.1619517617709493,1.2480081085438348,0.11431469666544566,2.1486231512492373
lens_00306,0.4030549000017345,0.0005891998240892661,32.297373914917834,0.8912364347334915,0.9025669610677532,0.0005891998240892661,32.297373914917834,0.8912364347334915,0.9025669610677532,0.0,0.0,0.19882929464270407,3.7453320490500985,0.0407904085828642,5.671699575241277,0.11711308792611554,0.035203604536669486,0.04121511687549584,0.0010851229094032673,29.645210674813992,0.7825795044723701,0.9392854484746064,0.015401372758702665,0.029119076677510895,0.56396484375,0.17626953125,0.1826171875,0.097412109375,10.223111698284253,4.847711897332812,0.1606002374512725,0.9711790604137368,0.11476953368046905,2.0308804237362104
lens_00307,0.3827241000253707,0.0010718915572508684,29.698491497830005,0.7087756991170927,0.7255657616057883,0.0010718915572508684,29.698491497830005,0.7087756991170927,0.7255657616057883,0.0,0.0,1.3820483783832995,7.64110575400409,0.01086031663732745,3.44812103283914,0.25297551043044336,0.036206712543388586,0.28788221705731887,0.005711382720726884,22.43258736713065,0.41190139511199675,0.7447481416358641,0.03724937558723361,0.06575611560218629,0.595947265625,0.23046875,0.110107421875,0.089599609375,6.656052574178519,4.659251306493032,0.19859227574979837,1.1063320232777853,0.07049323414482184,1.628587417035019
lens_00308,0.37653520004823804,0.0008895748600608248,30.50817499020937,0.803668503473655,0.8235720023320868,0.0008895748600608248,30.50817499020937,0.803668503473655,0.8235720023320866,0.0,0.0,0.5443330190714515,5.003052243533393,0.04806332599182783,3.299259440401954,0.16663470777541625,0.024125553490419227,0.18301546935547042,0.0029284670555734366,25.333596572986963,0.5863920254426045,0.846172666719962,0.02609750627391788,0.047406615802609804,0.549072265625,0.20068359375,0.169677734375,0.100830078125,7.839047892987412,5.453161742097793,0.16867084687299322,1.0859129286625224,0.08813459110841917,1.8455509448063732
lens_00309,0.5345488999737427,0.0021869820198358006,26.60154787478227,0.8848705361261174,0.9249945011751836,0.002186982019835801,26.60154787478227,0.8848705361261178,0.9249945011751834,0.0,0.0,0.25715624873691023,1.243712532340286,0.026089908440593557,0.6425643216846311,0.08278047690539124,0.07085441445166729,0.03638509948236712,0.0017313676806434168,27.616106936971097,0.7413819483420588,0.9221252104795972,0.02171152073218925,0.03549616244242655,0.599853515625,0.253662109375,0.08642578125,0.078857421875,5.209730076459298,5.459492759927213,0.15555967872783616,1.1999907825612188,0.1047270145800786,1.369033737883905
lens_00310,0.42508989991620183,0.0015029688032633481,28.230500338583298,0.8419488252354103,0.8907880568061575,0.0015029688032633481,28.230500338583298,0.8419488252354103,0.8907880568061575,0.0,0.0,0.7225711315302898,2.7748436505884246,0.1348367777280539,5.110658602181729,0.22936075802835582,0.11699699924651363,0.14272371370672554,0.004194242701394077,23.77346442533879,0.6064393991425073,0.8309614613184787,0.02701993860714198,0.05885716285262445,0.58984375,0.216064453125,0.121826171875,0.09716796875,7.763402579251076,4.469573921857119,0.20438856903049352,0.882323336393954,0.1293510495167285,1.3963812778808193
lens_00311,0.40506520005874336,0.00113581898931518,29.44690874791617,0.9652060315160991,0.9812175172661973,0.0011358189893151802,29.44690874791617,0.9652060315160991,0.9812175172661973,0.0,0.0,0.4699429944832259,0.6889990106810302,0.007032135806580575,1.6635981856559283,0.0044992637560933154,0.0331232941808306,0.014313734335608674,0.0023100910725589617,26.363708982333325,0.7281051419646292,0.9077304665300897,0.02220331760502034,0.042627500042690225,0.594482421875,0.288330078125,0.05419921875,0.085205078125,3.228441493145972,5.61894290796254,0.17645941203551138,1.2149583461276665,0.12909199501719304,1.1836638198125362
lens_00312,0.4072850999655202,0.0015818170608903003,28.00843744630949,0.9032068731323034,0.9293518110476201,0.0015818170608903003,28.00843744630949,0.9032068731323033,0.9293518110476203,0.0,0.0,0.9920215440972748,3.1988810848309495,0.04726020521419083,4.411519780605474,0.18691830273788826,0.0497258026129902,0.21690575707698634,0.002940561631146736,25.315697138009867,0.5945242914378079,0.8547438538775982,0.0245037551091807,0.048374865547059005,0.588623046875,0.218017578125,0.1181640625,0.09765625,6.001980387425917,4.080735378408692,0.21735092613921486,1.0210424015490667,0.0885690336522251,1.0430185525059723
lens_00313,0.378450799966231,0.0015620312877399774,28.06310271382703,0.785089040642679,0.8272683886311926,0.0015620312877399776,28.06310271382703,0.785089040642679,0.8272683886311925,0.0,0.0,0.5977306448271377,3.8806669960569202,0.03792750210732354,1.3339542604019812,0.1937487833119308,0.0959193822458031,0.22131766954535614,0.0035642019334517854,24.480376985466528,0.639669156684869,0.86884801313506,0.02982651718993018,0.05171634950158978,0.521240234375,0.1376953125,0.26123046875,0.10205078125,10.952504342716807,5.11255641472912,0.18948707227561917,1.1076332709536456,0.11914053419778496,1.6758827527747022
lens_00314,0.3912050999933854,0.0007020426253715312,31.536365183521813,0.8077221671139972,0.8196492377925597,0.0007020426253715312,31.536365183521813,0.8077221671139972,0.8196492377925597,0.0,0.0,0.2904313275684767,5.610553400928335,0.026922855839610738,1.386577809127317,0.231433158240087,0.015772453755390825,0.1822474388758064,0.0019981318800080233,26.993758510101355,0.6598277659738773,0.8878066939189665,0.02103246403009712,0.039443216613642126,0.59619140625,0.183349609375,0.1455078125,0.098388671875,7.873563672529006,5.357810735155156,0.15474122840900056,0.9761807068824091,0.08744192329959363,1.995073129130625
lens_00315,0.42281930008903146,0.0009205533718338086,30.35951026909059,0.8413854702095656,0.876470746776928,0.0009205533718338086,30.35951026909059,0.8413854702095656,0.876470746776928,0.0,0.0,0.8782431296926008,7.381943583422504,0.19402671803478666,36.495501242652935,0.3398169863061256,0.019615338290633333,0.21179459324229954,0.0036432566144599756,24.38510237948595,0.463045699041241,0.792775470660823,0.027383593774391618,0.05379029100552512,0.58837890625,0.259765625,0.087158203125,0.0849609375,5.40328436167234,4.990643557086043,0.19007697585044023,1.1953647520496957,0.059797769661688274,1.4278073457114924
lens_00316,0.4016583999618888,0.0017061150718853484,27.67991680437275,0.7117436054851614,0.7662288546182975,0.0017061150718853482,27.67991680437275,0.7117436054851611,0.7662288546182974,0.0,0.0,0.5729151296609173,5.075818449525183,0.05033268084854603,0.6585563376247876,0.16050873169242316,0.06576189760406925,0.22364877962169472,0.0035128010274171934,24.54346448882047,0.5958965048572173,0.850859713683281,0.029512985879674398,0.051398294639835404,0.58984375,0.226806640625,0.113037109375,0.093017578125,6.524820514382938,4.411340057416326,0.20081884284662238,1.1798786278011457,0.10403095297593905,2.0057162821712673
lens_00317,0.47844740003347397,0.0006794499314325096,31.678425408501518,0.6975790480282453,0.6540058286969123,0.0006743636626324765,31.711058392483334,0.69979334351144,0.6572728552619881,0.0,1.0,1.8366644131848608,8.637257310393096,0.09120288338837157,1.7491006028068057,0.37086261315553587,0.02184821204147791,0.3948030799461409,0.004836168265696371,23.15498597060206,0.41937169393599805,0.748885110292535,0.03338287357008232,0.06100616376973944,0.56640625,0.149658203125,0.20068359375,0.1083984375,10.21889357827273,4.576414279018463,0.19851937934139868,0.9579563135082522,0.0797532892154561,1.9292912381990863
lens_00318,0.44879920000676066,0.0005863552879250063,32.31839153898623,0.7538778296872,0.727228831228992,0.0005863552879250063,32.31839153898623,0.7538778296872002,0.727228831228992,0.0,0.0,0.6122814847965898,7.03798756332312,0.0767779185247548,0.43563899506810344,0.2976957689806038,0.05033207651457772,0.23394773687792236,0.003371896702318025,24.721257384068544,0.5553875292775247,0.8380398231834919,0.029301969773410094,0.050132736507358014,0.516845703125,0.1484375,0.255859375,0.10595703125,11.75924425300626,3.8763360310332797,0.22875289479751296,0.8941364440157278,0.10337417571113347,1.7350345935795812
lens_00319,0.4008202999830246,0.0008565924026196884,30.672257818131108,0.86292343803593,0.8918925809223119,0.0008565924026196884,30.672257818131108,0.86292343803593,0.8918925809223119,0.0,0.0,0.10820181426457547,5.672446384525129,0.04731019512195911,1.387040819065362,0.26483049329172137,0.002820722544405796,0.020488188750770298,0.0029585599907367517,25.289196201061547,0.6117155693618702,0.848910774579923,0.022632753612613042,0.04946027147769715,0.599609375,0.28857421875,0.051513671875,0.078125,3.1352672489703517,6.694832505945087,0.12051647544224582,1.2075822792044566,0.05252563656490922,1.6752738363912947
lens_00320,0.3865893998881802,0.000913682242814722,30.39204815410567,0.8973815726602186,0.9230332152522468,0.000913682242814722,30.39204815410567,0.8973815726602186,0.9230332152522468,0.0,0.0,0.6200403126904165,1.255476904824059,0.0027509554782289003,3.843350611222803,0.09108588324249016,0.06342154145012413,0.12255817833092175,0.0008155268545142838,30.885617334890103,0.8279266951510935,0.955352850287755,0.014189839554065237,0.024782560560688026,0.620361328125,0.236572265625,0.0849609375,0.080810546875,5.2602224121148,4.881479602979348,0.17507582030607552,0.9022544656312639,0.12297135067830454,1.6367333528723735
lens_00321,0.4465766999637708,0.0005348283224941493,32.71785602200576,0.8220867040613159,0.8228268314962278,0.0005348283224941494,32.71785602200576,0.8220867040613161,0.8228268314962278,0.0,0.0,0.9501837141557986,8.530371155601488,0.055389507105126135,3.2636927943073033,0.2819545134029507,0.008505243589181477,0.12174692717716928,0.002298682462381358,26.38521017578111,0.5569884644455765,0.844999229298024,0.02138008235758705,0.042913570589781416,0.621826171875,0.245849609375,0.068359375,0.087158203125,3.989126071581876,4.137698250206015,0.21647897485919687,0.8555520310066177,0.07382971568205701,2.1783672514587553
lens_00322,0.4027984000276774,0.002365504338166492,26.260762511495347,0.7929133901474752,0.8504864460147032,0.002365504338166492,26.260762511495347,0.7929133901474752,0.8504864460147032,0.0,0.0,1.0274267080832176,3.5820968724814968,0.014236970736466348,3.262487461858967,0.2042698251079784,0.11499842269695026,0.3075259113159554,0.005199157553576753,22.8406702164851,0.4928732892063878,0.7714706162680974,0.033046593885031096,0.06408650549198779,0.556640625,0.2099609375,0.164794921875,0.0908203125,8.604494019233726,4.925018108986142,0.1938855984776023,1.0960227905548567,0.10162592962948452,1.2699301602809963
lens_00323,0.37972399999853224,0.0002964767146009181,35.28009410621635,0.8909905106474826,0.8780865017378985,0.0002908668041410133,35.363058408052716,0.8930197781254262,0.8805500248194927,0.0,1.0,0.5452844119414716,5.485115251255934,0.035912406415479325,0.5735592351789762,0.12438431053850199,0.012659904494236152,0.01931397475858776,0.0008212415350508261,30.855290939005492,0.7518402661256177,0.9366262352703694,0.013277004382642052,0.0253961156414545,0.620361328125,0.28662109375,0.037109375,0.077880859375,2.492571704531403,4.861688364522858,0.18306210156944008,0.8786702099121841,0.08495434304560923,2.1605809012614814
lens_00324,0.3889800999313593,0.0006435945850312692,31.91387618552083,0.7732331575942566,0.7644907516414432,0.0006435945850312694,31.913876185520827,0.7732331575942568,0.7644907516414433,0.0,0.0,0.8463065855798692,7.247358450026045,0.0017219128227913272,3.437266016701699,0.24625964374527673,0.00599890987331142,0.23691741636145836,0.004378034492089073,23.58720821190896,0.4335993553965388,0.7517203102689771,0.029177006755864546,0.059386334866342004,0.615478515625,0.2509765625,0.076904296875,0.078369140625,4.386458444830881,5.809493020806731,0.1469217501557826,1.0726396612122413,0.060732980285726344,1.953123696315592
lens_00325,0.37400979991070926,0.0008825830307487443,30.542444269035887,0.6708080235937334,0.6538348317282767,0.0008492860167436007,30.709460263933774,0.6850650178828614,0.6701481687128814,-2.0,3.0,0.6137934931752278,9.746128830807635,0.04463900176957003,2.576162924112026,0.3697519539471049,0.10324588080593444,0.11301421005254397,0.01617244110202843,17.912244218298067,0.12413534033629633,0.4744369229822718,0.06704795265567677,0.10806022925531188,0.56103515625,0.191650390625,0.17529296875,0.098388671875,9.199498655806675,5.439543291545268,0.20746470740850956,1.1063281797578588,0.05644163053553433,1.6363042863509072
lens_00326,0.4006485999561846,0.0009999101343042206,30.000390299295418,0.7474052731990724,0.7653402388815929,0.0009999101343042206,30.000390299295418,0.7474052731990724,0.7653402388815929,0.0,0.0,1.0180175219801713,6.470059858898509,0.01033010354085584,5.632946203277015,0.23882632719725969,0.03499469710452652,0.26105705214569774,0.003327485883929701,24.778837782407976,0.4992317927909944,0.8068292919907101,0.027685706833373513,0.050606200421155864,0.591796875,0.23193359375,0.113037109375,0.087890625,7.1398034385037406,4.341600178826916,0.20674629646882078,1.1847043184092767,0.08435401771309782,2.169161172913034
lens_00327,0.3596479999832809,0.0009605873987585442,30.174631148504247,0.8245157366066466,0.8585431320508642,0.0009605873987585444,30.174631148504247,0.8245157366066463,0.8585431320508644,0.0,0.0,1.010762336268924,6.754990023929691,0.0417243980909352,5.014130826867856,0.3237269518112377,0.03558173346295612,0.02998255165829422,0.006960074854026089,21.573860896256928,0.33014863457125615,0.6781174728608665,0.03984951644646076,0.07329454886285434,0.56884765625,0.210205078125,0.141845703125,0.103759765625,6.426595601791334,4.998406313188015,0.18157910066231994,1.1533541917403332,0.06639424965405394,1.5845383154017978
lens_00328,0.36952259996905923,0.0009443881221866249,30.248494837928504,0.91299696800061,0.9396349716822944,0.000944388122186625,30.248494837928504,0.9129969680006104,0.9396349716822943,0.0,0.0,0.4922709671285146,0.9712137294802616,0.03851072181911719,5.152253151022109,0.058934894653214824,0.037345634879930145,0.08278593551705693,0.0012072611440739928,29.18198776992016,0.7763612605696709,0.9336845544848007,0.01615943279241867,0.030759289261966,0.6025390625,0.290283203125,0.048828125,0.081298828125,2.9353089331440665,4.555863410462352,0.18127587445980825,1.2382597142904304,0.127670525788317,1.8182391561216038
lens_00329,0.46082479995675385,0.0015809610141589263,28.01078839457044,0.7585697778931889,0.8039263615483234,0.0015809610141589263,28.01078839457044,0.7585697778931889,0.8039263615483234,0.0,0.0,1.3918867632558551,5.387995569836221,0.039237715414419005,1.510394878512983,0.20871291276341045,0.07573444523028128,0.2875368995494114,0.006454021283529685,21.901696067498616,0.36943532447952265,0.7045662759971512,0.03956599994640723,0.06991818741765685,0.5673828125,0.266845703125,0.10498046875,0.08154296875,6.724666204924017,5.781184293858474,0.17512194308700843,1.0880356539988236,0.0762303636285764,1.5708694278026571
lens_00330,0.3628350000362843,0.0009868781600861634,30.057364619894564,0.7407000195667938,0.7533927234110408,0.0009796008297476605,30.08950855688322,0.7425194350702673,0.755505889238382,0.0,-1.0,1.587152210515733,6.786173217670749,0.09628656269123259,7.901540281957011,0.24970227399976908,0.026566434863016797,0.42751838690678134,0.004933406120540571,23.068531317201252,0.40976552943769307,0.7473298258300549,0.03419292197592368,0.061353485697953354,0.560302734375,0.203369140625,0.166259765625,0.091064453125,8.2022121832928,5.8168589418499215,0.17588517609925647,1.1131687352869624,0.06412420585244794,1.630029406479084
lens_00331,0.39311790000647306,0.0009037835422684486,30.439355713551983,0.8834950529650777,0.9072914978689844,0.0009037835422684486,30.439355713551983,0.8834950529650777,0.9072914978689844,0.0,0.0,0.3416447952214775,2.702438969462678,0.015950022218733872,0.6830400297739203,0.16161625333032537,0.04539876679249,0.13486876775787326,0.0005108215621560425,32.917307791303394,0.8879427993545299,0.9746971906493422,0.01113793277821767,0.019666418473731993,0.5419921875,0.177001953125,0.200927734375,0.1025390625,8.138423689898666,4.836157781206471,0.17219421063730017,0.8894626473044683,0.12500501221935933,1.8603513759644006
lens_00332,0.40584150003269315,0.000678477069386023,31.684648256864875,0.9488882114480054,0.9618644177344059,0.000678477069386023,31.684648256864875,0.9488882114480054,0.9618644177344059,0.0,0.0,0.6016580276413691,1.9356184035263482,0.06517520334771387,0.39987900417108335,0.09186927110176106,0.03600030255226028,0.12054861343618664,0.0010084365915020018,29.963514041706354,0.8465410101893448,0.959844599800501,0.014724910224012434,0.028135628843101692,0.64208984375,0.260009765625,0.03759765625,0.082275390625,2.449808237641136,5.321325794570516,0.14685007379740977,0.9309968257462948,0.08731948537259174,1.3917832978253022
lens_00333,0.378106200019829,0.0010781621719599729,29.67315909752091,0.9356318664873168,0.9566910455250511,0.0010781621719599729,29.67315909752091,0.9356318664873168,0.9566910455250511,0.0,0.0,0.6587254183864881,1.5616214531341228,0.07214806952012931,4.18503281861112,0.08209857075787706,0.06382002261670738,0.005379317192788835,0.0032577735336868493,24.870791092505296,0.6715211814023778,0.8663017436949872,0.022916778795539723,0.05227422675968675,0.58154296875,0.2353515625,0.114501953125,0.09033203125,5.784892115206067,4.806011878687801,0.18093190320607566,1.0658202882157612,0.11845721495751212,1.4258907594839085
lens_00334,0.39182909997180104,0.0009914755018872253,30.03718012196588,0.8965922717014806,0.9260211420874084,0.0009914755018872253,30.03718012196588,0.8965922717014804,0.9260211420874084,0.0,0.0,0.5459271531720117,3.8232406819621083,0.022494931055975442,0.41908139842675496,0.25775661945360656,0.03611241058913761,0.1252663047818493,0.0018330253652397957,27.36831525268304,0.7231142062266622,0.9104208745744437,0.018311964983787746,0.03870009436257653,0.5498046875,0.18408203125,0.18603515625,0.1025390625,8.244740419677534,5.0341223642331645,0.1867761290560212,0.9320213670480371,0.08868201411933954,1.2293143975645542
lens_00335,0.3754460000200197,0.0010759407559289438,29.682116413847734,0.7035976573451207,0.7306044613747468,0.0010759407559289438,29.682116413847734,0.7035976573451206,0.7306044613747468,0.0,0.0,0.7334503352669853,7.672615658481669,0.04324537989281663,1.076410852035366,0.4227888858884132,0.05173516355319463,0.2506461241626755,0.00444285654069015,23.523377098499513,0.46427708639974063,0.7706780543927637,0.03038391118771794,0.05932684452781067,0.54296875,0.158203125,0.217529296875,0.1005859375,10.867404712456146,4.500921517523629,0.19632939756157758,0.9454098584679624,0.07378874518844597,1.7596105728178963
lens_00336,0.36914680001791567,0.0021798520660336667,26.615729784528487,0.8456565477498098,0.8847190345408653,0.0021798520660336667,26.615729784528487,0.8456565477498098,0.8847190345408653,0.0,0.0,1.0538992213745801,1.679304985728928,0.008539012484829023,0.490632065455344,0.13875419708036418,0.11586161152912666,0.1976331862165402,0.0023121828720335186,26.359778202626387,0.7075913061179078,0.8999999694784909,0.023762353628092415,0.0418035096862333,0.523193359375,0.13525390625,0.26171875,0.103515625,9.689903729122815,5.3580436912520595,0.17539344255763636,1.161295184036181,0.10733728966660905,1.2800263531775862
lens_00337,0.3737623000051826,0.0008225343634304796,30.84845949260673,0.87504511461192,0.8971023444417779,0.0008225343634304796,30.84845949260673,0.8750451146119201,0.8971023444417779,0.0,0.0,0.5334054316468245,5.457160970646628,0.01637957418467828,6.103578205699961,0.1846145789259831,0.043275165122022674,0.02654992217998542,0.002267857217578558,26.44384291741098,0.5974189691784806,0.8671553039967337,0.023045478327893217,0.041674490353418386,0.591064453125,0.237548828125,0.09912109375,0.095458984375,5.737796080772261,4.555435365102496,0.20123582573859916,0.9131334062513821,0.09163776668259105,1.6599512379097323
lens_00338,0.3898578000953421,0.0011128299751920943,29.535711847007768,0.7911854954406442,0.8285234111037322,0.0011128299751920943,29.535711847007768,0.7911854954406442,0.8285234111037325,0.0,0.0,1.422667492921541,4.462424078963169,0.008506195029403862,0.2775832507453231,0.17959323170349445,0.048056062039610214,0.24056510013148602,0.001227792667726544,29.108749645177102,0.7560458781033653,0.9345665557135975,0.017783661172737077,0.030191622397940588,0.590087890625,0.240234375,0.107177734375,0.082275390625,6.937431755836355,4.767102264471197,0.1963170298164427,0.9496636519383926,0.11501748436440501,2.018339688979302
lens_00339,0.3981184000149369,0.003118215556341259,25.060938661536678,0.8736285780219866,0.9186792184552788,0.003118215556341259,25.060938661536678,0.8736285780219866,0.9186792184552788,0.0,0.0,1.0914174427173318,1.6620516056937404,0.027021782012576656,0.47796620340523077,0.1054272099625052,0.12196655441015525,0.17064062760814458,0.005986849678040017,22.22801646283465,0.47147511766695005,0.7652916977760993,0.03758105420242894,0.067635153899981,0.577880859375,0.228271484375,0.131103515625,0.0869140625,7.719899224101834,5.894050694114476,0.18780031604597094,1.156919278802409,0.11063122051176841,1.112026897989847
lens_00340,0.37041159998625517,0.001494239181004653,28.25579879979467,0.9000372405758483,0.9241245109720277,0.001494239181004653,28.25579879979467,0.9000372405758483,0.924124510972028,0.0,0.0,0.463201888580222,3.4123913216214525,0.0010690844503191688,1.2707532822740006,0.13283920875058447,0.037769142300786984,0.05383528922602265,0.0025032314924574002,26.014989860897167,0.7079929328213305,0.9033858637734387,0.02344244068393922,0.04420049170809519,0.611328125,0.266357421875,0.064697265625,0.07861328125,3.9097115039360286,6.500463279784934,0.12081267184772242,1.1763871821559406,0.06530612866325396,1.229686671313876
lens_00341,0.39175429998431355,0.0021093210765338113,26.758573078121522,0.7367219306758411,0.7956698642409449,0.0021093210765338118,26.75857307812152,0.7367219306758414,0.7956698642409449,0.0,0.0,0.9404611931572534,6.357778751257531,0.03633047494781283,6.713541576638647,0.2440975795662795,0.08286025504434136,0.2588436767964617,0.008642065140184969,20.633824644866884,0.3302180174533909,0.6859435012790472,0.047896905578890814,0.07967403326148229,0.5888671875,0.2802734375,0.068359375,0.080810546875,4.017716448205002,4.31665857002398,0.2005092427328977,0.9443512346078704,0.07211269392714595,1.18251357202697
lens_00342,0.3983094999566674,0.0008912075507063303,30.500211426189527,0.8034438685786031,0.8418549555701356,0.0008912075507063303,30.500211426189527,0.8034438685786031,0.8418549555701356,0.0,0.0,0.21535365988782296,7.746942281529932,0.09184673787629305,23.68466304300722,0.3944237695539943,0.021517376780726516,0.10688537351081484,0.005683055965227115,22.454180671173955,0.32053038545798934,0.6765848091275601,0.03319558821380224,0.06768388942995807,0.5927734375,0.25048828125,0.091552734375,0.084716796875,5.361968392308506,4.7673330257068685,0.1892185209977518,1.238698563481874,0.055840517152618806,1.4999317935760084
lens_00343,0.43285480001941323,0.0015461782884616517,28.107404294146306,0.9391419121058567,0.9614698927231278,0.0015461782884616517,28.107404294146306,0.939141912105857,0.9614698927231276,0.0,0.0,0.7246173180146039,0.6536316353703402,0.009948191282581509,0.10272218361490104,0.1371014734333819,0.10813505304124782,0.1287432343660071,0.0013245060890814666,28.77946040803215,0.8157404295709306,0.9449117490444562,0.01762614604106725,0.031840619730470636,0.5546875,0.2119140625,0.15966796875,0.093994140625,9.152887872484236,5.838407254659715,0.17059233827391534,1.0622963669708807,0.11839555124837152,1.0164998591313819
lens_00344,0.35353050008416176,0.0011317028295939498,29.462675982455533,0.7386397859999178,0.7615923470152416,0.0011317028295939498,29.462675982455533,0.7386397859999178,0.7615923470152416,0.0,0.0,0.9678847014017228,6.793375722252576,0.12574288254710375,0.1952248140295012,0.33430775082945213,0.0012899806535892067,0.3174523502741531,0.0050455563056446325,22.970909429747003,0.40295354294753793,0.7332855898938836,0.03414708003680419,0.06228589913138222,0.52685546875,0.15771484375,0.23046875,0.108642578125,11.163517729981733,6.247049634769949,0.1456739466673939,1.2091254709784587,0.051907136131524506,1.4580794442364526
lens_00345,0.3839305000146851,0.0016270554517646215,27.885976455972497,0.851494465338632,0.8927200320920472,0.0016270554517646217,27.885976455972497,0.8514944653386322,0.8927200320920473,0.0,0.0,0.5772995195226822,2.820326949702787,0.046467732368771664,0.16111210999419256,0.22762240725821692,0.11513434475887363,0.14856487670457402,0.003025547514241501,25.191960223676915,0.713095211710812,0.8907871116272241,0.023930538490350834,0.04952652664788172,0.546630859375,0.164794921875,0.21240234375,0.096923828125,10.61271076405266,4.483563827608992,0.19403367039416478,0.9335301899063183,0.12641137763749283,1.2621094425051744
lens_00346,0.41973540000617504,0.0008917599765334904,30.497520233081318,0.8571444466745757,0.8873202206793535,0.0008664268889258789,30.622680781614445,0.8608540746633608,0.8907179646098836,0.0,1.0,0.5433396372884839,8.324013350375761,0.11976226153448255,10.479619205732291,0.29501984718759877,0.049479609946836645,0.1531206082559854,0.0038368973986101494,24.160198139925136,0.44771861260931345,0.7809192212189143,0.030501621306727525,0.0539124150476598,0.6083984375,0.26025390625,0.064697265625,0.09033203125,3.823399809020541,5.424513779875173,0.14923061046400568,0.9853136725466932,0.05688212974922219,1.6839740177233744
lens_00347,0.38656749995425344,0.0006624173524034453,31.788682994804866,0.8526872239354332,0.8736263562752657,0.0006463428196022188,31.89537071524406,0.856101051684419,0.8769086342407815,0.0,-1.0,0.3137113347122297,5.326329874177677,0.1727337181899965,0.9583832203696829,0.23526030776544538,0.06678329038590192,0.08129249127177496,0.002815040983073329,25.505152780442387,0.6124423101493034,0.8621445328294112,0.025642981357191223,0.04644866510663221,0.578857421875,0.162841796875,0.175048828125,0.10498046875,7.122622075755169,5.178118407276745,0.16306548784845815,0.9650135618854409,0.09184895935548901,1.877020236246395
lens_00348,0.4867480000248179,0.0024952607667270087,26.02884061810997,0.902278368386077,0.9362289805798522,0.0024952607667270087,26.02884061810997,0.902278368386077,0.9362289805798522,0.0,0.0,0.7448700867615664,1.8750553345992511,0.04116871833403146,1.7594478079737144,0.07603998363377927,0.08837758561208597,0.03640598836314224,0.005563219863775075,22.546737759862943,0.5288458151739259,0.803730587596333,0.03593023726657908,0.06536235853870642,0.5966796875,0.25830078125,0.077392578125,0.089599609375,4.332322239342265,5.305456370272212,0.17824673855117565,1.0918052471865556,0.10516745347540837,1.1495615341340255
lens_00349,0.45401480002328753,0.0011285996947212069,29.47460071539762,0.8815630865779679,0.9060391942989651,0.0011285996947212069,29.47460071539762,0.8815630865779679,0.9060391942989651,0.0,0.0,0.9450144926303504,2.6670332905159277,0.01929328725474022,16.056552232161835,0.09348088969522195,0.03307746539361878,0.14441041235487972,0.001380235359544086,28.600468508191863,0.6922759302839202,0.9129404786508041,0.018437765371480976,0.032253436524660485,0.599853515625,0.291748046875,0.04736328125,0.081787109375,2.8776527386374102,4.487732297795028,0.20192383449374268,0.950955911197661,0.08835577623062316,1.4564409716357463
lens_00350,0.4658445999957621,0.0007180714992494024,31.43832310376787,0.8070574027464134,0.8245587483178046,0.0007096833580975839,31.489353787518493,0.809443694199457,0.8268230803362385,-1.0,0.0,0.22478479105465896,6.145391001879753,0.03199468624342683,5.853387983977086,0.26823535703326,0.029774476349691326,0.1289432729852411,0.003901639209225229,24.087528929853352,0.4294562261482134,0.7590428160734314,0.028183359147645783,0.055743497166755154,0.594970703125,0.2314453125,0.119140625,0.080322265625,7.5421694724930815,5.056504640697035,0.19773498405779108,1.1522327227563804,0.07538259263141305,1.6459620025718125
lens_00351,0.44291840004734695,0.0019769302360074553,27.040086562561747,0.8994362148256003,0.9283266171532397,0.0019769302360074553,27.040086562561747,0.8994362148256003,0.9283266171532397,0.0,0.0,0.4162268414873261,1.1446766661106498,0.0033510045019478074,2.154166576429674,0.0992615036413475,0.10274832605037776,0.02621186288604277,0.002058765829598197,26.863930485722957,0.7331957536644926,0.9193936280400159,0.02289338016831242,0.03917472366293496,0.582763671875,0.19189453125,0.14697265625,0.09912109375,7.622666016649617,4.341481564273788,0.20022829267730644,1.1653810311514268,0.11219628927578398,1.1276520108734158
lens_00352,0.551892599905841,0.001379115743158263,28.603992838563737,0.9430702198457944,0.9582399996871037,0.001379115743158263,28.603992838563737,0.9430702198457944,0.9582399996871037,0.0,0.0,0.557636054213708,0.8127147978812062,0.03904169604810248,2.979016887954515,0.06995747037673777,0.11317049752830677,0.045952517839209395,0.00306165446093794,25.140438254522067,0.6343123825031883,0.8743031120054214,0.02800991874657963,0.04771895758236915,0.548583984375,0.16650390625,0.204833984375,0.104248046875,8.483077375324786,4.751398549379698,0.16320935653582988,1.2142677249828329,0.09390678548053519,1.0044813115137279
lens_00353,0.449901600019075,0.0015111785683353976,28.20684214244293,0.8360773838956482,0.8716140438911704,0.0015111785683353974,28.20684214244293,0.8360773838956477,0.8716140438911704,0.0,0.0,0.8975836564023656,3.390444518296471,0.035918764004177706,1.224473237698362,0.13908443139064047,0.0565258497766874,0.13619744982326265,0.0028033515819885944,25.523224318357265,0.6029149910969229,0.8537128984175517,0.02529911195844947,0.04651135900081219,0.587890625,0.208251953125,0.128173828125,0.095703125,5.975852030143038,5.907982328595184,0.1499001299734845,1.125325160825701,0.08575517802236321,1.6769747148504908
lens_00354,0.4412998999468982,0.0011529235167995519,29.38199502188081,0.9377125928847337,0.957114103619326,0.0011529235167995519,29.38199502188081,0.9377125928847337,0.957114103619326,0.0,0.0,0.8315743045979543,0.6033880742366069,0.015851693919763155,2.2532624391702285,0.05497541456668199,0.06899542705878203,0.011056331287862708,0.001958415716241772,27.080951143171667,0.7759770168603237,0.9227461670264923,0.019621062209413148,0.03966647998015593,0.572021484375,0.219970703125,0.133056640625,0.095703125,6.185616369032871,5.9857477376054735,0.14225057145097017,1.1666129688577673,0.10991168536391227,1.425657626949072
lens_00355,0.4122330999234691,0.000541238177887285,32.66611576706734,0.8152527521758085,0.8245180070727325,0.000541238177887285,32.66611576706734,0.8152527521758085,0.8245180070727325,0.0,0.0,0.6688189124451654,8.326867773623693,0.09614576067102543,8.022374606562124,0.37370684133193954,0.013095486712930482,0.07124128619527414,0.0027151260224829834,25.66210007843543,0.554007353547779,0.838078584556637,0.024073725697477243,0.04621235498787751,0.537353515625,0.1708984375,0.208984375,0.100341796875,10.083989813487356,5.192353239185533,0.1728031332260598,1.179437191465155,0.06502801336063907,1.839041559480229
lens_00356,0.3957462999969721,0.0011845791894698255,29.264359012559463,0.9359663049965805,0.9548914315717733,0.001184579189469825,29.264359012559467,0.9359663049965804,0.9548914315717734,0.0,0.0,0.47172991619015964,2.0595299358623205,0.02173914408505695,0.719555271343495,0.1615132783717539,0.10375485607096357,0.06463322819709494,0.003649109417109177,24.378131142910625,0.5681100241790197,0.8293356658658427,0.027455597773159982,0.05380798795743648,0.53271484375,0.177001953125,0.211181640625,0.101318359375,7.904381481152729,4.7961522382366315,0.18182109451927245,0.9725900651520888,0.10069666697654034,1.0460804554915117
lens_00357,0.4374493000796065,0.0009878708026555853,30.052998503139015,0.8182663208046974,0.8364397146098543,0.000987870802655585,30.052998503139015,0.8182663208046973,0.8364397146098542,0.0,0.0,0.7626246614175889,6.874931501636488,0.022361447809912116,38.804748722553995,0.17264848571400854,0.0014968714286606177,0.11061336879093397,0.002474054905678963,26.06590666481836,0.5342071981073331,0.8448086355781685,0.02446481615079387,0.04330736284267167,0.609130859375,0.27197265625,0.05810546875,0.0830078125,3.426378319217884,4.596494944054092,0.20901725330978826,0.9849388304437053,0.06753143177288977,1.8275233354877378
lens_00358,0.3724159999983385,0.00080108452079336,30.96321659973617,0.8626619291624863,0.8829481537707249,0.0008010845207933598,30.96321659973617,0.8626619291624862,0.882948153770725,0.0,0.0,0.48632745178173764,4.885718587976468,0.04241057373268464,2.25663370555921,0.16759598047431298,0.01955233523666733,0.11692400819716287,0.0020138683059668884,26.959689329193914,0.6513695525239281,0.8781535410579878,0.01970835499014381,0.040316858130927835,0.571533203125,0.256103515625,0.107421875,0.08642578125,7.124529770691488,5.550709061473203,0.15559372891911233,1.1914294286494267,0.08500507047700856,2.10754233222937
lens_00359,0.47437310009263456,0.0010300012062156405,29.871622667001777,0.9114640246070758,0.9364384658491468,0.0010300012062156405,29.871622667001777,0.9114640246070758,0.9364384658491468,0.0,0.0,0.43669444221844295,0.9173488145094915,0.04567698130478359,0.2881233885488257,0.0791232482730731,0.04914117895381631,0.10066289229829417,0.0012800564421549124,28.927708803708846,0.7788057674315092,0.9297681405811068,0.015301438269708142,0.03234072400292275,0.58056640625,0.2822265625,0.076171875,0.082275390625,4.618764300140966,5.373786352770049,0.17827248378165392,1.050390644262019,0.12746480106644126,1.8986997385199662
lens_00360,0.5218759999843314,0.0008467868440592744,30.722258979327922,0.866276651776518,0.8857394350010532,0.0008467868440592744,30.722258979327922,0.8662766517765178,0.8857394350010532,0.0,0.0,0.4810807059470667,3.2521645215253994,0.0770041916687576,4.011748383835226,0.1651806864026377,0.022406390902785178,0.10672292715095932,0.0009848768275126777,30.06618080645998,0.8007675566903261,0.9409982953145359,0.012948640604378017,0.02858687695449313,0.53076171875,0.155029296875,0.23681640625,0.096923828125,9.649098299445814,5.198099692122964,0.1966455830697604,1.2439303208688748,0.10834061597366629,2.0015879432864256
lens_00361,0.41913799999747425,0.00048239427111658337,33.16597858490685,0.9294163859370634,0.9434979243501064,0.00048239427111658337,33.16597858490685,0.9294163859370634,0.9434979243501064,0.0,0.0,0.6231817914698853,2.4149540933378333,0.03478922559437225,0.845939812195752,0.14630991105991137,0.03595026891219355,0.09288156634496122,0.0008168585011170911,30.878531668533974,0.8854868396701262,0.9641062541901938,0.01153625908544705,0.02614905786888949,0.574462890625,0.139892578125,0.20703125,0.103759765625,7.895711687114761,5.411497272460985,0.13672951646968515,0.9850988251916598,0.1083336456650364,1.820669251408753
lens_00362,0.5502042000880465,0.0007526903503888407,31.233836516550348,0.9482681988382977,0.9658145885369228,0.0007526903503888407,31.233836516550348,0.9482681988382977,0.9658145885369228,0.0,0.0,0.5189897421779849,1.3993440605094438,0.01355491402707698,5.393315009966116,0.11723823426683787,0.08432399335167473,0.017236889985239034,0.002357889309892824,26.27476586531469,0.7445179918495736,0.8974823176331191,0.018405734475615432,0.044934599678933,0.587158203125,0.244384765625,0.09912109375,0.09326171875,5.161253323891568,5.039126685559286,0.17317501199105576,0.9216814276474905,0.12322237886501505,1.304287373638377
lens_00363,0.4004741999087855,0.0018566933697047503,27.312598134604606,0.8519645254139186,0.8895535411496674,0.0018566933697047505,27.312598134604606,0.8519645254139186,0.8895535411496676,0.0,0.0,1.147192678746522,3.5145295375824173,0.009115719501622488,1.1272866315864007,0.224882043534863,0.07971695819208635,0.26812210503731004,0.0032330418787136768,24.903886697848364,0.5740926047780437,0.8340785282244352,0.025786318158638733,0.05067650021987642,0.552001953125,0.17822265625,0.197021484375,0.0966796875,10.247125269712464,4.142104532739293,0.2288395788578388,0.9713600135848209,0.10137911369497818,1.1273269649952544
lens_00364,0.40760619996581227,0.0004929804894625145,33.07170268322039,0.7210474803392287,0.6466078034149866,0.0004929804894625145,33.07170268322039,0.7210474803392287,0.6466078034149866,0.0,0.0,0.5893428147904061,9.660445285534433,0.09698245121772953,6.951148845150385,0.5362851710026,0.06469296569019956,0.4414451040784192,0.007087058323388571,21.495339931702464,0.29190632006955236,0.6329607273202262,0.03953734549243887,0.07432265223200861,0.52294921875,0.132080078125,0.264404296875,0.10009765625,11.159097806440549,4.182840880541759,0.22396935968947743,0.8717908434066534,0.06855989961272944,1.5659444208975581
lens_00365,0.37248699995689094,0.0007997259634769687,30.97058804180637,0.9382947674643183,0.9555775888170069,0.0007997259634769687,30.97058804180637,0.9382947674643183,0.9555775888170069,0.0,0.0,0.7519436483980688,1.1577644718009736,0.03472414883401265,1.7534802611398277,0.11304188758853013,0.07701110199630179,0.10098317750494235,0.0010814748810913039,29.659835632615298,0.7969884451406948,0.9458004041527529,0.01599667787239403,0.02873292846436233,0.56103515625,0.196533203125,0.16552734375,0.101806640625,7.748794518929213,5.084212711287322,0.18975321906027967,1.0344192981947302,0.12553178901962198,1.4586936489189317
lens_00366,0.40050659992266446,0.0011329836547173673,29.457763555534232,0.8607376761134303,0.8946373108211294,0.0011329836547173673,29.457763555534232,0.8607376761134305,0.8946373108211292,0.0,0.0,0.44944034916691056,3.080077153330649,0.04102346767731768,2.740846276558756,0.20537570543262282,0.08704610614665698,0.12004780786943647,0.0029664976103285744,25.277559971736643,0.6635194398228731,0.8710315179925147,0.024393607671103653,0.04869753089343285,0.53955078125,0.14453125,0.236083984375,0.101806640625,10.67623943571702,4.825876336536987,0.19780258820598318,1.1381424750972622,0.12922730445435232,1.6001988907661375
lens_00367,0.4624066000105813,0.0010355169087375089,29.848428052095034,0.8187625660605041,0.8499879973310538,0.0010355169087375089,29.848428052095034,0.8187625660605041,0.8499879973310538,0.0,0.0,0.8717055906213169,5.2317530151429334,0.025064110102836712,12.634409056705238,0.17198396904624713,0.038580863364954254,0.09978082602336791,0.002300215620359356,26.382314516593116,0.6194094342917642,0.8633781772930655,0.02183731759840414,0.042700669555239816,0.6162109375,0.27880859375,0.04736328125,0.07861328125,2.8188940035891417,5.059317187217451,0.17102707680263718,0.9050519108650991,0.09422577266370907,2.1398938189184866
lens_00368,0.420622400008142,0.0016619466328966048,27.793829260456725,0.8343032222688616,0.8698860668193783,0.0016619466328966048,27.793829260456725,0.8343032222688616,0.8698860668193783,0.0,0.0,0.7225857592817977,5.02545604581257,0.061585866856548765,0.5166529858377942,0.19997613588874782,0.029516987981453524,0.039118761592372486,0.003584696179306271,24.455476470372478,0.5069722943346121,0.8082315131127465,0.02861561506420618,0.05259128020692638,0.59814453125,0.28173828125,0.060302734375,0.078125,3.393215214135273,6.073551773906155,0.1546934894877873,1.1272437390733028,0.062227228044189016,1.481511554316616
lens_00369,0.36959679995197803,0.0014527475478661588,28.378098489465597,0.8274995564534635,0.869166891600797,0.0014527475478661588,28.378098489465597,0.8274995564534636,0.8691668916007972,0.0,0.0,0.41514275548994,3.1031419865264596,0.049423177306069044,0.9702553318319644,0.16630558037023738,0.07947833797419979,0.09589514181666159,0.0026276750989312654,25.804283344944253,0.7259091222847827,0.8979249170669871,0.022074908624601264,0.04626417089008265,0.58935546875,0.194091796875,0.14306640625,0.09619140625,6.687983275331662,5.112603752185926,0.16559309769186167,0.9276529739797637,0.11202787535268724,1.7738438397366432
lens_00370,0.48832190001849085,0.0011895397596126934,29.246210373662556,0.6053261202471882,0.6770927340419011,0.0011812591119728945,29.27654828417678,0.6079613471614472,0.6798708606926003,0.0,1.0,2.447001321750084,12.419707470024782,0.19072851011503456,6.213066176491878,0.896473887952503,0.17168347120041227,0.3650387378371729,0.020184649053455614,16.9497879718122,0.12847526049037244,0.46947351114074143,0.07324764279942572,0.1217350889340594,0.56640625,0.19921875,0.1572265625,0.097412109375,8.719967026801848,4.258059963934664,0.1934376966970399,0.9284380279845835,0.0501692391283374,1.2870196458887408
lens_00371,0.5283006000099704,0.0012557072391151496,29.01111602045599,0.7417418102384555,0.7763745958770858,0.0012557072391151496,29.01111602045599,0.7417418102384554,0.7763745958770858,0.0,0.0,0.6763648212451954,4.710791956850807,0.06479617695654827,5.740224546566253,0.18425308939132337,0.07942383372905004,0.2328629921645562,0.002795304706350781,25.53570844280619,0.6332500296944176,0.8676251797367384,0.026027422076792005,0.046020408585618844,0.53955078125,0.15380859375,0.226806640625,0.101318359375,10.93624205735749,5.158740550581436,0.18286078962281313,1.0200963051398542,0.11892116765006394,2.1128842582230973
lens_00372,0.5077015000861138,0.0006008725743659855,32.212176180425665,0.8467772417102913,0.8622903709735662,0.0006008725743659855,32.212176180425665,0.8467772417102913,0.8622903709735662,0.0,0.0,0.6831404658523929,6.347928978448058,0.009819788702278731,2.1756733374921566,0.25767114520578616,0.01724961379515899,0.13062625762817548,0.0014576456274129276,28.363480458159746,0.7232300462814212,0.905575073225746,0.015125988789727794,0.035054958144975105,0.59619140625,0.2275390625,0.11572265625,0.08203125,7.333238214434912,4.150288958913542,0.1868535618618336,0.853692748553698,0.09593589767369817,2.176781272684506
lens_00373,0.43046009994577616,0.0007450096755280126,31.27838086981722,0.8402742741948931,0.8596432734352933,0.0007450096755280127,31.278380869817216,0.8402742741948929,0.8596432734352936,0.0,0.0,0.644879463372137,4.448449183956395,0.03722407272997097,2.463363852257004,0.19852270065475666,0.014541786982424143,0.15242710348060368,0.0008373159713690694,30.77110624770087,0.8308691913965739,0.9534308207172945,0.012864167853723922,0.02591966737441446,0.576416015625,0.220947265625,0.133056640625,0.090087890625,8.091330448442925,4.976980641771232,0.17285890863722284,0.9006984749037107,0.107256499856134,2.005801485664164
lens_00374,0.4183935000328347,0.0008148911763905173,30.88900384694007,0.8280899857056495,0.8483564453737127,0.0008148911763905173,30.88900384694007,0.8280899857056497,0.8483564453737128,0.0,0.0,1.255800179247514,5.010594070424107,0.10840753464983555,0.919864034095184,0.20256651434680226,0.048816550524460656,0.11234918756857826,0.0033873583021780816,24.70138862868611,0.605125182787052,0.8575734012184346,0.028563737654991282,0.05070967553983081,0.5361328125,0.173583984375,0.2138671875,0.1015625,8.704356839377844,5.991091782211174,0.1488716865695018,1.2010297908551721,0.07725336027691726,1.6634560795192792
lens_00375,0.4614523999625817,0.00039949186296612497,33.98492062169515,0.8595657753548142,0.8598685641244463,0.0003994918629661249,33.98492062169515,0.8595657753548142,0.8598685641244465,0.0,0.0,0.6330274225682487,7.550840803856307,0.06251993366329178,3.24135236926179,0.3044546782632769,0.029994508348113347,0.15874755908788785,0.0014607137215278936,28.354348910768422,0.7194880311237718,0.9099792012201982,0.016019695563510856,0.0346999002243569,0.61962890625,0.258544921875,0.06640625,0.073486328125,4.136822655326162,5.464380905576865,0.1434757420549061,0.9416626935117636,0.053013254274769196,2.0938968774285507
lens_00376,0.4031229999382049,0.00042823201332194344,33.683208692943275,0.9357394551004676,0.9463096496819686,0.0004282320133219434,33.68320869294328,0.9357394551004676,0.9463096496819686,0.0,0.0,0.7342797877344083,1.4412179646122851,0.017045284099554636,4.68020609050825,0.07531984747185949,0.04214371783866411,0.07839315806012886,0.00035097906049318535,34.54718792888964,0.9110935187658561,0.9804354480735507,0.009085747107094831,0.01638378039400868,0.536865234375,0.1630859375,0.218994140625,0.103759765625,9.363415376788682,5.264667975618428,0.1633233363750657,1.082771134229265,0.12508153534975675,1.9086731389874316
lens_00377,0.38169559999369085,0.0015558794918960664,28.08024043613239,0.7755447582877768,0.8260394654287098,0.0015558794918960667,28.08024043613239,0.7755447582877768,0.82603946542871,0.0,0.0,1.0015751321934774,2.62985672642853,0.009966612659332519,0.9853015354287322,0.12819153097949323,0.09536055304808222,0.2600817936555425,0.003206780225238646,24.939308031637776,0.6399246201370093,0.8514977895960827,0.024738798924607217,0.050938905102156436,0.537841796875,0.17236328125,0.2109375,0.101318359375,9.269996249277668,4.944830830670508,0.18957322345119546,1.1559668338410887,0.12693484703201652,1.916543447823576
lens_00378,0.39340389997232705,0.0025172506751292324,25.990735339929326,0.9291530488901252,0.9635775314877559,0.0025172506751292324,25.990735339929326,0.9291530488901254,0.9635775314877559,0.0,0.0,0.5323800804297235,0.8887685766710796,0.01642739076014499,2.8907374755275157,0.07874801235499736,0.07318347724728802,0.03877273876643078,0.0029777878663090713,25.261062440495493,0.7463054440558823,0.9038137390858445,0.025132622447698302,0.04843696063142817,0.596923828125,0.251708984375,0.0908203125,0.0771484375,5.5782094995718285,6.651429883346329,0.14991037272969632,1.2159426489007552,0.1253555931250408,1.10360514013172
lens_00379,0.3879002999747172,0.0008527361787860217,30.69185310942093,0.7845855117117151,0.8058445111584746,0.0008527361787860216,30.691853109420933,0.7845855117117151,0.8058445111584746,0.0,0.0,0.6413745939139576,7.281678981858556,0.1389595456006214,6.874213353460604,0.3016507277811755,0.014171360069160532,0.034447104348407365,0.00251677596201439,25.991554426921653,0.5902862998957823,0.8469978104763476,0.021862798465870758,0.04515300660260742,0.578857421875,0.2265625,0.122314453125,0.09423828125,6.323286523450472,5.056666664700344,0.16523434851094626,1.0666029513594906,0.07232804939267412,2.1030741400648694
lens_00380,0.38829599996097386,0.001883171442794816,27.251101402752084,0.8360640407041938,0.8760727667368826,0.0018398317291646845,27.352218957062483,0.8402429699378222,0.8791212756891602,1.0,0.0,1.2005073431614672,4.34776832947329,0.05094937263489274,8.504667370301561,0.1848820599294848,0.08115516267687839,0.01837586323167595,0.0066863238753398025,21.74812590671025,0.3469233399619679,0.6844250644067535,0.03745429464877029,0.07268768594268839,0.59814453125,0.200439453125,0.126953125,0.100341796875,7.210838241196056,4.860613072497729,0.2147795874672837,1.2369030653828905,0.09404581193062053,1.2175652150608707
lens_00381,0.4241438000462949,0.000905202167855626,30.43254414630468,0.8394932374538402,0.870400781678102,0.0009052021678556261,30.43254414630468,0.8394932374538403,0.8704007816781021,0.0,0.0,1.3818080241456858,7.399036037438428,0.03422865811812381,4.712992430282867,0.2888727861953154,0.06311686777922942,0.13404083823071078,0.006625391091105751,21.78788480606847,0.3053533916613661,0.6631760297380295,0.03843070152207241,0.07175285549458735,0.576416015625,0.238037109375,0.117431640625,0.09033203125,6.213304136174169,5.530969762054619,0.17288409311995565,1.1479289641824033,0.06414535104610321,1.5077848900519895
lens_00382,0.3802383999573067,0.0010247965974124831,29.89362325230033,0.9136372577857542,0.9375366787244234,0.0010247965974124831,29.89362325230033,0.9136372577857542,0.9375366787244234,0.0,0.0,1.0211720563733993,1.79908658224074,0.014379134206117361,0.994998851093726,0.1432703296193896,0.0723713399271887,0.1312446594951625,0.0014417548013099814,28.411085936337575,0.7772006334898506,0.9251391106878313,0.016069036029437794,0.034402629004112624,0.591796875,0.219482421875,0.11669921875,0.09423828125,5.971038277083024,4.751969024878287,0.18656358131262232,0.8794321950615704,0.11789496343596409,1.4642960705342012
lens_00383,0.39697140001226217,0.0006616070542559272,31.793998728507784,0.8653609133302899,0.8837721876471248,0.0006616070542559272,31.793998728507784,0.8653609133302899,0.8837721876471248,0.0,0.0,0.4316266122542305,2.518758328165564,0.013535373221536973,2.4532634700486255,0.135288667117697,0.04486050048059631,0.11518327874315021,0.0006582688983221089,31.815966638296516,0.8702955278910278,0.96268594459493,0.011403866925367505,0.022983052831828457,0.54052734375,0.16455078125,0.21923828125,0.097900390625,8.630902338398405,5.240396925398494,0.1605451896968735,1.1226205752691578,0.12252344804693391,2.0870951998826577
lens_00384,0.368561000097543,0.0004688630211063227,33.28954018408014,0.7668941780262355,0.7109844136265454,0.00046886302110632266,33.28954018408014,0.7668941780262355,0.7109844136265454,0.0,0.0,0.9195675689751612,8.348432412365831,0.049168606650761615,4.285235664762865,0.2805162337196274,0.02524118971195588,0.2666894652509243,0.004674939536744442,23.302240016958603,0.423643522654225,0.76030021937,0.03444143777208947,0.05906544591328953,0.566162109375,0.17431640625,0.177001953125,0.10546875,7.895936521215127,4.526233150477567,0.204186388513891,0.8949123228482343,0.0904432144246567,2.023072241279167
lens_00385,0.41702210006769747,0.0007319769507429853,31.355025942458937,0.8745882203503491,0.9123237706872561,0.0007319769507429854,31.355025942458937,0.874588220350349,0.912323770687256,0.0,0.0,0.47092053366789294,6.937608164494261,0.026023902194906245,2.1001114229533755,0.3438218954507966,0.06994548035015546,0.05858330962265279,0.0024998047595327115,26.020939093954503,0.5957731499722811,0.8373101571210829,0.019522846420002488,0.046028939018770657,0.591796875,0.255126953125,0.087158203125,0.086181640625,5.666335432501648,4.627448985785752,0.18867344700696442,0.8571976118236726,0.08146274283530724,1.5433556732301748
lens_00386,0.38418369996361434,0.0013656284736030255,28.646674366796752,0.9128012199694122,0.9349661493797377,0.0013656284736030255,28.646674366796752,0.9128012199694122,0.9349661493797374,0.0,0.0,0.9749005970346589,2.3987519175873064,0.05080509570000691,12.03702429303172,0.10065579488122363,0.054343545235604473,0.050781097699354905,0.002990929165376472,25.24193872308169,0.6285418621741369,0.8698032267723492,0.02670484838543096,0.04772609598623815,0.629150390625,0.223388671875,0.077880859375,0.09033203125,4.377457350969577,4.7953199095175885,0.17523459783015619,0.8652850523316232,0.09472104158781994,1.1445704386120292
lens_00387,0.4090180000057444,0.0006648828477847444,31.77254870550671,0.9076349436845026,0.9261036664964772,0.0006190283075344256,32.082894906811724,0.9134244548658363,0.9313882750612248,0.0,-1.0,0.6168565561974684,2.2241518400745157,0.026423539947246333,0.12192371464372798,0.15505375382156836,0.06114038183032422,0.004660764601186584,0.0007672855428098543,31.15042984696511,0.8500465549317311,0.9594509065643569,0.012678622028263965,0.024627993955543236,0.535400390625,0.150390625,0.23681640625,0.1015625,11.716439601785401,5.401749624266867,0.17824354034491055,1.2452839350348037,0.11564494271939794,1.626176544657986
lens_00388,0.5250913000199944,0.0005916057651306886,32.279676025043436,0.6999623043182378,0.6267216607865589,0.0005916057651306886,32.279676025043436,0.6999623043182378,0.6267216607865589,0.0,0.0,1.6724318676010586,9.345848986707331,0.09765671725843517,0.854690276795111,0.29688818694300534,0.043230958068234515,0.38353802767570566,0.007313149426565711,21.35895552725083,0.3423580557658285,0.6757447414201319,0.041108535152201524,0.07498825084108791,0.573486328125,0.244873046875,0.1181640625,0.087646484375,7.4386060441284565,5.119950056039578,0.20478907096295437,1.0379772201429716,0.07356689004618194,2.0859250273696155
lens_00389,0.47100260003935546,0.0009292270979247481,30.31878133883003,0.7081026748015806,0.7411687164203399,0.0009292270979247481,30.31878133883003,0.7081026748015803,0.7411687164203399,0.0,0.0,1.581369997858938,11.2915905347087,0.10740051254836058,30.783212774329854,0.49414343524094273,0.10595511296335758,0.23069566822624965,0.011052767126637057,19.565289801341418,0.16349841258993789,0.5045035172838597,0.05169527140765763,0.09154433920634128,0.613037109375,0.231689453125,0.0859375,0.098876953125,4.581773077871798,4.025508586970027,0.23004780546523806,0.9269612783414177,0.06204855131704179,1.5572464821528884
lens_00390,0.5191573000047356,0.0021212431058711357,26.73409556147215,0.9126076143138191,0.9435857737874256,0.002121243105871136,26.73409556147215,0.912607614313819,0.9435857737874256,0.0,0.0,0.8548695047537724,0.47919156782160677,0.008941726184905074,2.2631882276806152,0.11492855510201475,0.12226007755838053,0.1527882802188627,0.002221226264496271,26.534071999309845,0.7700837250484034,0.916268388934373,0.021376340955345435,0.04200331310571932,0.520751953125,0.1689453125,0.234619140625,0.098876953125,11.665757295435602,4.915753740745826,0.1620021557220333,1.2190733712669284,0.12680385390192453,1.1269467196533196
lens_00391,0.4550469000823796,0.0017474533630996128,27.575944060937346,0.9352731143448944,0.9571183787486653,0.0017474533630996128,27.575944060937346,0.9352731143448942,0.9571183787486653,0.0,0.0,0.8257464638364697,1.0577471832504841,0.029354385713568742,0.6384643754801829,0.09315089061296132,0.08676143532880143,0.1666019810323568,0.0028526416789059514,25.447527767645933,0.6623371379374314,0.8798157886038239,0.024889282464240763,0.04725637837711634,0.578369140625,0.234619140625,0.1171875,0.09228515625,6.753567812720866,4.302903356706953,0.2037911486744762,1.0596401265829998,0.12357444721577283,1.0111150702239073
lens_00392,0.4507003000471741,0.0010464169178286977,29.802952475554964,0.8967285098447867,0.9244692089681215,0.0010464169178286977,29.802952475554964,0.8967285098447867,0.9244692089681215,0.0,0.0,0.16858004590288245,3.239665892695669,0.013944533517566304,3.274610549280112,0.17932697074149404,0.057093308842679824,0.03230565071697844,0.0015768419992673362,28.02211821118813,0.7925863969074403,0.9279102881539694,0.016203913313717035,0.036252933572179784,0.620849609375,0.244384765625,0.076904296875,0.077392578125,4.8433897148624485,4.936654461680158,0.15900778434532212,0.8638152507840361,0.0998511864184708,1.5496382507843094
lens_00393,0.3852523999521509,0.0010107248530858409,29.95367055140877,0.6732951367687964,0.7013440033974415,0.0010058283955278959,29.974761079803514,0.6749425604357121,0.7030967091537258,-1.0,0.0,0.7212778043385645,11.030949261131894,0.1614034435955517,22.53764869753809,0.5367888315925088,0.08451168005039023,0.23956246222156874,0.011401463225794772,19.430394091802295,0.19167960497489128,0.5638994763888159,0.055080636106799793,0.09147451422043779,0.60888671875,0.24560546875,0.08544921875,0.0810546875,5.168859267018512,4.4067277802665386,0.20855778312819304,0.8586421329087122,0.05264602135183575,1.406773278443541
lens_00394,0.3732487999368459,0.0005810981163986748,32.35750532303418,0.7984078338017814,0.810100219530165,0.0005810981163986748,32.35750532303418,0.7984078338017814,0.810100219530165,0.0,0.0,0.5301757089972529,7.5065388688564125,0.08456589955527605,6.558616349179019,0.3925664592527644,0.033233062496226706,0.019419998388829796,0.003196592860320914,24.95312674887497,0.5969117560534911,0.8353423352462561,0.023633258267738527,0.051362067364654256,0.578125,0.1552734375,0.1865234375,0.10400390625,9.666258226719155,5.517833796027786,0.1439618518557807,0.9661116084712087,0.06989738419464947,2.0674972855107985
lens_00395,0.387550099985674,0.0018048774395557719,27.435522835820304,0.8346766269061706,0.8770322586562328,0.0018048774395557719,27.435522835820304,0.8346766269061708,0.8770322586562328,0.0,0.0,0.681254307950844,2.2873667631128587,0.041819729899768454,1.5506894401310092,0.14009637655214693,0.0998646722022104,0.1512618990534671,0.0023851889057667107,26.224772193562767,0.6746535914793907,0.886752771076864,0.023951800880497982,0.042561721538815676,0.5615234375,0.14208984375,0.21337890625,0.106201171875,8.500696527775322,4.830482459235386,0.20131089064692798,0.9278856365299837,0.12745783293376556,1.474194170425139
lens_00396,0.45347329997457564,0.0011143530916033777,29.529771777098826,0.7665803674942878,0.80039114895466,0.0011143530916033777,29.529771777098826,0.7665803674942878,0.80039114895466,0.0,0.0,0.6660742887583868,6.8116565880111235,0.04150662456354648,69.20171126561536,0.19806032729643977,0.06489787361733679,0.1462139048372485,0.007653664727781525,21.161305661595414,0.31065308008183656,0.6603350543350227,0.04200090263061093,0.07674365710594892,0.607177734375,0.275146484375,0.055419921875,0.08740234375,3.336597468376435,4.503774326811734,0.18988282488143396,1.2090035621534225,0.07359068156343176,1.7955397475316437
lens_00397,0.3830100999912247,0.0003596877327733827,34.44074373634579,0.8312174926136848,0.7960532757511419,0.0003596877327733827,34.44074373634579,0.8312174926136848,0.7960532757511419,0.0,0.0,0.046854201962215694,6.201822073764106,0.02550954406055239,5.302282960754553,0.22707945981803113,0.012184468072234278,0.025579751409432527,0.002618048194741957,25.820223629350586,0.6511296528326247,0.866611844448648,0.022524726799466162,0.0459421906024448,0.48291015625,0.1201171875,0.322265625,0.095947265625,12.556340452905268,4.305096481268988,0.16364344261421732,1.0519677699807857,0.10025441429884636,2.004588962542563
lens_00398,0.38834150007460266,0.0006379428897416672,31.95218198677301,0.905809763067403,0.918780249839409,0.0006119761203776687,32.13265523917417,0.9097870044508837,0.9222258729777832,0.0,1.0,0.18500253926200322,2.9006578707835775,0.04629832595897965,1.83121361673102,0.08705184078022284,0.016490052102879682,0.016211307126540397,0.0006645172413464672,31.774937465128335,0.813275846463479,0.9563465216125765,0.01201956311681946,0.02280454656043966,0.576416015625,0.2548828125,0.109130859375,0.08203125,7.323512161907606,5.262786390075284,0.1712093276388784,1.1568769461743071,0.10337006920812311,2.0687256133208027
lens_00399,0.3804506999440491,0.0007643796372872002,31.16690890862965,0.8651872300135631,0.8827884416687654,0.0007377868856739218,31.320690687216693,0.8694950101179963,0.8871262842621048,0.0,1.0,1.0713906027662956,5.21892993789263,0.053530479426762034,1.9956876011262352,0.18358077756517688,0.04085722048788021,0.018470312782910114,0.002566174557279364,25.90713805215657,0.5746127754642251,0.8524629326553752,0.02308595686406712,0.04509116491009959,0.573974609375,0.22119140625,0.127685546875,0.100341796875,5.997988293687544,4.962585566980775,0.18716215761761806,1.102896741576683,0.08462749690411384,1.9405332185386415
lens_00400,0.4248370999703184,0.0005920539668421902,32.276387047068944,0.8445394223877749,0.8575436032885106,0.0005920539668421903,32.27638704706894,0.8445394223877748,0.8575436032885109,0.0,0.0,0.37696325006559117,5.301041843505457,0.019391679611027057,0.11804521572827298,0.22098321280525837,0.023846402215583762,0.09951167076473455,0.0014002393195522657,28.537977312656885,0.761488718529053,0.9225730263038461,0.01579185828416878,0.03392427643274055,0.55126953125,0.18310546875,0.187744140625,0.10107421875,8.639028848177798,4.8741193163736245,0.17088832327216671,1.0874478361975508,0.0940242798685138,1.9723634009101645
lens_00401,0.44878069998230785,0.0011579897446334208,29.36295286782017,0.9309895972840606,0.9514449677396271,0.0011579897446334208,29.36295286782017,0.9309895972840606,0.9514449677396271,0.0,0.0,0.25621427687502973,1.4014607590751957,0.0011233643040773345,2.4112564578062745,0.09535783114512932,0.10642622761076559,0.01825793032006917,0.004236102115717992,23.730335793109397,0.5861865601019278,0.8321547912177794,0.029234179205892,0.058150364417394525,0.57763671875,0.20556640625,0.14697265625,0.092529296875,8.334598217844109,4.804059990815082,0.18512788771358532,1.1071029678416722,0.10828794806602512,1.1768484973555058
lens_00402,0.39448160002939403,0.0013113800899168413,28.82271414313617,0.6979761459598136,0.7301141135092575,0.0013113800899168413,28.82271414313617,0.6979761459598136,0.7301141135092575,0.0,0.0,2.4341974030610563,7.825911259416378,0.05604004479420499,21.281871436627966,0.28894427443898396,0.07177282929437212,0.2785642707932835,0.008914367535255013,20.499094641198656,0.28215581128946376,0.6341240136845037,0.04603654755855617,0.08243181318000842,0.561767578125,0.2001953125,0.16015625,0.1015625,7.408929495245799,4.721953731057468,0.1950935015249825,1.1084574772498899,0.06669064520397905,1.5846398737277558
lens_00403,0.41850849997717887,0.0018081000521390118,27.427775412889567,0.8926867539623362,0.9312958509490846,0.0018081000521390123,27.427775412889567,0.892686753962336,0.9312958509490846,0.0,0.0,0.29712905106700077,0.9383179606363807,0.0047810834851401696,2.4456903254651934,0.07321431475771968,0.08737324006315283,0.01937371930938564,0.0023448880803056816,26.298778809939325,0.733073330769161,0.9065346163613031,0.02309089489154434,0.04256405353597485,0.60009765625,0.19775390625,0.131591796875,0.090576171875,7.444070623249896,4.618827404651632,0.1759026733900024,1.1692751916249653,0.1275398949050497,1.327596554762454
lens_00404,0.4160359000088647,0.0008050721211539171,30.941652122828465,0.7163567614466252,0.7403997680417003,0.0007993528979198873,30.97261446238736,0.7183581602034966,0.7425641095127833,1.0,0.0,1.5713323191748607,9.188148945609576,0.18590245704594843,7.901819003452317,0.5798664025653094,0.052886961496340534,0.26598718584296277,0.007392451197397522,21.312115338658852,0.22682052560336197,0.5955562065813731,0.04144743020138554,0.07532968689101792,0.53662109375,0.160888671875,0.227783203125,0.097412109375,11.527243380244776,4.8805067771662145,0.20940808336553934,0.9475182215790175,0.05808715915002739,1.2191619984856328
lens_00405,0.40325870004016906,0.0010085298613913538,29.963112383084372,0.8247034698483673,0.8505363536150854,0.0010085298613913536,29.963112383084372,0.8247034698483673,0.8505363536150853,0.0,0.0,0.5486124550871463,4.302982176986159,0.02801030991987108,5.8588476735014865,0.16919097017816143,0.03520166336965658,0.14123138423640047,0.002069857297230121,26.840595952009775,0.6704442814364712,0.8884829354962589,0.021113247707995553,0.04029997603536436,0.548095703125,0.1513671875,0.2275390625,0.093017578125,10.546962216332588,4.612162284838989,0.18872308430834187,1.1516866265882988,0.10740250503980253,1.9882628960911712
lens_00406,0.38437230000272393,0.0005827433350520689,32.345226848887435,0.7529663263982836,0.7235941305266135,0.0005776668888488514,32.3832252496741,0.7546882521687512,0.726456209815846,1.0,0.0,1.9259811418938475,8.552574520623118,0.10657489337499115,4.190545016137207,0.37325858317940996,0.01885846353345977,0.11044694961155799,0.0025955540454904065,25.857699236667013,0.5518822377471926,0.8395664986986615,0.024050361186555423,0.04491251687766601,0.541748046875,0.169677734375,0.20751953125,0.1025390625,8.58623695475966,4.2605601330421665,0.19698445081525048,0.8573374308446472,0.07365115981924093,2.1450191941495333
lens_00407,0.38694150000810623,0.0007728808033040683,31.1188747950847,0.8688327990220338,0.9009761686076188,0.0007728808033040684,31.118874795084697,0.8688327990220337,0.9009761686076189,0.0,0.0,0.7945062473511925,4.91309785555774,0.04231244346089713,3.8678135686243706,0.3376371792699207,0.005479485497489445,0.18067140222107148,0.0017928382503960862,27.46458890654867,0.643215333395217,0.8948943409277083,0.021100613273974236,0.036709704028475475,0.51513671875,0.13037109375,0.27490234375,0.1005859375,11.757493240507843,5.094237062303759,0.17812517944988218,1.247290438501302,0.06913704926776139,1.1907094903006477
lens_00408,0.38394259999040514,0.0013805737111623306,28.59940400689736,0.7211536868050437,0.7590121262351426,0.0013805737111623308,28.59940400689736,0.7211536868050439,0.7590121262351425,0.0,0.0,0.7419949802736616,5.075314807279051,0.06098155218790646,0.3975662926508363,0.2535065119355662,0.1017180019332602,0.32248107009920624,0.004015190526499377,23.962938420056915,0.562460299039776,0.8296769232366947,0.031023879247651213,0.05525132978423718,0.5146484375,0.125732421875,0.277099609375,0.1083984375,12.241741680577267,4.694708774175816,0.21199367092167445,1.112958860331553,0.09914664660481225,1.5756592221789905
lens_00409,0.5123701000120491,0.0006581435455845784,31.816793734737562,0.8663868335524932,0.8801045099569451,0.0006401413145828315,31.93724142627168,0.8701506264085175,0.8836004550616013,-1.0,0.0,0.5886741880018114,5.1219443925341945,0.03672671727944954,4.22076935368473,0.17896093838017293,0.019812859091153157,0.10128413045885376,0.0009711855678916951,30.126977799668918,0.7780909703993958,0.9395858440678349,0.014111128730645984,0.02778599672206906,0.573486328125,0.169677734375,0.180908203125,0.101806640625,9.49287593246469,4.283907851260019,0.19574604000759854,1.0760992230244217,0.10346472168557883,2.0686291068942415
lens_00410,0.4598629999672994,0.0011781823438303074,29.287874898622263,0.8486003879773136,0.883976560244688,0.0011781823438303074,29.287874898622263,0.8486003879773139,0.8839765602446877,0.0,0.0,0.5076134130464768,4.687957321145884,0.04255704224428414,3.2860068849176116,0.26227680279884286,0.059842217623637284,0.013913227067033795,0.002063510987529904,26.85393214302483,0.7234468087054874,0.9019462229348258,0.019545731958021097,0.041005796538478516,0.574951171875,0.174560546875,0.1748046875,0.098876953125,7.012020803422779,4.8399872534717305,0.16851255868233297,0.858103451685046,0.09378413756251255,1.5493156716211498
lens_00411,0.37293750001117587,0.0010341450690254173,29.854185344934834,0.8958364920134868,0.9207908476181434,0.0010341450690254173,29.854185344934834,0.8958364920134867,0.9207908476181433,0.0,0.0,0.9064274527593082,2.68822687188546,0.021876705095024818,0.9927520632510038,0.15730232205166267,0.06187690238995902,0.15079570148218446,0.0014809620687158674,28.294560647457402,0.7268623342377631,0.9193179591175472,0.01827339388782335,0.03386805492697104,0.572998046875,0.205322265625,0.14892578125,0.096923828125,7.552029443713445,4.787847969259786,0.21595517847415685,0.970844226670957,0.1028461422553675,1.2764707387013847
lens_00412,0.43122479994781315,0.0006039435898168201,32.19003623920865,0.7742678686834478,0.7696588956478431,0.0005919815514043067,32.27691827480041,0.7801937118473891,0.7748860973781411,-1.0,-1.0,0.24916729107229474,8.763930211964347,0.062220752981110516,8.924339298899653,0.2868170593546902,0.019906619895514455,0.05679055920593812,0.006035690054228066,22.192730702871998,0.33841209141817946,0.6954557814858532,0.038145210656201856,0.067680373508293,0.578857421875,0.259521484375,0.099365234375,0.081787109375,5.85653469876749,4.798839133441253,0.19323304404546743,1.008200990111358,0.07506829920679133,1.9172220453344022
lens_00413,0.39928990008775145,0.0013515165001261832,28.691786478046872,0.930249260445036,0.9540404779953131,0.001351516500126183,28.691786478046872,0.9302492604450361,0.954040477995313,0.0,0.0,0.35184217540196555,1.8607308257028947,0.007966907699620718,2.5206622376108214,0.17421347247839483,0.10696840915961714,0.10769918875417084,0.0017555529829631192,27.5558605890083,0.7557352639294146,0.9201721816415864,0.018220027922328463,0.03773040637831364,0.578125,0.244873046875,0.11279296875,0.082763671875,7.24126252002276,4.351432016063923,0.19155338202330977,0.8993742526821766,0.11231606569921179,1.059282405903991
lens_00414,0.4068970999214798,0.0004189337183003117,33.77854683605256,0.9398770961905212,0.9508143858610667,0.0004189337183003117,33.77854683605256,0.9398770961905212,0.9508143858610667,0.0,0.0,0.791791603492459,3.0683536626067465,0.06039946390798079,0.5455738608297906,0.11991032224838698,0.04068059824953729,0.0839965065088547,0.0006146203094181632,32.11393093083042,0.8233644567862293,0.9601343332457751,0.01202451136546855,0.02168020839013963,0.581298828125,0.19775390625,0.145263671875,0.099853515625,7.872726476363028,4.456676107303853,0.21054765738846715,0.9202555188453471,0.10564079366524817,1.4803827756118908
lens_00415,0.36897279997356236,0.0010938316779006895,29.61049503398523,0.8553476797174363,0.8897426888106912,0.0010938316779006895,29.61049503398523,0.8553476797174363,0.8897426888106912,0.0,0.0,0.329673098973568,3.5004327776971937,0.02270001838071678,3.7001931126115863,0.22552061959962752,0.08109058680756565,0.1290336100378956,0.0020890985635717563,26.800410695431328,0.7270043643757425,0.9115318815804668,0.02139121230989844,0.0403920115800712,0.57373046875,0.184814453125,0.166015625,0.099365234375,9.000458754882425,4.732568180114616,0.17709891132972427,0.8793063324778606,0.11256501858119845,1.4096740857552645
lens_00416,0.36032600002363324,0.0004706065378222098,33.27342043755011,0.9075654269538866,0.9173142577122939,0.0004706065378222098,33.27342043755011,0.9075654269538865,0.9173142577122938,0.0,0.0,0.7178190368659,2.7600871457224763,0.05892505002009407,0.9800394297243145,0.1368895166269864,0.026528346305910944,0.15436143554793014,0.0005938866952539934,32.26296404041882,0.8447079578553611,0.9616101327252496,0.011403494331330484,0.02153710779768971,0.506591796875,0.127685546875,0.286865234375,0.101318359375,10.768019127435279,4.811105360843302,0.19278908178403348,1.1204132580936526,0.10792763895408147,1.7979719665528333
lens_00417,0.3804309000261128,0.0010725657974036114,29.695760561849145,0.7675107450987834,0.7978382956323556,0.0010725657974036116,29.695760561849145,0.7675107450987834,0.7978382956323555,0.0,0.0,0.627894486591459,6.84423267899148,0.09350195947111484,6.3133497686670665,0.3441345550328346,0.027144463426851284,0.13962842944263798,0.002695441813567765,25.693700388378275,0.6244576940731648,0.8644300583557046,0.023574106481897228,0.046256927234176896,0.576904296875,0.159423828125,0.1865234375,0.101806640625,7.470767659528803,5.442440000918162,0.14933186271631346,0.9596566465313059,0.06398930387079187,1.879449617774007
lens_00418,0.35989360010717064,0.00047479134952116875,33.23497202289995,0.8045844463168665,0.7823258382400465,0.00046953222246725815,33.28334598159255,0.806369349743886,0.7850675817857464,0.0,1.0,0.6384446283657104,6.194506385985272,0.049251293972139565,1.3203493387275387,0.29878541781983997,0.012078666070050703,0.042971674974271235,0.0020702259163632845,26.839822589506554,0.6663022045650888,0.8937110025069697,0.021996528286721526,0.03982936931078302,0.513671875,0.130615234375,0.2763671875,0.1025390625,11.821710883562208,4.4453873268557516,0.16423364633147025,1.0576990884689197,0.07817611652541862,1.8309223458279924
lens_00419,0.42816389992367476,0.001912587419682478,27.183787051845236,0.7820225374458566,0.8279118116481355,0.001912587419682478,27.183787051845236,0.7820225374458566,0.8279118116481355,0.0,0.0,0.6204783965535372,3.6379634804182626,0.006196323013095695,6.222672712619527,0.13977716653462222,0.07940102230064938,0.19296708219379188,0.005603292570582322,22.51556700667858,0.467619761868539,0.7711857513813913,0.03570791144571815,0.0657893428358049,0.55615234375,0.19873046875,0.16162109375,0.104736328125,7.482621432299306,6.028098407616762,0.17891285681128363,1.2224080925996017,0.08165275907894098,1.532204456704862
lens_00420,0.40706060000229627,0.0007115895711656729,31.477704254256476,0.8314751651196561,0.8525438888683046,0.0007115895711656729,31.477704254256476,0.8314751651196561,0.8525438888683043,0.0,0.0,0.36703551889079833,4.074791676291397,0.01695174765149554,3.9092451660428367,0.18731522656179347,0.03700203881720565,0.06793986392409396,0.0018781376917556092,27.262725715067553,0.7456131034422122,0.9069314966739397,0.017702469623490272,0.03955705071140938,0.560546875,0.198486328125,0.166748046875,0.09716796875,8.267380476184986,4.913954359942857,0.17031730616628454,1.100948843302222,0.098435481078688,1.720157001120358
lens_00421,0.42562530003488064,0.0003594720544811963,34.44334866216703,0.7659090304871541,0.6372201027013398,0.000352144094456075,34.53279590436906,0.7701879732372701,0.6466508663563435,-1.0,-2.0,1.7466749870978389,10.874216057433902,0.00872160470507688,1.2798822321646242,0.42051377616960356,0.023150227047991967,0.14975822314810905,0.007454830232764902,21.275622421925977,0.31649460153745,0.6836459340204417,0.04429832480879792,0.07411132607030549,0.603271484375,0.240234375,0.09765625,0.08447265625,6.504384250961905,4.328872622529592,0.2052665039794923,1.0284979315093723,0.06408644608634373,2.1292369340878423
lens_00422,0.4155386999482289,0.0005232123973163689,32.81321974121285,0.7274345943459252,0.6860724605519725,0.0005199826550330577,32.84011142805712,0.729797608388256,0.688449540555291,0.0,1.0,1.7705574714851255,10.142953900144118,0.31886031802206516,0.5256214126072791,0.532951722678596,0.059894077395012735,0.04604908606076541,0.006555992723203228,21.833615371446193,0.32603514031863207,0.6804794636693404,0.039623556376168566,0.07061137658556035,0.575927734375,0.213623046875,0.140380859375,0.08984375,7.253598464836822,4.2968407445846655,0.18554596597299805,0.9322612010592315,0.05701313566529849,1.790810915206718
lens_00423,0.36275500000920147,0.0014627805441621911,28.348208246665013,0.7850376915930244,0.8308966700481542,0.0014627805441621913,28.348208246665013,0.7850376915930243,0.8308966700481544,0.0,0.0,0.4772460039472435,7.241532170360885,0.054494906805502064,2.5433202134963437,0.32310074788195164,0.026704153802928343,0.16282278757156432,0.0036881990401822946,24.33185649516373,0.48758951313617943,0.7938565649050326,0.028351874906637625,0.05370633323417887,0.604248046875,0.2529296875,0.080322265625,0.08154296875,5.089542917090786,5.71961486737658,0.1494430226016243,1.0334761499137388,0.05933478462090479,1.477163871619755
lens_00424,0.49277020001318306,0.0015014634860995952,28.234852248890952,0.8283381061958495,0.8660030032558674,0.0015014634860995954,28.234852248890952,0.8283381061958497,0.8660030032558673,0.0,0.0,0.8838022836877852,3.0619011707105432,0.011839255042060848,1.262880273069328,0.14885068003754684,0.0729737387422843,0.25492804385585477,0.0021227166312434292,26.731079774313518,0.6317338006360579,0.877965961432221,0.02253843415693578,0.04018377305576095,0.571044921875,0.180419921875,0.172119140625,0.102783203125,7.833996461565794,4.647581782783603,0.21471174853382463,1.028385033528322,0.11028720166029454,1.4476123107881318
lens_00425,0.38736359996255487,0.0006418984210799485,31.925336925773035,0.8915061326774961,0.9063099504190221,0.0006418984210799485,31.925336925773035,0.8915061326774965,0.9063099504190223,0.0,0.0,0.9079258671151077,6.173825298614983,0.0607503092282784,18.420879171867426,0.18906881593706223,0.008403902106782324,0.010372659885484858,0.0014868424292427786,28.277350541655707,0.6420523298378626,0.8948257902598785,0.017963673404676465,0.03411962583401081,0.593994140625,0.251708984375,0.081298828125,0.093017578125,4.39367052934102,4.945576946961694,0.18359524582663667,0.8816710248432622,0.07898035046131685,2.01997739182739
lens_00426,0.38890350004658103,0.0008891967581902914,30.510021293093427,0.8093830368346,0.8331199070974331,0.0008891967581902914,30.510021293093427,0.8093830368345999,0.8331199070974333,0.0,0.0,0.14820356189149103,6.86204099699179,0.05671385640162119,3.5541102281627275,0.2867997799338608,0.0020403596382719824,0.18921117950870103,0.0022635286422246735,26.45214005661142,0.5895390727630468,0.8578508221833716,0.02161832179974804,0.04238132613294695,0.567626953125,0.216064453125,0.145263671875,0.089599609375,7.430268913033515,5.193509635455188,0.17819500927372925,1.012826709224738,0.07387000422240016,1.8585473246589912
lens_00427,0.3845637000631541,0.0009451641756194767,30.24492747710032,0.7860438998670011,0.8099091397427686,0.0009451641756194767,30.24492747710032,0.7860438998670011,0.8099091397427686,0.0,0.0,0.8506969227611524,4.485286346806742,0.07453246156877358,1.229925010536192,0.23253758361054463,0.06816205079978854,0.2062780912505724,0.002431897685093963,26.140547006714353,0.6672281043309928,0.8940876242645185,0.025301214998741738,0.04232902319545549,0.5400390625,0.14453125,0.23095703125,0.107666015625,10.082176533284098,5.588137617318378,0.15635536563845112,1.165066207314025,0.07632215677581891,1.5495893602409532
lens_00428,0.3875599999446422,0.0010620231223427128,29.738660277022596,0.7564616403203803,0.8326152101636971,0.0010240343042584677,29.89685494629116,0.7623462610963044,0.8391785725212314,-1.0,0.0,0.8738312543724395,11.084854242000453,0.08715096075724416,26.37231018597936,0.6397552290155785,0.11144273794554704,0.10304141846639614,0.00902281776719932,20.44657813938887,0.23938271528559882,0.6232520148979185,0.049099920091948336,0.0813143014122584,0.5927734375,0.251953125,0.096923828125,0.081787109375,5.481785332208165,4.429796201734057,0.20825076020897618,0.9804570840215775,0.0504566001700709,1.2555482478286155
lens_00429,0.3785353999119252,0.001610485824032906,27.93043093614473,0.7880910457675973,0.8278828386274868,0.001610485824032906,27.93043093614473,0.7880910457675973,0.8278828386274868,0.0,0.0,0.47465400951983105,5.903316841330966,0.023470787905604085,6.576179018236331,0.23600151116350068,0.03138620806152281,0.2266176251603177,0.004161019147985909,23.808002856861474,0.4401416739498754,0.7714957279896985,0.03070139574435902,0.056731326860334955,0.609375,0.21533203125,0.102783203125,0.09423828125,5.368578037714153,4.0478031449436545,0.22123095523270336,0.8592892022972173,0.08289116843042321,1.3067602637891926
lens_00430,0.42474960000254214,0.002351253409126439,26.287005617493897,0.8911269382431551,0.9299603066193913,0.002351253409126439,26.287005617493897,0.8911269382431551,0.9299603066193913,0.0,0.0,0.6411642869709788,1.161762953834069,0.04311223856726798,2.537558569454802,0.08945556062824829,0.10472651658882703,0.07632499399973813,0.0042927172385316004,23.672677175745584,0.6271047210084847,0.8486441648697448,0.030689952534475883,0.05788647555313086,0.566650390625,0.193115234375,0.15771484375,0.1064453125,7.668104323419349,5.857131265440167,0.16099145286072952,1.1283400246119586,0.12092908642705656,1.1969439871285987
lens_00431,0.43207669991534203,0.0004060356265668434,33.91435858682473,0.7457654194289942,0.6254866572941178,0.00039052659214386685,34.08349388347149,0.754024102383502,0.6438059861722593,-1.0,3.0,3.957239254852477,10.23221921295916,0.11853860502201563,5.419560512132051,0.44107609736225795,0.07955251169216093,0.34563263704790315,0.010258400908985721,19.88920332258182,0.24880261218161265,0.6035806723838587,0.050378396084376845,0.08786590986811303,0.570068359375,0.20458984375,0.1474609375,0.10107421875,6.837386871767667,5.261970029205296,0.18194433928225434,1.0456266261514087,0.055261643207866196,1.8841947630119134
lens_00432,0.46119229996111244,0.0017526268103579474,27.563105490838335,0.8647168547567076,0.90229499079993,0.0017526268103579476,27.563105490838332,0.8647168547567072,0.90229499079993,0.0,0.0,0.4050893912698555,3.4513083097286277,0.040262561896411864,6.85757692701651,0.18791195599290983,0.10150381540512143,0.08079957205076094,0.004455255702124142,23.511273652893514,0.5244533948538547,0.8127767555770158,0.03253957965278108,0.05827891092105666,0.57763671875,0.197998046875,0.1474609375,0.096923828125,6.5975723376200595,4.53002481984757,0.21436453784861711,0.9525020157520547,0.10443366054923361,1.2575136621189207
lens_00433,0.5514113999670371,0.0007099155310557221,31.487933225185905,0.6905037992202316,0.6834507559786431,0.0007064869195578046,31.508958746030448,0.6929722683822307,0.6853310210684205,1.0,0.0,0.47499925766612927,10.780606003245577,0.07502659798787459,9.412278924103646,0.5373183709747107,0.1120802589069273,0.2423428546856885,0.008437957557808112,20.737626634120772,0.2428923542153487,0.5902742726464709,0.0429072022411031,0.08122148455703816,0.583740234375,0.18798828125,0.150146484375,0.102294921875,6.973076370709944,3.9821779369415036,0.24605713478235514,0.8742356045993421,0.07403307688991055,2.1967217359071625
lens_00434,0.41734200005885214,0.001497448793501499,28.246480197433037,0.7742963524375621,0.8192135473214257,0.0014974487935014988,28.246480197433037,0.7742963524375621,0.8192135473214258,0.0,0.0,0.4548067919525067,6.440578566047082,0.07807743355219277,3.4231074268313364,0.3055046072793837,0.07372921830029511,0.19097625952055364,0.008334348256788564,20.791283561895696,0.31225769007500465,0.6588552706722629,0.044455423148080694,0.07973746678640886,0.56787109375,0.182373046875,0.1728515625,0.100341796875,7.679479805654614,4.396922164772624,0.2030563867252425,1.024746613051102,0.07984380582771991,1.247717942805584
lens_00435,0.4370591000188142,0.0006939585960224725,31.586664402877652,0.7567445435398586,0.7949600817606247,0.0006747807515702944,31.70837314355044,0.7632182143010434,0.8013316623320429,0.0,1.0,1.7002199647557084,10.345371255400439,0.0697661586090571,9.074051790723303,0.5714770816472675,0.060179141571422234,0.20810354536474907,0.00697499325703165,21.564562079017286,0.2814918717420559,0.6332466209646344,0.03739820724555858,0.07467507851920813,0.6015625,0.231201171875,0.095458984375,0.09130859375,5.739565304222186,4.008379411807649,0.20804901572054893,1.063975871541919,0.054529326321359504,1.6469092935755842
lens_00436,0.42866860004141927,0.0005004895961716162,33.006049459013845,0.8135436873819398,0.7990877890076373,0.0005004895961716163,33.006049459013845,0.8135436873819397,0.7990877890076374,0.0,0.0,0.7231528727590745,7.1196806929635725,0.04395363628472859,8.278288839367306,0.2070512383197788,0.018473538267399503,0.15995158058672043,0.001786257041461911,27.480560461998394,0.662174827286718,0.8918747989630363,0.018127937235054504,0.03817898549023842,0.60205078125,0.286865234375,0.0478515625,0.081298828125,2.9500927439584275,4.862453715696569,0.18879744744236907,0.9243411678283957,0.0735696512062942,2.1982079532994074
lens_00437,0.39545329997781664,0.002426779963484473,26.149695994309944,0.7772128774105485,0.8469893978212971,0.002426779963484473,26.149695994309944,0.7772128774105486,0.8469893978212971,0.0,0.0,1.1786699101087628,3.1117272008081933,0.007871039833255655,2.195693046742065,0.14679098569569576,0.12608963055490374,0.17764086128323148,0.004915805973546771,23.084052670144114,0.5355196602165404,0.8073182203412431,0.03473011375487552,0.060906692342633226,0.6025390625,0.263916015625,0.073974609375,0.08203125,4.758475391580484,4.336961110797149,0.20817709872262277,1.0380080482778182,0.11457953403079262,1.3344764383831564
lens_00438,0.4066776999970898,0.0014763513854290228,28.30810264063976,0.7580726462642067,0.8037992070957989,0.0014763513854290228,28.30810264063976,0.7580726462642067,0.8037992070957989,0.0,0.0,2.1913012884316183,6.8453101708639945,0.03249142248722381,3.6651350996747567,0.2505302840960713,0.08048367757361108,0.24873230196490848,0.010173105996754573,19.92546430429432,0.206860297768907,0.5574653598091636,0.04902589552410741,0.08814515054620917,0.5966796875,0.275634765625,0.06689453125,0.082275390625,4.055049849395098,4.975204150236329,0.19534993017468352,0.9813952791667546,0.07495349297399594,1.6291350435419432
lens_00439,0.43522580002900213,0.001997039732777692,26.996132943909686,0.8720752226180631,0.9136269631785651,0.001997039732777692,26.996132943909686,0.8720752226180633,0.9136269631785651,0.0,0.0,0.930713649716643,1.265392045029186,0.019276726828112434,2.017451616452661,0.11637347980148315,0.09225800228582681,0.19963083076756838,0.0019264113202535128,27.152509783514695,0.7459188728502673,0.904444282814887,0.01861520813145549,0.03974777159132454,0.58544921875,0.238525390625,0.103759765625,0.094482421875,5.819304915447932,6.345448668052075,0.1515177502535166,1.2267932111640483,0.09491514021042803,1.4278713087850794
lens_00440,0.38518629991449416,0.0010797703237553518,29.666686127847633,0.6262883855502634,0.6045627993134307,0.0010797703237553518,29.666686127847633,0.6262883855502634,0.6045627993134307,0.0,0.0,0.9062379558477085,8.607501309009304,0.03484396827853731,5.0378981254008295,0.3400375109185199,0.07109073544713829,0.4890299092168121,0.008864715567399265,20.523351945797806,0.32285047632631436,0.679924043665841,0.047722013313267066,0.08116233740305674,0.509765625,0.1220703125,0.285400390625,0.105224609375,11.2115355330452,5.145635854445168,0.22152850561884566,1.0899234114083791,0.06396722404916216,1.8501766875764147
lens_00441,0.39417390001472086,0.0012000228877330022,29.208104706845806,0.9431646248754713,0.9622663537357456,0.001200022887733002,29.208104706845806,0.9431646248754714,0.9622663537357454,0.0,0.0,0.7237546800279354,1.0662761371003668,0.03416243349361625,4.934430836466348,0.08377165433283648,0.07759890059095731,0.05942608007704253,0.0016042962416113102,27.94715433921018,0.7720611154557411,0.9305348863528103,0.018836795278931725,0.03534786252704576,0.6025390625,0.221923828125,0.1025390625,0.0986328125,5.955579452293539,5.360113559369194,0.19127915990474972,1.188000274185565,0.11430215967816233,1.115983528386632
lens_00442,0.38264590001199394,0.0015415219127322447,28.12050297398026,0.7835442048788094,0.8366300023405141,0.0015415219127322447,28.12050297398026,0.7835442048788093,0.836630002340514,0.0,0.0,0.8710235463801611,7.481807685252329,0.15171485762688597,18.96993166463571,0.3614331560766249,0.06915167688012724,0.2245720878290598,0.006515126456652263,21.860771503438308,0.32798741168732404,0.6594819846197382,0.0365098003438142,0.07198722758592031,0.599853515625,0.248291015625,0.082763671875,0.087646484375,4.941536685778669,4.836984770442442,0.18865129587925972,0.9113914731182406,0.06803096469085171,1.3102788855810732
lens_00443,0.37079920002724975,0.0013947769744254634,28.554952307558437,0.8377395198441625,0.8912415699623267,0.0013947769744254634,28.554952307558437,0.8377395198441624,0.8912415699623266,0.0,0.0,0.5124219160004737,5.974300075194611,0.12131779451779368,1.420232646453286,0.4107944332697053,0.04504945655762593,0.167457684399554,0.002654320112303386,25.760467021861682,0.6156201652803098,0.8639905135039161,0.023631272441295946,0.045780815579330086,0.5654296875,0.136474609375,0.21533203125,0.10400390625,10.400647111250288,4.61516839902528,0.18836868088169278,0.8706646191340991,0.08289022390399145,1.0022713763812277
lens_00444,0.4147075000219047,0.0012388179258329254,29.06992518980413,0.894226273767958,0.916282230771418,0.0012388179258329254,29.06992518980413,0.894226273767958,0.916282230771418,0.0,0.0,0.19733416853488528,3.759395855452903,0.05106079158364518,62.961280907935475,0.11107603886005739,0.031166216455463913,0.08244998413198745,0.003816100429300838,24.183802043774698,0.48337741824310904,0.7992851875632709,0.02919638234928157,0.05443961505205009,0.5947265625,0.32666015625,0.0234375,0.076416015625,2.424842958891062,5.490512766781128,0.16795136654449128,0.9746788868078748,0.06635782348594732,1.2814571894682947
lens_00445,0.4119279000442475,0.001003948106337311,29.982887351131204,0.8063251074873135,0.8460147657405573,0.0009817510923662205,30.079986068302887,0.8100141817438665,0.8497210552869595,0.0,-1.0,1.7243881477958949,6.830547860343993,0.10226870244275399,3.249338138053048,0.370028695217861,0.023105099003272733,0.2538367400755439,0.004299349977656925,23.66597200805601,0.44169271488274425,0.7598520191048983,0.028431826367312386,0.05908452612212377,0.561767578125,0.2099609375,0.148681640625,0.10107421875,6.306355573677103,5.815238687623651,0.16573960015649983,1.115307497937635,0.05682124432685491,1.4847304266786607
lens_00446,0.38587350002489984,0.0016808322682234597,27.744756230385207,0.8999120780311557,0.9314271094732701,0.0016808322682234597,27.744756230385207,0.8999120780311557,0.9314271094732701,0.0,0.0,0.619990244247047,1.8595869927145152,0.006014453051632063,0.8616220129822239,0.17620066993357458,0.11479669535653347,0.14034640816118948,0.0019920616350674533,27.0069722848482,0.7613665693025763,0.9175762732261007,0.019175620398071795,0.040303315216201584,0.58740234375,0.201416015625,0.1435546875,0.090087890625,8.877105298419023,4.175079555151802,0.1951186827336208,1.1779787851259695,0.11625559116805464,1.1554272636190641
lens_00447,0.3834131999174133,0.00041076339641563965,33.864082638161726,0.8555165825929574,0.8528991275751633,0.00041076339641563965,33.864082638161726,0.8555165825929574,0.8528991275751633,0.0,0.0,0.5522674731622735,4.155258631178265,0.018188900366799654,0.3186758822295701,0.17201761915466973,0.005996347751386577,0.15701285446589353,0.000619900943322994,32.076777027681885,0.8881297013342833,0.9678912861754909,0.010567356104129781,0.022543999829034447,0.5283203125,0.19189453125,0.2021484375,0.09619140625,7.810101294506813,6.117006095367454,0.14289326144233083,1.119176717584358,0.10734570952904618,2.1106460741865205
lens_00448,0.3521050000563264,0.0006328064740126866,31.987290863788957,0.943867133280158,0.958169076775621,0.0006328064740126865,31.987290863788957,0.943867133280158,0.9581690767756211,0.0,0.0,0.24555065803207723,2.178998401688389,0.009660879382277221,2.035100560372385,0.14106820707196005,0.07581747722814403,0.06916669054652447,0.0008649897333059164,30.629890472115427,0.8289830609628007,0.9563591316803216,0.01467384823961275,0.025488583937651972,0.5380859375,0.13818359375,0.243408203125,0.1005859375,10.641716348095967,4.4278909374295825,0.17245271840858561,0.8701568374080096,0.12322458825757472,1.3691468067949764
lens_00449,0.40713149996008724,0.0009953599429332464,30.020198409007154,0.8409680865459443,0.874560815761148,0.0009953599429332464,30.020198409007154,0.8409680865459443,0.874560815761148,0.0,0.0,0.3191131327334986,3.60664808160522,0.008412711666698658,20.85100883494465,0.12104621705314621,0.05164572465511574,0.14840841703376412,0.0018588879208076606,27.307467946509895,0.7326426292212879,0.9103248814977786,0.020248277426212078,0.0380643557948747,0.605712890625,0.27880859375,0.05908203125,0.079833984375,3.509598687284331,4.514235088185082,0.1630490258283835,0.8927249118514115,0.11549647930571141,2.0922862402728626
lens_00450,0.3618726000422612,0.0008240932304766689,30.840236533621454,0.9454745699772444,0.9612530534160489,0.0008240932304766687,30.840236533621454,0.9454745699772442,0.9612530534160493,0.0,0.0,0.7150369867816289,0.5025068987701466,0.0036638266164988886,0.8143029156101846,0.06845407989700777,0.08254236446973473,0.06668415756935908,0.0014583675965175167,28.361329938388018,0.766947699003216,0.9313899906053925,0.019250851102916695,0.03298139366871643,0.54541015625,0.16845703125,0.197509765625,0.109619140625,8.253411716293947,5.766991582567367,0.15818280551278438,1.1147335849905788,0.12301857665468363,1.359230405523051
lens_00451,0.4771716999821365,0.0008923033202943556,30.49487490984827,0.8902547156512787,0.9240407767583647,0.0008923033202943556,30.49487490984827,0.8902547156512788,0.9240407767583648,0.0,0.0,0.5510778337892249,3.1379210841143816,0.06399134709053467,3.1756941920881445,0.28141532065293523,0.08497245198304837,0.04699363484464991,0.0012818533546831614,28.92161655702306,0.8288579584544008,0.9541981232337919,0.01802148730761196,0.030936699079002313,0.549560546875,0.15966796875,0.210693359375,0.10205078125,10.259209075691064,4.886413269789796,0.16102581309048625,0.8574010387951543,0.1120173451665604,1.2237553121889229
lens_00452,0.41624579997733235,0.0014174185651972483,28.48501883194428,0.7799920883639816,0.8193645087120761,0.001417418565197248,28.48501883194428,0.7799920883639815,0.819364508712076,0.0,0.0,1.85513474514275,5.467453677482393,0.0864555680191128,1.0519743574579081,0.19213950190507015,0.05287580208274145,0.25678224781931736,0.006919966485708785,21.59896008882402,0.3455716680282668,0.6818411957843581,0.03964946169042305,0.07312924636127778,0.588134765625,0.244140625,0.102294921875,0.086181640625,6.155144653072199,5.773886112282816,0.17826861147975653,1.144048084830157,0.071262800521805,1.389989221149794
lens_00453,0.39611089997924864,0.0010107018370234062,29.953769449369897,0.7790864573679518,0.8030905983826793,0.0010107018370234064,29.953769449369897,0.7790864573679519,0.8030905983826794,0.0,0.0,0.6235040237892872,6.053600963800049,0.03501505129279303,10.861285513929147,0.21131424469874865,0.023288476757580612,0.0016792853427447518,0.003855712330011098,24.1389537574152,0.5027501459862975,0.7999999260983438,0.030103091597188596,0.054309448591404165,0.57177734375,0.1982421875,0.151611328125,0.10107421875,6.955880956269721,4.886463485654663,0.15160317610363863,1.2323645954423945,0.066740645331787,1.8029231002209074
lens_00454,0.3879824000177905,0.0010065229257870748,29.971763286447477,0.7959339717280285,0.8285978818969433,0.001006522925787075,29.971763286447477,0.7959339717280285,0.8285978818969436,0.0,0.0,1.0644620906514743,4.6156488904562565,0.1099308872891619,13.679006015104065,0.18211616283938262,0.07210425841130963,0.2362695680028577,0.003960976887458963,24.021976917230287,0.5567402208312769,0.8147385526803251,0.028818783896006495,0.055950465433401354,0.5556640625,0.193603515625,0.17236328125,0.099609375,7.855650936422132,4.950994496961542,0.20172709002024306,0.9641019858889419,0.11086599969452197,1.6918105901671106
lens_00455,0.43929140002001077,0.0013474921536217716,28.70473755008525,0.906300963260184,0.9349931616461676,0.0013474921536217716,28.70473755008525,0.9063009632601842,0.9349931616461676,0.0,0.0,0.9298112804647886,0.683293138871214,0.008991316139344563,5.2974514313002175,0.07847276410718826,0.11354638857686994,0.029755961414625665,0.004192068984924876,23.775715791909096,0.6443608825806315,0.8521450062615925,0.029078712076940242,0.05784891951342987,0.52392578125,0.156494140625,0.243896484375,0.095703125,9.60351477284013,4.9947312123102074,0.16223315568850488,1.1169166918621831,0.12848814152751492,1.3734433093219869
lens_00456,0.43914130004122853,0.0012582983437019028,29.00216375057868,0.8939851469134061,0.9243288966149472,0.0012582983437019026,29.00216375057868,0.8939851469134062,0.9243288966149469,0.0,0.0,0.44859050228897146,0.32438072717856237,0.01730179109062413,0.8685774788563094,0.10399587303002364,0.11254560322050822,0.16732150214621766,0.0019087580479687184,27.192491187994197,0.7913684035914953,0.9234367232537983,0.017942072606034122,0.039835161334787116,0.511474609375,0.162109375,0.245849609375,0.1025390625,9.399033907858053,5.86399523876465,0.1861853294182128,1.243077038315117,0.1289065888888794,1.4777798027788138
lens_00457,0.4786768000340089,0.001612788472854114,27.924225892733464,0.823399119770811,0.8656649437725642,0.0016127884728541141,27.924225892733464,0.8233991197708115,0.865664943772564,0.0,0.0,0.9760539892211478,6.54140633718907,0.06807902903088281,23.243977458754358,0.24727093049762286,0.07233584656576209,0.08431707690134838,0.007159465864261221,21.45119377253168,0.27170140910814233,0.6207647535268462,0.03790192155799978,0.07564991874729576,0.615966796875,0.276611328125,0.04638671875,0.0810546875,2.8838984771329534,5.5418897494948025,0.16978172039201278,1.0591574369941479,0.06115799719016933,1.4241554597478114
lens_00458,0.5509921000339091,0.0022606158974968786,26.457732226031073,0.8907168869165929,0.9307881714920213,0.0022606158974968786,26.457732226031073,0.8907168869165927,0.9307881714920213,0.0,0.0,0.7264979660407758,2.119644868388212,0.023045972898260825,3.9218838667809166,0.06766676955112848,0.0692488482986281,0.02901624223194721,0.004026455049203633,23.950771449490006,0.6290377714864437,0.8594652044085316,0.03027259751379283,0.05576759712388133,0.611572265625,0.287841796875,0.03857421875,0.08544921875,2.543954584417839,4.901566420440258,0.18369456815357463,0.8944740982992389,0.112391769409249,1.2455552744506897
lens_00459,0.5482021999778226,0.0006427387504790187,31.919655158482925,0.8920657249933703,0.9055756114348607,0.0006427387504790187,31.919655158482925,0.8920657249933704,0.9055756114348607,0.0,0.0,0.789351433210484,3.6133633587791874,0.04875607175438279,6.01134899722345,0.10988361656035542,0.001500759954028208,0.13591961174760347,0.0005440667014002521,32.64347853474096,0.8332570117790047,0.9629842656093965,0.01106446888800397,0.020533977442927228,0.585205078125,0.243408203125,0.09912109375,0.099853515625,5.30894871877218,4.649713183237674,0.20635311357338423,1.0547346139955596,0.1122946070331926,2.14680369218416
lens_00460,0.44882379996124655,0.00214991790048807,26.675781242917346,0.7532102337441673,0.8076734003792818,0.00214991790048807,26.675781242917346,0.7532102337441673,0.8076734003792817,0.0,0.0,0.9871362023536091,5.06689900766416,0.08170169248428893,2.2708378363274733,0.25120973069613195,0.10361445744948994,0.2903683386747131,0.005494145995793303,22.60099804266572,0.42317449730408657,0.7437110559395926,0.03607229417573858,0.06475288092967199,0.546630859375,0.18310546875,0.194580078125,0.097900390625,10.360346711449033,5.678172576628032,0.1903134047367127,1.0942030863550927,0.08073608884115467,1.2868816268345422
lens_00461,0.4421816000249237,0.0007115906911453196,31.47769741884717,0.8984560089936249,0.9218347532926383,0.0007115906911453195,31.47769741884717,0.8984560089936248,0.9218347532926382,0.0,0.0,0.3010650271808856,1.9855210664029208,0.040100107555648745,0.26935974271842156,0.1245618684699997,0.043549225201275577,0.05286385530881088,0.0007256551755204086,31.392697029145683,0.9030595797004495,0.9741359759802074,0.01216850295260915,0.024032950534895854,0.635009765625,0.211669921875,0.090087890625,0.0859375,5.887577329181715,5.6624052645524605,0.13461607010120025,1.0013229961305476,0.11872564705657133,1.9583981598857279
lens_00462,0.5232331000734121,0.0015057489471349487,28.222474318290686,0.9126973705059259,0.9445938353724362,0.0015057489471349487,28.222474318290686,0.9126973705059259,0.9445938353724362,0.0,0.0,1.125537131376248,0.8832040102244552,0.026347144247924392,2.694439313673442,0.0427765191972824,0.06289998887001946,0.09500401208728937,0.002051020773426499,26.880299409291418,0.7315165539479341,0.9144862739941817,0.022143636333109694,0.03950544447760945,0.582763671875,0.24951171875,0.0986328125,0.093017578125,5.493409532572041,5.544539250127165,0.17099794527600573,1.23411060293558,0.12868872481116111,1.537344618930379
lens_00463,0.37166259996593,0.0007668352370122671,31.15297938975535,0.7763024433042396,0.7838551677274204,0.0007668352370122672,31.15297938975535,0.7763024433042395,0.7838551677274203,0.0,0.0,0.9932981736875232,6.4602993118535945,0.0900059324523047,3.7321348076359016,0.3095825019865466,0.0005964842632911749,0.2790504354527503,0.0024101782638140715,26.179508345505937,0.6229448175936962,0.8719906245902421,0.022131082833163833,0.04382229382911981,0.538330078125,0.180908203125,0.2001953125,0.100830078125,8.880220700413076,4.84394735489588,0.1881004943526861,1.164108881567961,0.06984678852163438,1.8618119119102958
lens_00464,0.37299820000771433,0.0012214222962839425,29.131341564993942,0.822588625970331,0.8715857259170344,0.001221422296283943,29.131341564993942,0.822588625970331,0.8715857259170346,0.0,0.0,0.3189687214084588,6.506642311309487,0.1578526756283115,1.8634219404084007,0.40805008815300203,0.01174714171692215,0.0037933356902307702,0.003526506803202395,24.526552739942243,0.5591963909865943,0.8327231010152664,0.02662240636997562,0.0530825233224107,0.58251953125,0.229248046875,0.10546875,0.103515625,5.5116289084891195,5.870615660463197,0.14001434710283994,1.0413314139663261,0.05212778467259481,1.150217478857912
lens_00465,0.33985109999775887,0.0014879354328695114,28.274159140568607,0.8674285073337314,0.9002786932096345,0.0014879354328695112,28.274159140568607,0.8674285073337319,0.9002786932096345,0.0,0.0,0.7723029587924441,2.9688875696067143,0.02901111108474219,34.67878408399537,0.08663930705808551,0.06299886111411257,0.026827912096481277,0.0028938045575112913,25.385308037147773,0.5772109767132042,0.8444850278064199,0.02553525063549424,0.04734718082941985,0.6259765625,0.262451171875,0.05126953125,0.08154296875,3.053848956155019,5.05705619353475,0.17529490981000073,1.0964238815994733,0.08479241847850638,1.5318081298830597
lens_00466,0.36095879995264113,0.00042684512901614794,33.697296702068826,0.8917305740222349,0.9007423471042217,0.00042684512901614794,33.697296702068826,0.891730574022235,0.9007423471042219,0.0,0.0,0.9873461594504487,5.070719473472794,0.014547705821311374,0.11860607613166962,0.18955957944403626,0.028653496277691315,0.11977386275615642,0.0014454866575157326,28.39985912705904,0.657910805824592,0.9048719683581263,0.018845971100094436,0.03301993384018414,0.548583984375,0.2119140625,0.162109375,0.100341796875,9.377132996257691,4.794387869779393,0.2122766437104022,0.9302415231129971,0.10308724141113412,1.648005997537033
lens_00467,0.5149871999165043,0.0006592697337727049,31.8093686170089,0.680771561597998,0.6084684675932195,0.0006381442262686568,31.950811557712086,0.6905601114135219,0.6248311578228811,-1.0,3.0,5.0107676449376175,10.083713643547833,0.13245807298080692,0.1256451875845528,0.3936864917298132,0.07903994573371897,0.4463211318286394,0.009633184021265728,20.162301433724142,0.22435713133567803,0.5993443283576734,0.051450125273805214,0.08358270533175796,0.578125,0.2353515625,0.128173828125,0.082275390625,8.045299976146898,4.007409269060971,0.21108754976693792,1.1371632037247756,0.058149699120628805,1.9642846821237612
lens_00468,0.5221017999574542,0.0005836106576690132,32.338767857906156,0.7887798540679387,0.7818970304440562,0.0005836106576690132,32.338767857906156,0.7887798540679388,0.7818970304440561,0.0,0.0,0.9528559135503887,5.404526967647282,0.01720155802297374,1.5674771398581981,0.19472986224022343,0.05646827572268842,0.24164132387629722,0.0022699019073002514,26.439929102248048,0.6642477956819358,0.8874706068178366,0.024122828447248713,0.04108516830931644,0.514404296875,0.1689453125,0.23583984375,0.103271484375,11.731581426512696,6.304831881298278,0.16457519335335447,1.2002057286941286,0.09758457834562798,1.903484597782842
lens_00469,0.3982189000817016,0.000701810472490524,31.537801554838044,0.7827933282880518,0.7843132162874522,0.000701810472490524,31.537801554838044,0.7827933282880517,0.7843132162874521,0.0,0.0,1.0550013232011788,6.314178769465796,0.059489203876410546,2.1974861547895017,0.24416399887529833,0.009841911139102488,0.26601778871487336,0.002186078428473075,26.603342612142757,0.6161555248922781,0.8688854103887439,0.02183678903618609,0.04134287209498365,0.56640625,0.189697265625,0.163330078125,0.101318359375,7.232872383340895,5.502128868948513,0.1743251212810128,1.087710890068161,0.07359538118683534,1.9795199754728277
lens_00470,0.41149810003116727,0.0010616251892125615,29.740287855032324,0.9122639324567644,0.9419323583046013,0.0010616251892125615,29.740287855032324,0.9122639324567644,0.9419323583046013,0.0,0.0,0.5957286413189338,0.7504212307919857,0.02837702987590318,3.5019833669361162,0.040763992068538375,0.033285650177693915,0.0237287056090853,0.0009037495044491742,30.439519278330124,0.8301511230572904,0.9518763427754622,0.01402356015971645,0.02659115012360292,0.614501953125,0.28662109375,0.0478515625,0.076171875,2.8738891749574025,4.522785819967351,0.18595023843884959,1.0850908935944286,0.1291039187538383,1.6613811330016497
lens_00471,0.40943220001645386,0.0018495725829420306,27.329286209570334,0.807786901022617,0.8558949405303906,0.0018495725829420306,27.329286209570334,0.807786901022617,0.8558949405303906,0.0,0.0,0.5706770619756469,3.534710642199764,0.014560464766045333,4.517229157187984,0.16192695006792798,0.08085080963840485,0.23245661868489786,0.0034673826745072827,24.599982251865082,0.5809978895796691,0.8413805046587894,0.028344020562172237,0.05161394358967778,0.594482421875,0.236328125,0.101806640625,0.09033203125,6.549262603944496,4.375135674080203,0.2207428673213545,1.028930647065367,0.10896096330622064,1.3524448182092457
lens_00472,0.4088153999764472,0.0007498619066462113,31.25018708212941,0.7192743186473473,0.6968238021665911,0.0007498619066462113,31.25018708212941,0.719274318647347,0.6968238021665912,0.0,0.0,0.8885721996189945,7.3100123346031065,0.08283199426782162,15.39520180490237,0.1818912063375548,0.02680735550802471,0.23138427200881395,0.004360915505882833,23.604223278379997,0.42021850007931366,0.7564463000319457,0.03265371648723387,0.057399044464644035,0.61279296875,0.25146484375,0.0673828125,0.08984375,3.8550908396137706,4.404450114908488,0.2158917758802624,0.8542616999090434,0.08150044134629117,2.0238191096910985
lens_00473,0.3973511999938637,0.0005296852081430426,32.75982154894402,0.8081557012800744,0.798377548350745,0.0005296852081430426,32.75982154894402,0.8081557012800747,0.7983775483507449,0.0,0.0,0.7633000543033727,7.346354644634593,0.02045352791600419,7.129678945740935,0.28484179652905517,0.008558649872747126,0.10063944654057744,0.004462304470560691,23.50440800396158,0.4309312632170643,0.7735929638684871,0.03304010045917359,0.05805735295557668,0.5693359375,0.2021484375,0.147705078125,0.1005859375,6.724174666426865,4.525486217111663,0.19068674495111176,1.0164989308056829,0.059709165127256505,1.6604819265512218
lens_00474,0.3869778999360278,0.0012307051874365313,29.09845968842514,0.7926512987131822,0.8291028451976582,0.0012307051874365315,29.09845968842514,0.7926512987131821,0.8291028451976583,0.0,0.0,1.624889878871016,6.982547392059161,0.04780404159457974,6.117541922554437,0.3175504734041366,0.008110984658053488,0.12759347609845517,0.0028962138868898883,25.381693684189646,0.5382498959273858,0.8401368411179421,0.02609691836698366,0.047065536633898904,0.57958984375,0.228515625,0.126953125,0.08349609375,7.674504856068471,4.871423093317126,0.1859499698481508,1.1355087913181026,0.06361047898779423,1.4187234808063602
lens_00475,0.3799308000598103,0.001370669284496805,28.63067319276146,0.8995341176609422,0.9344918872706584,0.001370669284496805,28.63067319276146,0.8995341176609422,0.9344918872706584,0.0,0.0,0.7805352973962905,0.7402669252220058,0.005454292619662793,0.181867909770574,0.06588220789976924,0.06931300907034144,0.03799487395750201,0.0012671779348829267,28.971623979720835,0.8040036637686179,0.9428351217034621,0.018126616498177598,0.030636639979131564,0.593994140625,0.212890625,0.111328125,0.101806640625,5.431742792039345,6.052049319710997,0.1612484925262973,1.2056050832978003,0.129203862115793,1.5592098282238067
lens_00476,0.41837080009281635,0.0009985305897199659,30.006386260931368,0.7938329934271041,0.8284369409470487,0.0009985305897199659,30.006386260931368,0.7938329934271039,0.8284369409470488,0.0,0.0,1.0049071858547736,7.281057939351765,0.07363883034519125,11.251284169079952,0.379360305255252,0.003173086415264148,0.2902932704038751,0.002607722352391745,25.837386503799756,0.5637869312442098,0.8503589089699606,0.023173472173776157,0.04550508257110372,0.564697265625,0.1953125,0.161376953125,0.09814453125,8.673288266052705,4.278031198831762,0.20046042312950751,1.214151641079671,0.06703858172406091,1.5063439783293844
lens_00477,0.527410399983637,0.00048228182611219686,33.166991033443395,0.8406572212560861,0.8461293487038861,0.00048228182611219686,33.166991033443395,0.8406572212560861,0.8461293487038862,0.0,0.0,0.15675633149034326,4.279342340218562,0.029956845740092053,3.5733415077805546,0.12100299243914434,0.03845891556965608,0.04733374759402248,0.001879565044575711,27.25942640414911,0.7102796745909571,0.9050111768946577,0.020953622336126493,0.03795406112092212,0.589599609375,0.22119140625,0.117919921875,0.09375,5.898886224649201,4.467858806722532,0.18606983573233923,0.9250108426155494,0.12420870883786715,2.091024090692673
lens_00478,0.4180633000796661,0.0009382343806401262,30.276886568197746,0.9358393585117429,0.955072816265821,0.000938234380640126,30.27688656819775,0.935839358511743,0.955072816265821,0.0,0.0,0.746748590546354,1.434483129166125,0.027950331327717848,4.169184318499703,0.058168100116585894,0.0537731960636072,0.06729403869549394,0.0020154828761109935,26.956208873358353,0.7667006655132951,0.9249641579043503,0.020924881330933193,0.03971941864374851,0.6201171875,0.2744140625,0.048095703125,0.07861328125,2.9321029996960473,5.816331147734838,0.13394693765582302,1.0488316939006743,0.09734132376669274,1.4054771252199167
lens_00479,0.44796959997620434,0.0006965613235239739,31.570406433524223,0.745227486754226,0.7317838786842435,0.000696561323523974,31.570406433524223,0.7452274867542262,0.7317838786842435,0.0,0.0,0.48342406690348294,7.163265325889552,0.02369065076755661,4.051076849582984,0.24962677143015477,0.010290391450311298,0.1920438658224981,0.002003341113859867,26.982450960115095,0.649159133045973,0.8879995690987179,0.020266349105158624,0.03990759586604665,0.585205078125,0.23974609375,0.114013671875,0.082275390625,7.284035030318874,3.8454796266428537,0.23132402614714145,0.9394847320969291,0.09746550192714343,2.1012000955461363
lens_00480,0.43211429996881634,0.00045883338549506313,33.38344989618246,0.8442922638241982,0.8423968150190602,0.00045883338549506313,33.38344989618246,0.8442922638241982,0.8423968150190602,0.0,0.0,0.6765259798827136,6.563390845948594,0.011950732872928693,4.319227021935788,0.21739524664920754,0.007730037929566391,0.14458542559324195,0.0026075239309940133,25.83771697071727,0.5639009019570514,0.8426800372828047,0.02318490188174331,0.04549707963955433,0.584228515625,0.25390625,0.101806640625,0.082275390625,6.7804468494124945,5.996108815751042,0.1601786308808877,1.1869447065580856,0.07430669636585711,2.0381420437617592
lens_00481,0.4301848999457434,0.0016770471510904016,27.754547267973088,0.8857131586809607,0.9161393967603126,0.0016770471510904013,27.754547267973088,0.8857131586809606,0.9161393967603126,0.0,0.0,0.35061831501930574,4.079945878420572,0.02987864468431778,7.276134226559861,0.17892012743677044,0.04044219024984197,0.034817388235178104,0.0035023757347105765,24.556372646608523,0.5695878095078766,0.8473734936624644,0.028251347881849014,0.052002279542048176,0.587890625,0.31298828125,0.045654296875,0.071044921875,2.836153412028721,5.546200004915381,0.16174741163356962,1.0000753927091341,0.06761647670989768,1.1547198043025158
lens_00482,0.40889510000124574,0.0009645648229837077,30.156685805466637,0.6829337401630625,0.6973369432994895,0.0009553223221906473,30.19850074352057,0.6865095803453235,0.7008575536896534,0.0,-1.0,0.8566658139922613,11.873403104511818,0.029876800329968645,2.557620986991708,0.4522447460872956,0.074299947846584,0.1197367989152397,0.007251919355789925,21.395470340760006,0.2812664818101913,0.6476289354720943,0.042294711343500865,0.07391262915199177,0.598876953125,0.269287109375,0.0693359375,0.08154296875,3.8827295799701522,4.292733741203904,0.19297046954357086,0.9079755005145537,0.05455927144749747,2.1206951026611622
lens_00483,0.4221398000372574,0.001100306282356021,29.584864073671653,0.931627557746523,0.955877519703841,0.001100306282356021,29.584864073671653,0.931627557746523,0.955877519703841,0.0,0.0,0.10793140097512186,1.8625095155895046,0.024027892068707812,1.1254332888932197,0.20123413184408545,0.09340560938902909,0.04304931942724005,0.001978860421838909,27.03584837508076,0.8188627527779431,0.9290160750486489,0.01640243431628828,0.04134997666672567,0.605224609375,0.1787109375,0.140625,0.099365234375,7.477290224432112,5.842927233496232,0.1336787894270207,1.0435247587356016,0.09577837363534591,1.2414333227606167
lens_00484,0.3828279000008479,0.0005170800463415596,32.86442220941824,0.8086066903278569,0.8460785202206649,0.0005170800463415596,32.86442220941824,0.8086066903278569,0.8460785202206649,0.0,0.0,0.42474123583551887,9.927386293454084,0.24886535467321547,15.808623421886622,0.5245531630447122,0.09316393755170027,0.05682002450324608,0.0042021768992628016,23.765256690275002,0.45682201696532015,0.7746763523518844,0.029396111718773814,0.05777582119780013,0.555419921875,0.203857421875,0.16259765625,0.101806640625,7.582523549242683,5.2525082273675645,0.17787141002930026,0.9216296629860253,0.06771780367119487,1.8381705550101004
lens_00485,0.4183869999833405,0.0013025302742605078,28.852121737547453,0.9008315283592679,0.9292483438813903,0.0013025302742605076,28.852121737547453,0.9008315283592683,0.9292483438813905,0.0,0.0,0.7817272824710619,1.807014394958136,0.04445357283113005,5.319977350180835,0.15828927619353045,0.11416102847720078,0.008729115979193347,0.0026592702456410995,25.752375256895405,0.6979259432599161,0.8912102754963668,0.024209441442956253,0.04553211164289629,0.5576171875,0.16796875,0.19580078125,0.103271484375,8.867421401474198,4.771567847456063,0.1582341763350238,1.0096568486315811,0.11209989734415558,1.3931956160632235
lens_00486,0.36914960003923625,0.0006242207106045697,32.046618262633345,0.6619502289561007,0.5825212015831622,0.0006102811997214841,32.14470008681748,0.6679936114019343,0.5950499065352755,-1.0,-1.0,1.249027343424881,12.419777716735116,0.1365478795667029,5.944618587786678,0.6171673225073923,0.14575419089867292,0.2505923245377091,0.017136022262120465,17.660899823017974,0.1422856720908855,0.4781208796686088,0.06659702875023249,0.11269808349639834,0.543701171875,0.16259765625,0.212158203125,0.104248046875,11.200824609651015,3.873006785679778,0.22436517886789747,0.9660410924280397,0.06516457974606202,1.9857331023963836
lens_00487,0.3741817999398336,0.0006447502698358612,31.906084674324433,0.8129656562527532,0.8318288367785943,0.0006447502698358612,31.906084674324433,0.8129656562527531,0.8318288367785942,0.0,0.0,0.891647979736777,8.20031444740751,0.22266270683871492,24.20567224284372,0.33305561070907047,0.03114841738850982,0.06206716582849692,0.0037066983673496945,24.310127532543323,0.46007389993450526,0.7851268479563387,0.028950667957005877,0.053558913284278725,0.589111328125,0.266357421875,0.08837890625,0.07568359375,5.368199650046893,4.9404715124031755,0.17576863341404775,0.8939872246439735,0.06891235690031822,1.8272554149109679
lens_00488,0.4161820999579504,0.0018615317031449603,27.30129563053609,0.7834577002168154,0.8397883802147016,0.0018615317031449605,27.30129563053609,0.7834577002168153,0.8397883802147017,0.0,0.0,1.3423445832986103,3.651248869723691,0.010293806378235182,0.017844689321691476,0.13333050053234136,0.0748824960045692,0.1408304835519893,0.003111148597635079,25.070792452102552,0.5789794899448021,0.8312555686239943,0.02565078511016052,0.04952964587868003,0.6142578125,0.245849609375,0.075927734375,0.088134765625,4.803734414069112,4.5613667276486,0.2186528791536683,1.074436742632438,0.11615724806974495,1.6317001276744751
lens_00489,0.3719683000817895,0.0006805430601009599,31.671443904127457,0.7736632873842004,0.7875706693785717,0.0006805430601009599,31.671443904127457,0.7736632873842002,0.7875706693785718,0.0,0.0,0.8414234217244079,9.343906719317612,0.036096256041399766,7.90993545013481,0.43754123034460746,0.005250747051565141,0.2409011591509156,0.0025032398589915628,26.014975345525503,0.49731192483797315,0.822902258542064,0.022439142880093563,0.04471828178495132,0.58154296875,0.26318359375,0.092529296875,0.087158203125,5.367107655787429,4.573744504525679,0.21243546261659918,0.9784579683596337,0.053005128544696106,2.0555977873404787
lens_00490,0.39083040005061775,0.0008596753315949588,30.656655351739175,0.785122011167155,0.8324129876465663,0.0008358519240828704,30.77870653481664,0.7905622137461871,0.8375090758009108,0.0,1.0,0.7237828923059269,8.311023221063296,0.09095862251693043,0.1693944597476218,0.48720766808652843,0.1040221590376641,0.11889337101788211,0.011792127399948778,19.28407837422959,0.17856596246229403,0.5220495139303913,0.051946261526587184,0.09536096325730035,0.51220703125,0.14501953125,0.26318359375,0.101318359375,10.006591391901507,5.530222943958336,0.16975335536401037,1.237387094292445,0.053504862577280536,1.2473582476968679
lens_00491,0.410613999934867,0.0014733374651559302,28.316977674348887,0.794120599351975,0.8360612484847865,0.0014733374651559297,28.316977674348887,0.7941205993519751,0.8360612484847865,0.0,0.0,0.4558361247231447,5.307285822827007,0.06465812828682738,4.429644399539313,0.26059508784747143,0.05090603533545479,0.2527163446756091,0.0047767463869995055,23.208678162109983,0.4453365206462194,0.7650042682910023,0.0327665748768785,0.06085308503138867,0.58740234375,0.256591796875,0.09912109375,0.07666015625,6.065578498925559,5.787406750672243,0.1413461815391818,1.1999553103126734,0.0617475388610496,1.3935040452568102
lens_00492,0.39321260002907366,0.0006740100753094788,31.71333611448945,0.8819680617479208,0.8980489744795955,0.0006740100753094789,31.713336114489444,0.8819680617479205,0.8980489744795955,0.0,0.0,1.0449203599382921,4.455443236675778,0.015910402393698564,5.247474092977683,0.14816052758141424,0.03013500851777373,0.06056439797318164,0.0010251788696497538,29.892003538037173,0.7907633406931716,0.9404036591610191,0.01446021219811172,0.028567133787542196,0.57275390625,0.188720703125,0.16357421875,0.094970703125,9.58321315322847,4.3231251931866845,0.18828443510269707,0.8606368242688885,0.1232530545962598,2.0191051809305933
lens_00493,0.38434779993258417,0.00020936414888167597,36.790976840509956,0.8229355649702765,0.6067595680346952,0.00020851755253399078,36.80857381228331,0.8240376348663141,0.6088613369944289,0.0,1.0,0.6988943480506884,11.14148004605423,0.00717011793388711,4.431739485662973,0.588307583622631,0.012045549589643545,0.04578379761658413,0.003997363416957373,23.982263664247814,0.43461973667290704,0.7686954277195139,0.029866777980755804,0.05572556854806968,0.5791015625,0.23388671875,0.123291015625,0.083251953125,7.990175299247815,4.484887946361758,0.18703105602049205,0.8531382821593365,0.05192218613920175,2.0192889797043603
lens_00494,0.37473050004336983,0.0004191008459119094,33.77681462586572,0.7906779813358609,0.7445446268481771,0.0004191008459119094,33.77681462586572,0.7906779813358609,0.7445446268481771,0.0,0.0,0.9100420287471331,8.250378213392786,0.08163751477259495,1.999634288415379,0.2805552996531656,0.026116543700219097,0.24267139975162066,0.00565361565971987,22.476737187570617,0.33256787097498397,0.6756098166647111,0.03441444231831247,0.06685253786984764,0.574462890625,0.226318359375,0.126953125,0.096923828125,6.333068376943267,5.341038661033818,0.1835655834659586,1.0320393597442106,0.07774422055662172,2.1195149306439323
lens_00495,0.38043060002382845,0.0006570100125735338,31.824280119131245,0.8053603635856768,0.8489309757918946,0.0006570100125735338,31.824280119131245,0.8053603635856768,0.8489309757918946,0.0,0.0,1.1836196999950985,7.8791251820480355,0.10147303455186352,5.307227157489137,0.5413176116409592,0.003249658491244034,0.18188263745901645,0.0027607438423006628,25.58973887832402,0.5164933272688426,0.8248887262170299,0.02480700507805795,0.046317991551424915,0.520751953125,0.133544921875,0.268798828125,0.095458984375,11.160378545538377,4.464838197434388,0.18758571587748918,0.8672288977551584,0.06446941899778809,1.2601363305904907
lens_00496,0.3648603999754414,0.000470975971641217,33.27001249240152,0.9388134217974546,0.9515337207938342,0.0004407097181229982,33.558473727243474,0.9421326055387959,0.9547222795983764,0.0,-1.0,0.5479434113844854,2.6779560980962653,0.015429097036136041,2.788990292833205,0.14973391110203293,0.05362410950861429,0.04517060712287868,0.00046049623757297146,33.36773913801491,0.8510749659279159,0.9692274237688403,0.010875642680125105,0.018499098190647364,0.552001953125,0.1396484375,0.230712890625,0.101318359375,9.374120293733323,4.309402096763174,0.19959504685631876,0.9035270538358958,0.12572543008043435,1.5776680904430158
lens_00497,0.3813957000384107,0.0012585565864742633,29.00127253185903,0.8986388897938702,0.9303424954877819,0.0012585565864742636,29.00127253185903,0.8986388897938702,0.930342495487782,0.0,0.0,0.9256348375844392,1.7330518321041701,0.05579727320375705,1.506532237073685,0.06807530876967371,0.05674218157975364,0.034303314792470174,0.0020401665246340926,26.903343826828817,0.7323363031862418,0.911639156626237,0.021167156750639925,0.039901353357097186,0.599365234375,0.2890625,0.048828125,0.087646484375,2.931129621191438,4.9755547127763515,0.17200479275497196,0.9265801025283966,0.1246192833036041,1.6364957492984686
lens_00498,0.3954420000081882,0.0022421339669060326,26.493384419864245,0.8151859046509631,0.8655620316545675,0.002242133966906032,26.493384419864245,0.815185904650963,0.8655620316545672,0.0,0.0,0.8474593714389733,3.6991293298968344,0.018344431373637726,1.4187272501578434,0.18190678495241455,0.11032645575301014,0.21114182144653515,0.007074486847701863,21.50305056481252,0.40517207074670686,0.7290572449787049,0.041881363465075094,0.07294133424888893,0.5751953125,0.232421875,0.11767578125,0.09814453125,6.4833989486033605,5.120930565688109,0.19492006880198348,1.2143352404099312,0.09433947323016306,1.288605449201861
lens_00499,0.37558180000633,0.0004926185958229893,33.07489198037156,0.8664571424886134,0.8728627682026255,0.0004926185958229894,33.07489198037156,0.8664571424886132,0.8728627682026258,0.0,0.0,0.6130871154044317,4.937955126612652,0.06646716976240019,3.9611451337920585,0.151469538369211,0.0027763330258606667,0.12028724251326861,0.0011316620049425037,29.46283265115145,0.7504684836002157,0.9353707192512615,0.01607893184440501,0.029548772490333372,0.568603515625,0.227783203125,0.132568359375,0.090576171875,6.8715093655206205,5.708222608477485,0.18526397576196307,1.1317318320645806,0.089047771816031,1.8882242824361017
lens_00500,0.43861630000174046,0.00261325123188493,25.82818836205927,0.862738574049827,0.9025999870345429,0.00261325123188493,25.82818836205927,0.862738574049827,0.9025999870345429,0.0,0.0,1.036692099303074,3.2528091479299217,0.0800245848953901,6.995059031142006,0.16041366499369533,0.08861402284385866,0.04653121421675466,0.006847413463880402,21.644734475583682,0.36927665567720525,0.692221408389371,0.03788840366746506,0.07356549688142956,0.602783203125,0.267333984375,0.06591796875,0.0888671875,3.975519319382565,4.408651063180446,0.19633611936007755,1.2153045449138173,0.08416826346671075,1.0632513324597748
lens_00501,0.37477360002230853,0.0018045940534178887,27.43620478073342,0.8965562085560115,0.9254522826129177,0.0018045940534178887,27.43620478073342,0.8965562085560116,0.9254522826129178,0.0,0.0,0.6568682942769055,2.7536145192249357,0.018730102418143213,4.330385525786369,0.14161332455646974,0.07093317661996013,0.16512784423387206,0.0026553702136755536,25.758749207038903,0.6017386869030698,0.8706897606775515,0.025784048852173967,0.04461561428989026,0.584228515625,0.302490234375,0.05615234375,0.075927734375,3.310209075392486,4.716069475876299,0.202505896699053,0.9534127591405839,0.08638978403763822,1.065363896787753
lens_00502,0.40902099991217256,0.0022116507014272838,26.55283462548775,0.9109222989146304,0.9429201859461231,0.0022116507014272838,26.55283462548775,0.9109222989146304,0.9429201859461231,0.0,0.0,0.60483554939742,1.8959472312096626,0.02194677162940284,4.2095837426010405,0.12883635622055759,0.09355019242397955,0.1299460811717993,0.004771590475042517,23.213368370178852,0.5250941071291071,0.7893513328573486,0.02987619347555391,0.06228164688296053,0.59912109375,0.245849609375,0.087890625,0.088134765625,4.72604821671362,4.92784006420415,0.19966917653444727,0.9274079009838019,0.11323960255358659,1.023301040297368
lens_00503,0.3638259000144899,0.0011620966175399292,29.347577628922572,0.7911126178109829,0.8326073705611474,0.001162096617539929,29.347577628922572,0.7911126178109827,0.8326073705611476,0.0,0.0,0.7869880010209374,4.788432045196323,0.06263785901882446,0.8727903022647467,0.25996644075409453,0.06295401020526903,0.24361959749103201,0.002001658499807389,26.986100149187,0.7370252298112785,0.8994604382977079,0.01753928868720718,0.04115861820025297,0.5576171875,0.21875,0.151611328125,0.094970703125,8.305571936035587,4.8839465765375065,0.20969592777691307,0.8592803298009313,0.11670900427753914,1.869136278116554
lens_00504,0.3775866999058053,0.00037451667328605563,34.265288429713465,0.9304517445774417,0.9371799583022703,0.00037451667328605563,34.265288429713465,0.9304517445774417,0.9371799583022703,0.0,0.0,0.5355915847513631,3.307076719111677,0.004041114443163019,5.810971611244412,0.0847429817932577,0.0005756767571177823,0.03873453783547509,0.0008991607092857779,30.461626787692193,0.8195846225067167,0.9442575943489873,0.011948750334880534,0.027502510334885252,0.586669921875,0.21728515625,0.1201171875,0.095947265625,6.020078743590311,5.8863834928777985,0.13352261748486613,1.1567581026599472,0.08844588072452246,2.0744890617877076
lens_00505,0.3937949000392109,0.0019096059628455806,27.190562378917033,0.7823184159166967,0.8320451437141049,0.0019096059628455806,27.190562378917033,0.7823184159166967,0.8320451437141049,0.0,0.0,0.5974555776838962,5.6382805760562675,0.021667377509416386,5.046024710721099,0.22664225973574503,0.06278301789144158,0.255303723030476,0.0064408574750800165,21.910563109156804,0.3645783831836831,0.7083935427620062,0.04025855820977757,0.0694269829817627,0.596435546875,0.235107421875,0.109619140625,0.083251953125,6.356202464878355,4.616585805674498,0.21208942653988094,0.9157852501426518,0.08786315033254391,1.2579408415665678
lens_00506,0.37694500002544373,0.0006153123032367093,32.10904401059553,0.728271448002489,0.7505282540927002,0.0006153123032367093,32.10904401059553,0.728271448002489,0.7505282540927002,0.0,0.0,1.2141394850451401,10.878450987324214,0.057125581656376045,4.092163121408348,0.6775963464031458,0.11015381510575317,0.09123616429727477,0.008314540833254305,20.801617294979906,0.24269016578966598,0.5926598723181826,0.043035333886798185,0.08038968136835786,0.53369140625,0.157470703125,0.232421875,0.0966796875,9.160656661776567,4.209381969125548,0.181310575010438,0.9531687066395846,0.053814830773873355,1.924103097544867
lens_00507,0.4115520999766886,0.0014273408900741336,28.45472292479031,0.8938690860347036,0.9278904406820746,0.0014273408900741331,28.454722924790318,0.8938690860347034,0.9278904406820747,0.0,0.0,0.4335804599285627,0.8990771071340848,0.0035190615024401906,1.266271355688474,0.1000219295624401,0.07247111265614492,0.08104334823057047,0.0008746428975512395,30.581692261531586,0.8459225683789995,0.9580410302363609,0.014151827580993712,0.025968609390359453,0.57861328125,0.263916015625,0.10400390625,0.07373046875,6.2117859025197175,6.0480744835352995,0.15525620752029373,1.2303421414273616,0.1047482276997657,1.5240897080160645
lens_00508,0.4796590000623837,0.0008273783203316051,30.8229586304373,0.9707620949362219,0.9820331220284075,0.0008273783203316051,30.8229586304373,0.9707620949362219,0.9820331220284074,0.0,0.0,0.7024972647021146,1.006326386103865,0.008524598770154435,57.848836867100204,0.00014941750708431345,0.03636242955824909,0.10173549142562202,0.0020684264027774125,26.8435992723948,0.7804633629844472,0.9188749736378963,0.018218465023416272,0.04167150027258402,0.640380859375,0.267578125,0.037109375,0.076416015625,2.6027367837340836,4.787976039788888,0.1648760426514251,0.8562996214349765,0.12498726254495542,1.2149799544277375
lens_00509,0.44445660000201315,0.002303643750825582,26.375846819385814,0.8570101223297083,0.9048110085743231,0.0023036437508255816,26.37584681938582,0.8570101223297083,0.904811008574323,0.0,0.0,1.5643078934700714,2.1524813596358303,0.018356339684559297,1.5042802038741172,0.16649844549571813,0.13249055909997154,0.2560813585379279,0.004777504465717711,23.207988983209553,0.5108461712214853,0.782854669004631,0.03175080659301956,0.06139536420944481,0.58447265625,0.253662109375,0.098876953125,0.0869140625,6.411831699255339,4.302312583602135,0.22879598502176304,0.8657731702448448,0.12415385682069657,1.1250548155067217
lens_00510,0.413613099954091,0.0007927678201466949,31.008539869490686,0.9110278324585359,0.9300113836444758,0.000792767820146695,31.008539869490686,0.9110278324585358,0.930011383644476,0.0,0.0,1.191155189415657,2.4597986726184224,0.01787483821848601,11.333640384892789,0.09956372160135628,0.03582420253165752,0.0893306356961251,0.001701480873401242,27.691729285093917,0.7531446429547032,0.914258926031953,0.016379576910515795,0.03785750036166862,0.574462890625,0.209716796875,0.143310546875,0.094970703125,7.205464580174145,4.056426642657439,0.2212732281551771,1.0359715477950788,0.12176070189345463,1.6711049185383826
lens_00511,0.40561380004510283,0.000434987515842679,33.61523207133726,0.7800329659007162,0.7322046348760307,0.0004317215270432074,33.64796295464684,0.7819923810580173,0.7345791451435374,1.0,0.0,0.2099732838271393,8.76105527609365,0.03515308966659392,2.013294476771307,0.3745878398175874,0.003803847980369035,0.0893510457493838,0.0035194885230464944,24.535204466805666,0.41594464984468954,0.7535560722148135,0.026523199659314163,0.0530660758194786,0.5908203125,0.24609375,0.099365234375,0.083251953125,5.3737972292886536,4.592144848390087,0.19010683846124868,1.1253632723852403,0.05400939881536701,2.0399814431027856
lens_00512,0.37549509992823005,0.0011357733734858625,29.447083169201317,0.880757606204457,0.9162723512034403,0.0011357733734858625,29.447083169201317,0.880757606204457,0.9162723512034403,0.0,0.0,0.9991928361919629,4.65765971143907,0.08519738601107074,0.596204413830165,0.30147564678387384,0.056264408673592614,0.20183351835162533,0.005052296159963992,22.965111995125405,0.4830684124535327,0.7767026148841726,0.032158862560768685,0.06338851409176256,0.524658203125,0.151611328125,0.2412109375,0.106201171875,11.971956971493755,5.370912431394701,0.13964301529865142,1.1905255469753362,0.07206178923430769,1.1207004339565776
lens_00513,0.44632430002093315,0.0012669992195208958,28.97223652644477,0.8194790007260624,0.8523148711207663,0.0012669992195208956,28.97223652644477,0.8194790007260622,0.852314871120766,0.0,0.0,0.6453210710459405,5.8617318813893045,0.011707109382893321,6.183618443156831,0.2590784774455632,0.0059040311136174806,0.008049693486143594,0.0032129678418256055,24.930936212233277,0.515848513605424,0.8136299678151684,0.025470328647215688,0.05063822864623553,0.5869140625,0.26611328125,0.086181640625,0.081298828125,5.431857244027849,4.681754469841762,0.1671959869494091,1.0402459881461756,0.06213981274021696,1.475705035918044
lens_00514,0.4225409000646323,0.0005654376482521538,32.476152784714984,0.756185321367473,0.716932143847427,0.0005621042379546586,32.501831403548394,0.757897847440239,0.7189275703112276,1.0,0.0,0.9757658364192855,8.932498481300552,0.1289841971313821,15.113191823258688,0.269891792720507,0.007966097937982752,0.03372613490839982,0.0076987269542184746,21.135810829401017,0.3042982354433772,0.6640640591814445,0.04399323097841833,0.07591655012115611,0.59326171875,0.199951171875,0.12939453125,0.102294921875,6.750119312338113,4.285814610484337,0.19240566697989447,1.0736485393844932,0.06723020077041834,1.842435118158338
lens_00515,0.3749824999831617,0.0014399698360873807,28.41646605236701,0.7902580313090414,0.8484226034182243,0.0014399698360873805,28.41646605236701,0.7902580313090414,0.8484226034182242,0.0,0.0,0.20909059514453496,7.235103450685736,0.19049488739961373,2.0154247518032946,0.4665321838903182,0.04200484492793444,0.022792953362875346,0.005192261943393951,22.84643406018748,0.4343568004154682,0.7668345529978512,0.03559856883811172,0.06264985107781319,0.510009765625,0.128662109375,0.287109375,0.095703125,10.530773763685724,4.7507861595677845,0.15132621899841736,1.101323542193343,0.055137671814813376,1.0471649842800546
lens_00516,0.3565220000455156,0.0004860517322610799,33.13317504729771,0.8323243732053306,0.8535064311757872,0.00048605173226107983,33.13317504729771,0.8323243732053305,0.8535064311757873,0.0,0.0,0.7215700950426767,7.217499694313532,0.10620099203013245,5.969296054055945,0.40738385114563463,0.03048739116059518,0.05556890478896259,0.004477369562553346,23.48977057424986,0.46333779134010034,0.7684690731292799,0.030275697353587115,0.059672034591652254,0.519287109375,0.15576171875,0.249755859375,0.097900390625,11.547761925023899,5.39205964199062,0.1644440620246671,0.9886661412876517,0.0792893891651009,1.575626478505302
lens_00517,0.42715520004276186,0.0010983473348240079,29.59260299463643,0.747975021832908,0.7864185901513238,0.0010983473348240079,29.59260299463643,0.747975021832908,0.7864185901513238,0.0,0.0,0.353732135469304,7.807091166429611,0.09591385376233474,1.9475367904724123,0.300953493050192,0.054364389424563675,0.15620505130455686,0.0045529582865643705,23.417063286063502,0.4666698637824205,0.7692732145864131,0.030893416256170175,0.05998795811316943,0.6337890625,0.228515625,0.06982421875,0.090576171875,4.1493258249252705,4.766040001734063,0.18908160883130232,0.8518290853479246,0.08229701139720205,1.8212598999254608
lens_00518,0.38465329993050545,0.0008159049929581859,30.883604091826626,0.8526648267970359,0.8783230562168887,0.000815904992958186,30.883604091826626,0.8526648267970357,0.8783230562168886,0.0,0.0,0.12554355050225618,4.030910611134111,0.06398583303226835,2.757773800208554,0.18262217053227428,0.05776704516632014,0.018960927914104975,0.0021221566819692337,26.732225546464512,0.7077750344007682,0.8976081338452547,0.020807649311463644,0.04109985902774339,0.552490234375,0.21142578125,0.163330078125,0.095458984375,7.071102953072612,6.435115970824031,0.13302770258342456,1.2092669218320005,0.09112653138378174,2.0133738401721883
lens_00519,0.36975760001223534,0.0007896990141448095,31.02538404157048,0.7168308410301236,0.7066760987592332,0.0007730134680273684,31.118129394076593,0.7227903939890632,0.7141207678437532,-1.0,-1.0,1.6282636176076304,7.602299934844052,0.03744061051778291,11.488125057924606,0.26830933144150715,0.0291320541146729,0.4064208277091369,0.004069231925932135,23.904875568210585,0.4526245838527669,0.7626547200043778,0.02842618673563923,0.05710677572410041,0.600830078125,0.26171875,0.065673828125,0.093994140625,3.7786931148798666,4.413473843508121,0.213351992346731,0.8948190861053736,0.07483579437474933,2.141647660303798
lens_00520,0.3715312998974696,0.0019819403342690146,27.029094239616246,0.8585397352077552,0.8973340963132981,0.001981940334269015,27.029094239616242,0.8585397352077552,0.8973340963132983,0.0,0.0,0.539637976675165,3.811221370413957,0.07425651149037205,0.45819660289109265,0.21156167047303567,0.10901043191256155,0.04047649475492249,0.005025439254300965,22.988259722394595,0.5301100626535626,0.812347600187656,0.03492929171890224,0.061687793235913314,0.558349609375,0.157958984375,0.20361328125,0.099609375,8.54396373885944,5.629251919724841,0.1573640370177624,1.210713484774531,0.08923611711730928,1.1582558470936173
lens_00521,0.6079198999796063,0.0005477790394439008,32.61394589876895,0.820328637234976,0.8124503297941047,0.0005477790394439008,32.61394589876895,0.8203286372349762,0.8124503297941048,0.0,0.0,1.0240240664740685,4.998681038505902,0.05023780390320032,1.4934021345583233,0.16722599394760485,0.03792907871645412,0.15373400858590391,0.00264744309745509,25.77173365583777,0.5677579874986,0.8446936406418784,0.02453104829002547,0.045229092045358694,0.527587890625,0.14990234375,0.244873046875,0.1015625,9.166568348465413,4.8178080822542775,0.18453027044147347,1.2243598887839195,0.09652266750895733,2.190410923681915
lens_00522,0.4882193000521511,0.0010314714242885244,29.865427991457153,0.7321385362504809,0.7518376421782064,0.0010314714242885244,29.865427991457153,0.732138536250481,0.7518376421782064,0.0,0.0,0.9299694090331316,5.8658699699827554,0.05190663766898185,2.9129853170433506,0.17597825309266443,0.026015533450193806,0.2581146689340117,0.0020993825468102823,26.779084176200143,0.6212392162831526,0.8702794390679057,0.021527527077342623,0.040446855560655914,0.5966796875,0.21337890625,0.1181640625,0.091796875,5.9118733022539285,4.3596981301208215,0.22614007233288344,0.8554747505265491,0.10220723480079315,2.052065929900264
lens_00523,0.5942120000254363,0.0007853220996055612,31.04952180974136,0.7781907631292061,0.7912324999799286,0.0007853220996055612,31.04952180974136,0.7781907631292061,0.7912324999799286,0.0,0.0,1.2876472253313729,5.554959933343376,0.0062617884283501235,6.565931410806229,0.1813772842246019,0.03409647344025668,0.28591334314324923,0.0036043433625618437,24.431738432859817,0.5242248861066869,0.7955644646774438,0.026178031822323707,0.05402827049305994,0.580078125,0.2353515625,0.116455078125,0.091796875,6.712097666362718,5.728307903481496,0.16514106133154188,1.1895562729693934,0.08314154760993334,1.9672210151201326
lens_00524,0.46234859991818666,0.0011081131223549434,29.55415902146582,0.7811792883561451,0.8324222493458462,0.0011081131223549434,29.55415902146582,0.7811792883561451,0.8324222493458462,0.0,0.0,1.3484216228170063,2.3847499077471763,0.01688787957287452,9.212111335574463,0.10298349730344272,0.07994401010312446,0.23408157580539446,0.0017528368719147776,27.562584997212557,0.7614798566834109,0.9291399511855924,0.021019653537296578,0.03620788639353025,0.593994140625,0.24462890625,0.09228515625,0.094482421875,5.17591020919876,5.472502196547737,0.19832349292820184,1.2284701318842055,0.12417160260093073,1.9784361910017423
lens_00525,0.3928315000375733,0.0007609249060581153,31.18658200645692,0.8619979706014647,0.884113418795968,0.0007609249060581153,31.18658200645692,0.8619979706014648,0.8841134187959678,0.0,0.0,0.9794093303758357,6.037946766172533,0.05136809718570268,8.019244699245561,0.2252984525563555,0.03184070184819976,0.1397088347096883,0.0034258487988989114,24.65231808694773,0.48285805773450097,0.7950285890093293,0.026604305434028877,0.05213501444587709,0.58837890625,0.273193359375,0.067138671875,0.092041015625,3.7471716601294616,5.55346662312089,0.1715712291406601,1.0616677074046073,0.06782108963436259,1.6798721869488316
lens_00526,0.3860801999690011,0.0029770314697071328,25.26216574473894,0.9358027976574745,0.9658692741926667,0.002977031469707133,25.26216574473894,0.935802797657474,0.9658692741926665,0.0,0.0,1.5892144118761984,1.4187066456861963,0.044886876146873034,0.9569019734188089,0.011337902543416701,0.0349017674940314,0.027303872697501785,0.004280173701259401,23.685386057607282,0.5941355742258723,0.8396557762817329,0.0322740613119782,0.05690833566086847,0.595458984375,0.289306640625,0.054443359375,0.085693359375,3.207701587550676,6.002445907245906,0.15477213050876593,1.1767059711683814,0.11156145262070605,1.0078717373688109
lens_00527,0.40420230000745505,0.00119981363598409,29.208862065767658,0.6249592616560448,0.6284763117857368,0.001187253283369045,29.25456620695545,0.629277329871191,0.6334951875636287,0.0,-2.0,3.833979450151323,9.272290623518192,0.13125235525750623,23.921337874263003,0.3044260554275211,0.06077845548387206,0.5482001432800927,0.008304220269607135,20.807011396731,0.2329482086852,0.5865048068782758,0.044821857338493136,0.07934243110930558,0.58544921875,0.214599609375,0.12158203125,0.09912109375,6.419770398842889,5.099268692756942,0.20236243015818167,1.1778070483544147,0.06176722508491358,2.1048287476946337
lens_00528,0.38603799999691546,0.0018906347448260131,27.23392365194309,0.7412511116396022,0.8033282939760833,0.001890634744826013,27.23392365194309,0.7412511116396024,0.8033282939760832,0.0,0.0,0.581435087238113,4.200579773519948,0.06021212687017252,11.470452199387125,0.14039999523467683,0.08655299066933864,0.16217438568843978,0.004269185921841252,23.696549313821652,0.5712895800691392,0.8340699904321,0.032557897241739325,0.05664952999838211,0.5810546875,0.265869140625,0.086181640625,0.090576171875,4.659910140563442,4.849210114526117,0.1908927176362816,0.9531337831958634,0.10488641327019282,1.820838327650062
lens_00529,0.3817391999764368,0.0009963275425210678,30.01597863860831,0.7683606609678396,0.7897118166389324,0.0009963275425210678,30.01597863860831,0.7683606609678396,0.7897118166389324,0.0,0.0,0.8510254348634527,4.846970940526655,0.0596854927177084,7.323154659497533,0.21119987929875014,0.04873423797951404,0.30471436334557667,0.002974237002059155,25.266244276817694,0.6666469936325659,0.8828047688381995,0.025614905265146457,0.048146792523663794,0.5263671875,0.16064453125,0.232177734375,0.104736328125,10.15758658679553,6.415631741418476,0.1471705015154579,1.2495888310134158,0.07933879776966697,1.9048242574377374
lens_00530,0.3862488000886515,0.0016371743987609582,27.85905055233571,0.6565970312156079,0.7375406492946056,0.0016371743987609582,27.85905055233571,0.6565970312156079,0.7375406492946056,0.0,0.0,1.5929392357067127,10.632556084767028,0.09157198411792078,9.602330384332916,0.6689772941149783,0.07847133593729105,0.4140417401263645,0.009804400354485467,20.08578963006063,0.2211020660252416,0.5704530020555181,0.0465774054968135,0.08737817606056375,0.54443359375,0.17724609375,0.20263671875,0.096435546875,9.475727479292967,4.084891281434162,0.22076383895223506,0.935178893955663,0.0586414608298573,1.0290954045731489
lens_00531,0.39414560003206134,0.0008172640056038336,30.876376280992712,0.8759640690863396,0.903805715421084,0.0008172640056038336,30.876376280992712,0.8759640690863396,0.903805715421084,0.0,0.0,0.6271252533280429,4.169878132103262,0.05760297958370242,5.706768492469678,0.25136428636216374,0.053778538140216825,0.165366010829603,0.0018143568493954958,27.41277291431517,0.7308884250123397,0.9006675687251822,0.017057760698779127,0.039030624506132136,0.552978515625,0.14697265625,0.2216796875,0.104248046875,10.331611076686988,4.582475353682264,0.18043804333954538,0.913501079857074,0.09925575022343955,1.4395878496924683
lens_00532,0.393942299997434,0.0008437174344412277,30.73802976608819,0.7533611520059283,0.7631095983891046,0.0008346601872122369,30.78490301589689,0.7561939658262566,0.7660416764068289,0.0,1.0,0.5862592794905376,7.095533803213551,0.13984709479129476,0.7499698343938803,0.28892489287819473,0.03896898881263089,0.11573235073157384,0.005191260096614251,22.84727211210822,0.40572487892967113,0.7483780140724012,0.03642047599739087,0.06216758821715481,0.55908203125,0.19189453125,0.171142578125,0.100341796875,7.406210713159483,4.800984595593366,0.18187297996095747,1.2056358522353419,0.07239320435034083,2.0336863165988577
lens_00533,0.5124283999903128,0.0016612916964922186,27.795541056252947,0.8243042318467543,0.883724580962447,0.0016612916964922186,27.795541056252947,0.8243042318467543,0.883724580962447,0.0,0.0,1.9321537848790573,8.464121952763985,0.021663569789880155,0.6044906248580446,0.422357513334641,0.10269267340015142,0.19692484404100297,0.009768595832511221,20.101678585963537,0.24243241892774578,0.6116574892460616,0.048887245892687836,0.0858989698514429,0.6025390625,0.286865234375,0.053466796875,0.0810546875,3.3090396329325564,4.233528434831634,0.2152336802310484,0.9279779974182781,0.05998486057354246,1.0222630706194444
lens_00534,0.38066520006395876,0.0005249714160740038,32.7986434264982,0.8697389058285101,0.8818898155243662,0.0005249714160740036,32.7986434264982,0.8697389058285101,0.8818898155243661,0.0,0.0,0.18021626120489112,3.4762100988333877,0.009252936985773563,1.7648669540214428,0.13571248124057708,0.015242824173051006,0.06840314217288279,0.0006589058829213066,31.811766149158792,0.8463667911347176,0.9641864187222797,0.012623133817372269,0.022350892052668037,0.56884765625,0.2177734375,0.138916015625,0.0947265625,8.076844159961299,5.476893129694,0.16448955988758118,1.1271136054871476,0.10748051851144613,1.955095682237336
lens_00535,0.3637535999296233,0.0006636968837946209,31.78030221462941,0.7350815286548551,0.7179819396529614,0.0006636968837946208,31.78030221462941,0.735081528654855,0.7179819396529613,0.0,0.0,1.1396464536646387,6.069703378698097,0.042716646649840206,5.067758015832055,0.19162259167596934,0.062362245754562395,0.33656709014159847,0.0032176239565163928,24.924647132365973,0.6053487592690028,0.8450312202658142,0.026941697198928794,0.04991762122294716,0.558349609375,0.183837890625,0.183837890625,0.095703125,8.872161421304233,4.17741110239648,0.22592714524488797,0.9068140955151306,0.11931179309446417,2.1460657878679843
lens_00536,0.3981358000310138,0.0011379171743635232,29.4388934780558,0.8176496610377129,0.8687000977296359,0.001137917174363523,29.4388934780558,0.8176496610377129,0.8687000977296357,0.0,0.0,1.726893758958641,9.142404891860869,0.01828711579202258,4.2187352031556316,0.38734418551803557,0.08476429024866661,0.018354612528770797,0.006590532867902546,21.810794697407733,0.3659761781064135,0.7023961005095837,0.0370972581087041,0.07221029226307518,0.61572265625,0.2548828125,0.066162109375,0.083984375,3.785279731849609,4.612563352445288,0.18337932744787502,0.8928252474294569,0.06823462635365743,1.376851880499005
lens_00537,0.399649600032717,0.0014246837948179685,28.462815155882332,0.9168306340401045,0.9380300397847853,0.0014246837948179685,28.462815155882332,0.9168306340401048,0.9380300397847853,0.0,0.0,0.38453556903745234,2.169538580190755,0.0008321367145470715,2.1488717949279135,0.07754440024908782,0.0749026527077089,0.021220884549868035,0.0031793547238012053,24.976610147102253,0.5531906721002348,0.8442336384526896,0.028340350861727072,0.04874606893725288,0.6259765625,0.2373046875,0.07861328125,0.082275390625,4.643495745465182,4.468966422239922,0.18284190441022954,1.2115978134530943,0.08616994958018576,1.1647008196141746
lens_00538,0.4114619999891147,0.0017233145481350457,27.6363544567935,0.6813975472495868,0.7274613542857926,0.0017233145481350457,27.6363544567935,0.6813975472495868,0.7274613542857928,0.0,0.0,0.8689383575111067,7.877412030149581,0.11932612876634496,16.0361694591939,0.292786654403388,0.05456558941369405,0.3299104604105545,0.010508007420766166,19.78479629186628,0.23483546517460147,0.5937817905898122,0.05140546863540282,0.0886875708041481,0.59228515625,0.224609375,0.11328125,0.0927734375,6.216811458164207,4.135650808596165,0.2306219592397716,1.127282518355629,0.06881074722150801,1.4389800482161792
lens_00539,0.40716589998919517,0.0005283375898477839,32.770884892889995,0.7405893601065923,0.6893938457141243,0.0005283375898477839,32.770884892889995,0.7405893601065925,0.6893938457141243,0.0,0.0,1.101328346171625,9.686650659796888,0.1280534074078591,9.966372927918073,0.354933380612425,0.03527670240386971,0.33735364374871457,0.008003413134430766,20.967247643415003,0.2929309886327069,0.6516499664479976,0.04439018041886533,0.07767190622619836,0.581298828125,0.24365234375,0.1083984375,0.0927734375,5.75986819081151,4.753903829655926,0.21050353185331971,0.9481306759825431,0.06405143230027968,1.741859272295843
lens_00540,0.448555100010708,0.0017303267787995582,27.618718709592343,0.9053944090638341,0.9353374316906444,0.0017303267787995582,27.618718709592343,0.9053944090638336,0.9353374316906442,0.0,0.0,0.17441695085213274,1.1210525221363081,0.014952456976734307,0.4111795993540568,0.07895632949378012,0.0654071799755338,0.05285351182724851,0.0018642571043374532,27.294941932185772,0.726296831431718,0.9096348776199841,0.020217988662426568,0.03815088516382607,0.60595703125,0.262939453125,0.0771484375,0.076416015625,4.9437850910301595,4.887323396995613,0.15801323676400228,1.1609352614139572,0.09602507799344173,1.311114101559982
lens_00541,0.3749622000614181,0.00097690119668543,30.101493583939938,0.8118727951297822,0.8307121989933952,0.00097690119668543,30.101493583939938,0.8118727951297822,0.8307121989933952,0.0,0.0,0.15411593959756797,3.6299774385450547,0.04036533041277501,3.9703925913556617,0.1307374876608055,0.05110436729844969,0.11300872747757171,0.002122683751453181,26.73114704481893,0.6879855779563532,0.8898081526378877,0.021478539014023957,0.04075973642304661,0.505126953125,0.127685546875,0.29248046875,0.096435546875,10.551237995268588,4.9746890485124755,0.13999426262496217,1.220001086933756,0.08915446312571565,2.1351082099959022
lens_00542,0.43086540000513196,0.0009362732579226089,30.28597380868454,0.8729975937136083,0.9090730267986038,0.0009362732579226089,30.28597380868454,0.8729975937136085,0.9090730267986038,0.0,0.0,0.5521719715804124,6.286734999985826,0.07130086316327633,5.022512292726503,0.33182579096686604,0.05713622807975016,0.1483779585829319,0.004271671614745648,23.69402141135298,0.4555959174939019,0.7947585299572368,0.032977399508423544,0.056428385909996354,0.5439453125,0.178466796875,0.2001953125,0.10205078125,8.763406812352379,4.7948042102620025,0.1931552225577919,0.9636422515303966,0.07348697312746573,1.1329459083679805
lens_00543,0.3860977999866009,0.0008083761988327874,30.92386481979785,0.8837138349739815,0.9156647676619043,0.0008083761988327873,30.92386481979785,0.8837138349739817,0.9156647676619043,0.0,0.0,0.8140934931848205,4.905011037491663,0.03377234021513853,0.9557684858564528,0.31155682163617776,0.015308333146452968,0.28307915959301055,0.0021901830859728773,26.595195792675387,0.6175098971736268,0.8792764300745317,0.02275695782963122,0.040893813178930434,0.511962890625,0.149658203125,0.257080078125,0.105712890625,12.377001179351614,4.917983414775009,0.18448304941245722,1.0096057052778002,0.08567954105034473,1.0876501217869687
lens_00544,0.41155680001247674,0.0006070958861020149,32.167427100511944,0.9349952527133634,0.9434703384735513,0.0006070958861020149,32.167427100511944,0.9349952527133634,0.9434703384735513,0.0,0.0,0.7438510966753215,4.506235553533621,0.016252960980907893,4.301775229604061,0.06800663674382865,0.004452914924360063,0.1970873518433926,0.0011277525872018291,29.477861679046576,0.7934757471984939,0.9440818684234458,0.01572778912268064,0.029671353803194047,0.6083984375,0.257080078125,0.079833984375,0.076171875,4.968594385321806,6.405014069900875,0.11490050840168187,1.168157401667632,0.07278566408049222,2.0573212347205043
lens_00545,0.3956792999524623,0.0020851652969589274,26.80859511571921,0.7294576814486325,0.7971674269563401,0.0020851652969589274,26.80859511571921,0.7294576814486325,0.7971674269563401,0.0,0.0,0.8743312313079278,3.643919652203481,0.042292350808360246,1.1506201292774847,0.1344179834434413,0.10170389381911682,0.2683102121841726,0.0038929469598465985,24.097215133645157,0.5027440101656938,0.807869385269666,0.032217895206894526,0.05343177133769909,0.582763671875,0.25146484375,0.0947265625,0.092041015625,5.423720063841864,5.24727100547221,0.20614541534103817,1.0843420788371074,0.10183129208655856,1.8299349410914107
lens_00546,0.37313199997879565,0.001140565368719279,29.428798191461883,0.7769394270607317,0.8173935696178909,0.001140565368719279,29.428798191461883,0.7769394270607317,0.8173935696178909,0.0,0.0,0.8737659679458658,4.639918644220016,0.04368256398292358,0.1641487840714717,0.15881760081213425,0.06152960790742057,0.20623852685209032,0.0035603609585713094,24.485059699010115,0.5534741057445222,0.8226606875055819,0.02729021849562778,0.05306227410347397,0.600341796875,0.268798828125,0.070556640625,0.081298828125,4.244625695848187,4.326014879769949,0.21232387420940613,0.8702084473894179,0.11678580983335049,1.9714886627363697
lens_00547,0.35478759999386966,0.0004362586833747425,33.60255915667827,0.8528642147493697,0.85006107876339,0.00043625868337474245,33.60255915667827,0.8528642147493696,0.8500610787633899,0.0,0.0,0.9783881568325768,5.231036697632797,0.06842070006027645,0.7804137064917427,0.2649862679034042,0.010183266231036825,0.22803102703518985,0.0012865310258986444,28.905797359098315,0.6864042841141589,0.9119772229099157,0.01738619346833718,0.03137277964382809,0.5126953125,0.10693359375,0.30224609375,0.10595703125,12.99157659549249,4.685625172153037,0.18748521744064472,1.2204954717695278,0.07826440799176118,1.7532592276889205
lens_00548,0.3916546000400558,0.0018960077057004116,27.22159901947126,0.8112874146061293,0.8660819219668728,0.0018960077057004116,27.22159901947126,0.8112874146061294,0.8660819219668727,0.0,0.0,0.8466095725144905,1.9544364974150987,0.012587880927411588,1.1003101922541418,0.10410284130803334,0.07456471077865334,0.17161170883800803,0.0030457004587585174,25.16312811277431,0.5905669598637694,0.8396698039305709,0.024984558385822305,0.049208457616795445,0.598876953125,0.29541015625,0.042724609375,0.08251953125,2.6629826799045144,5.208919492769785,0.1835894925344939,1.0254805481425016,0.11079986495487198,1.8935645899969171
lens_00549,0.41722800000570714,0.0008308149352446086,30.804957049197764,0.7850481709719337,0.8047258542536528,0.0008308149352446086,30.804957049197764,0.7850481709719337,0.8047258542536528,0.0,0.0,0.8198168588218641,5.027568726476936,0.027750703488184758,6.0242416033658515,0.1502771953236811,0.04027653523410424,0.14518983977367417,0.0024275162922716927,26.148378466434593,0.6440655775941864,0.868168859564958,0.02302227803677938,0.04356019979601699,0.607666015625,0.20849609375,0.10693359375,0.098388671875,5.408441721189805,5.3474079313715315,0.172673600472558,0.9807149204351293,0.09739584187171627,2.027432393522843
lens_00550,0.4540294000180438,0.0008813520880994459,30.548505622213746,0.8573252780461171,0.8838160284320427,0.0008813520880994459,30.548505622213746,0.8573252780461169,0.8838160284320427,0.0,0.0,0.4587229760057233,4.241866960492247,0.042318066525444564,2.4870575239916093,0.1953291953113207,0.022718472136427637,0.16615788586360003,0.0013804638303863033,28.599749678508143,0.7372990518224214,0.9151165920229224,0.016065390148612423,0.03350174726427221,0.569580078125,0.245849609375,0.120849609375,0.088623046875,7.806391931841208,5.404058739131128,0.16244764992433575,1.102847678703684,0.08804178000483454,1.7853893483697236
lens_00551,0.41876759997103363,0.0005567717045743773,32.543228439065835,0.8424629577630465,0.8479515091027334,0.0005567717045743773,32.543228439065835,0.8424629577630465,0.8479515091027334,0.0,0.0,0.8979868577464575,5.807010115462548,0.08373966412483835,3.4559272465484696,0.2008002491480576,0.010440051612417234,0.012991088564037079,0.002507956781595218,26.00679951763345,0.6295245051833465,0.8740568631522329,0.023743789907534597,0.04409296114372538,0.6064453125,0.235107421875,0.094970703125,0.0888671875,5.927490712634092,5.409460322316592,0.14844846971481515,1.0057698132220996,0.07253613949574651,1.8135122818595275
lens_00552,0.37061540002468973,0.0007308046780124054,31.36198681313381,0.8839730123105028,0.9187629158385904,0.0007308046780124054,31.36198681313381,0.8839730123105027,0.9187629158385905,0.0,0.0,1.5896607718787796,5.2706464539117,0.0956727460375355,6.816703415146122,0.3145533989609754,0.056825029810828154,0.07232062973047904,0.0017494402888468899,27.571008760829624,0.7293533970593659,0.9047853735275458,0.016722532794682166,0.03833793403116122,0.577392578125,0.186279296875,0.158935546875,0.099853515625,8.608736727680707,4.764730958016775,0.17545579217412224,0.9257431465789486,0.09412822846266673,1.453077448078087
lens_00553,0.39191839995328337,0.0016582107072028612,27.803602849068092,0.7764763158840062,0.8362085625825496,0.0016582107072028612,27.803602849068092,0.7764763158840062,0.8362085625825496,0.0,0.0,0.7509241732674623,3.1184090808258347,0.007530400859908193,0.890376983194102,0.1187779927079191,0.08990944541348123,0.17635077998723525,0.0038443921182727842,24.151723218055192,0.5926882363291468,0.8397249860227193,0.029469508759345998,0.05455217843272269,0.57666015625,0.28564453125,0.080078125,0.07568359375,4.712861293519865,5.710140085699527,0.16742542718847767,1.131508843256955,0.10014688697630386,1.6566339011900615
lens_00554,0.3770900000818074,0.0006485561529205921,31.8805241611375,0.9245223246176054,0.9398411071933435,0.0006485561529205922,31.8805241611375,0.9245223246176053,0.9398411071933434,0.0,0.0,0.8743733727870361,2.361054090835381,0.028175706271035272,0.10798535474712878,0.1300666419421426,0.05334417984706141,0.07843679570025158,0.0007999677124305869,30.96927541253312,0.8364346061064272,0.9553545215719264,0.012935421117601832,0.02515238742030043,0.546142578125,0.15087890625,0.224609375,0.0986328125,8.695661833812938,4.34183091263871,0.19131481245246434,1.0378817183468776,0.11405455570299693,1.4999593392273458
lens_00555,0.4050590000115335,0.0005080644333137258,32.94081206499335,0.9109793345978308,0.9252158966447733,0.0004759248424454942,33.22461625196182,0.9167001057743661,0.930124823985166,1.0,0.0,0.3955937341900158,5.7880586587013845,0.039889289635458014,37.306404012024245,0.16246498286071967,0.04676584133608774,0.04836957581308665,0.0021453402710517287,26.685038148452133,0.5645665300209035,0.8586307910377573,0.022283471326642317,0.040605260455837976,0.60986328125,0.23486328125,0.084716796875,0.09228515625,4.704425062567162,3.9472158058932183,0.24252071000421446,0.8592074241671596,0.0949296696468569,1.5635790683520445
lens_00556,0.40433569997549057,0.0022406376622303155,26.49628368372065,0.7748207689325843,0.8387257468497452,0.0022406376622303155,26.49628368372065,0.7748207689325843,0.8387257468497452,0.0,0.0,1.7049366014302976,4.157795455531854,0.07122022703280084,9.023343795583258,0.17610752059152124,0.13829552182614135,0.19814590867762627,0.008160374389193377,20.882899158256897,0.38228394482124456,0.6964870411926428,0.04331213761791063,0.0792744165803858,0.573974609375,0.221923828125,0.1357421875,0.09033203125,7.394790464892954,4.421189859424097,0.21008368736719477,1.0115434721023318,0.11167534700416448,1.3851857123683091
lens_00557,0.4158732999349013,0.0020833569335760287,26.81236317664969,0.8456000031813278,0.8851271804559856,0.0020833569335760287,26.81236317664969,0.8456000031813277,0.8851271804559856,0.0,0.0,0.7658867732933577,3.8224761649599923,0.01932521241156182,0.37435119087743374,0.19553805938485105,0.08380400264063825,0.15140038689985835,0.0046198590926147046,23.3537127038178,0.4642146703799153,0.7843922381988055,0.03360533137233431,0.0590807988772182,0.6064453125,0.20654296875,0.121337890625,0.087158203125,7.591963891181038,4.742292038843037,0.17671935368976371,1.2202028031622993,0.07962757031860322,1.1351167537384028
lens_00558,0.5037250999594107,0.0008152313404341156,30.887191328338602,0.802797863128658,0.8304273464830954,0.0008152313404341156,30.887191328338602,0.8027978631286576,0.8304273464830954,0.0,0.0,0.8043003826504097,4.15007661068673,0.0026912702300454505,3.2548477738025383,0.14419361421373578,0.027755950467198254,0.21738751770247322,0.0019663122892012693,27.06347506490507,0.7069108672401033,0.8952847243680926,0.01870650772361111,0.040204214430675636,0.598876953125,0.288330078125,0.0517578125,0.084228515625,3.083968575062806,4.019382739071722,0.22715640633497758,0.887212813648794,0.11633435715195836,2.040697205086462
lens_00559,0.43583570001646876,0.00024779347634771887,36.0591013146876,0.8990911858317313,0.8907296947122805,0.0002477934763477188,36.0591013146876,0.8990911858317318,0.8907296947122806,0.0,0.0,0.37852384135321543,5.364415713047286,0.04664011509638666,1.2915044868138068,0.23811353129927443,0.003454688796787342,0.09965033943251289,0.0006977630987000266,31.562920020055856,0.7839941616854428,0.9490654578906972,0.012470548241202584,0.02328623037900007,0.54150390625,0.1328125,0.244873046875,0.100830078125,11.049397778814587,4.415438207487555,0.17785311901590659,0.8947369305851919,0.09328531682155088,1.9771514164493555
lens_00560,0.41927929990924895,0.001074508502381161,29.68790143669409,0.8408378637028303,0.88142022484516,0.001074508502381161,29.68790143669409,0.8408378637028303,0.88142022484516,0.0,0.0,0.2723982565809448,5.642458134823441,0.0955043387126483,1.6724014517664045,0.31040725034368866,0.06765001552352412,0.13163065003639451,0.003579355692003138,24.461951422362528,0.5333453621634819,0.8145215380445793,0.026313294662790088,0.053730496145041516,0.582763671875,0.216064453125,0.12548828125,0.1005859375,6.998393860953367,4.553317556044891,0.20103251843196002,0.8560808560530915,0.09483239126746133,1.5061698808111248
lens_00561,0.41953660000581294,0.0010850234626917754,29.645608704722296,0.7671415796239068,0.7944170526386723,0.0010850234626917751,29.645608704722296,0.7671415796239069,0.7944170526386723,0.0,0.0,0.7787619037795565,7.485323755999195,0.1673963552593697,14.81451820756567,0.25328098663032245,0.045420909880146576,0.023632652663997833,0.003025091263956929,25.192615185867172,0.5557232540958469,0.8368379783362718,0.026444382595390996,0.04822640244830119,0.588134765625,0.250732421875,0.086669921875,0.095703125,4.529997147402037,4.803659045485007,0.17890235170350413,0.8729489559676497,0.08199138485970744,2.1980350676022518
lens_00562,0.3950659999391064,0.0007069959917160225,31.50583048410382,0.8806043096796423,0.9007887312593229,0.0007069959917160226,31.50583048410382,0.8806043096796423,0.9007887312593229,0.0,0.0,0.13108612262877867,4.107086502479643,0.02839497594213003,11.059709298086062,0.1543942260823885,0.025792793515652224,0.0367275028018037,0.0011597727024314614,29.356271174561446,0.7750062160847921,0.9305700970955523,0.014980508011030836,0.03058360806319134,0.587158203125,0.2294921875,0.110107421875,0.092529296875,5.314222157703749,4.784924706534189,0.1821054708610891,0.8906348843119619,0.1106673204891804,1.9482441783677231
lens_00563,0.41275690007023513,0.0011362573193765535,29.44523306186161,0.7441202347788667,0.7662351549348844,0.0011362573193765537,29.44523306186161,0.7441202347788667,0.7662351549348844,0.0,0.0,0.7635060636720074,6.889333907410596,0.07204777911855531,9.860614120221683,0.27162840675654376,0.03472301610801387,0.1647318431519572,0.005587160624526275,22.528088429869495,0.40809680168708967,0.7469395026689711,0.037778924996317235,0.06449739103753664,0.559326171875,0.17236328125,0.192626953125,0.102294921875,8.376399641924847,4.393288999959007,0.1966202372836789,0.9897319984791321,0.07632247113191555,1.6553025966617536
lens_00564,0.40166740003041923,0.0007903679013047339,31.02170705780373,0.7562150724076835,0.8100308049094286,0.0007903679013047339,31.02170705780373,0.7562150724076835,0.8100308049094286,0.0,0.0,1.722424302714051,11.405393198451293,0.05078609385003774,3.756539798432385,0.5710628630199087,0.13922599568643346,0.08196249218609641,0.008114219630598442,20.907532412624484,0.26553851070104145,0.6109574075474825,0.04205662510864617,0.0796583951323979,0.595947265625,0.207763671875,0.121337890625,0.098876953125,5.916200727636344,4.440939085914625,0.1931403491040788,0.8725780571865641,0.06591998775333836,1.7263421656033868
lens_00565,0.5458227000199258,0.0007542970915964294,31.224575668247653,0.7975294535605361,0.8084760217398809,0.0007542970915964295,31.224575668247653,0.7975294535605361,0.808476021739881,0.0,0.0,0.8257292441610677,5.376015526464693,0.0052900172065348805,0.3585591487219375,0.14301283556668548,0.024007557675628233,0.1638326586579455,0.0034316578766865466,24.644960161827324,0.5532707141069182,0.8282627336001485,0.027410286852332197,0.05177194270412702,0.57373046875,0.1962890625,0.15380859375,0.09814453125,7.216989516406334,5.168187212241364,0.18286676519124256,1.0567022708546323,0.09190015004046606,1.99194255041005
lens_00566,0.47765920008532703,0.0018596564581844289,27.305672773385133,0.8027589157485611,0.8529331302261779,0.0018596564581844293,27.305672773385133,0.802758915748561,0.8529331302261779,0.0,0.0,1.4155110635672183,4.915531898212791,0.14277442837879495,1.0340341521615528,0.2735166183927955,0.10259716390164475,0.24218157472277624,0.006087790239556258,22.155403199977744,0.4539357890009631,0.7682186558873124,0.03767912251153714,0.06832330470869243,0.560791015625,0.192626953125,0.17578125,0.0966796875,10.287287577277997,4.729089654457157,0.2142712261502769,1.1691543261693191,0.09222009084382632,1.2604734457438167
lens_00567,0.5209067000541836,0.0010622466913655852,29.737746129557053,0.910966898039998,0.9376403721516238,0.001062246691365585,29.737746129557053,0.9109668980399981,0.9376403721516237,0.0,0.0,0.2874471020260909,1.456075302534737,0.012962557087717874,0.9071284988024502,0.1894938868671887,0.11327038466337958,0.15837234485536736,0.0010433875511395591,29.81554349234928,0.8347697109751868,0.9517268103982651,0.015562242101435541,0.028305550196310727,0.51513671875,0.12255859375,0.28271484375,0.10302734375,12.670118077749164,4.464080847056064,0.169506870766024,1.2437342617565128,0.12403929819680605,1.294776030738697
lens_00568,0.4383340999484062,0.0010332608670712805,29.857900184350534,0.896973148814803,0.9216488804042047,0.0010332608670712807,29.857900184350534,0.896973148814803,0.9216488804042046,0.0,0.0,0.7368166956654327,3.2817430211391176,0.0581896562852291,0.5071543362130058,0.1717869540136042,0.06797115737509674,0.009994167030576318,0.0025931116679890286,25.861787806671277,0.6547491443611364,0.8795761891793589,0.02341349840527942,0.04522078902910703,0.563232421875,0.176513671875,0.18017578125,0.101318359375,7.803445214255361,4.550283367335901,0.1816190272001187,0.9027089189350633,0.11273418708593407,1.5237120180512782
lens_00569,0.38956010004039854,0.001094602893204335,29.60743408284673,0.9454339987494922,0.9624872476928013,0.001094602893204335,29.60743408284673,0.9454339987494922,0.9624872476928013,0.0,0.0,0.4917663574601351,0.5771442143986967,0.021810252998519797,0.7446552784190601,0.09537881276040977,0.07997414242933443,0.13261051173781913,0.001006644368106632,29.97123931877249,0.8302433200968636,0.9529639438755325,0.01474146088848665,0.028095083181579134,0.57666015625,0.218505859375,0.129638671875,0.09765625,7.005733499455687,4.287286818023774,0.18882826915491882,1.2156020586910026,0.12181054948847692,1.1699334745621561
lens_00570,0.3964545999187976,0.0007218357893769474,31.41561588965913,0.7127458537202737,0.7040158991817739,0.0007218357893769474,31.41561588965913,0.7127458537202737,0.7040158991817739,0.0,0.0,2.715472161576015,9.206551662032144,0.12058695929385799,1.819646322317766,0.48559791554200166,0.07694457249502096,0.39236492365779685,0.013152177278548689,18.810023458976556,0.1325394934657321,0.48364007489053323,0.05771871289577866,0.09909958355211874,0.520263671875,0.161865234375,0.243896484375,0.0966796875,11.103001115819286,5.653953515675503,0.2063970150201406,1.1414742124858945,0.05381094192276372,1.4342605027415993
lens_00571,0.7495124000124633,0.0016507756658412562,27.823119417020344,0.8588464359844529,0.90473095239432,0.0016507756658412562,27.823119417020344,0.8588464359844529,0.90473095239432,0.0,0.0,0.0025549991301656388,1.5585577053001742,0.007252072162296286,2.5004969998536524,0.11522801625954332,0.08889338492831866,0.09758520795498093,0.0018061326188730563,27.432503639172108,0.753735605895109,0.9204515671037039,0.021204690144762055,0.03683060866640256,0.603515625,0.23095703125,0.091552734375,0.095947265625,5.066480753041613,5.162989313613695,0.18634320007863775,0.9144780841780406,0.12754064710859833,1.4700267095362571
lens_00572,0.4075079000322148,0.0007280440474305486,31.378423446191903,0.7978738421695682,0.8352785059874773,0.0007280440474305486,31.378423446191903,0.7978738421695684,0.8352785059874774,0.0,0.0,0.9356789014835476,8.392362189816902,0.07469116199240666,4.289940246006509,0.48969896284660425,0.012376706552533978,0.006164954872991402,0.002649543011682183,25.76829025919567,0.5280240442940376,0.8454236746593952,0.025061223852023758,0.04496085042257251,0.601318359375,0.226318359375,0.113525390625,0.080078125,7.260644775695606,4.572518018618422,0.17260378155836387,0.8839733333236237,0.05234385310527694,1.3597091974859712
lens_00573,0.4146427999949083,0.0014967689369772014,28.248452384953385,0.8699875370790745,0.9073287748720232,0.0014967689369772014,28.248452384953385,0.8699875370790744,0.9073287748720231,0.0,0.0,0.43325756441515345,0.4540507818718389,0.017844741374979378,0.39292781582918224,0.05676108441732019,0.06457610033214145,0.02387267439254176,0.0011368744325723022,29.442875003539847,0.8327842717639076,0.9467110674998844,0.014967990656724717,0.030213137676721093,0.577880859375,0.1904296875,0.154296875,0.09716796875,7.052020504069565,4.8334579700047104,0.16486562957840545,1.2204191861987281,0.1187261516118003,1.8087695002651112
lens_00574,0.37768270005472004,0.0011887198997354426,29.24920466937227,0.9140445602668591,0.94013605883521,0.0011887198997354426,29.24920466937227,0.9140445602668591,0.9401360588352103,0.0,0.0,0.6142161649459216,0.5709455443756681,0.006761975447946211,0.7716773490199529,0.10895222365909159,0.09207797423607622,0.10134409256935023,0.0021706783601769877,26.63404523274638,0.7651393417981518,0.9098933919618455,0.01875594771539169,0.04264847928677506,0.56640625,0.17138671875,0.182373046875,0.103271484375,7.525170636992042,5.029718700976401,0.16773110944431724,1.0024774799663265,0.12941302856458353,1.5183288358406744
lens_00575,0.3869721000082791,0.0005077324026237075,32.94365119771225,0.7849749097026912,0.7830664719620708,0.0005077324026237075,32.94365119771225,0.7849749097026911,0.7830664719620707,0.0,0.0,0.8779379212570885,8.629064990360243,0.08893635126773303,8.00156634904019,0.4406163507097845,0.053614054836126246,0.11455217625842273,0.006148913453660301,22.11201619634206,0.3854380499222067,0.7301553565671245,0.0381857899386273,0.06848911519667436,0.54833984375,0.126708984375,0.245361328125,0.104248046875,11.052724123056818,4.546187574987063,0.2073624250489699,1.1097476366811911,0.07707705376782928,1.7156156578766506
lens_00576,0.3794121000682935,0.0005697410580639045,32.44322482231796,0.8766235886167305,0.8923182701152995,0.0005697410580639045,32.44322482231796,0.8766235886167303,0.8923182701152996,0.0,0.0,0.7494916855244524,3.6045187025476384,0.04439127973374679,2.4753586901298377,0.1551294918707876,0.028307453563286566,0.13121711288389148,0.0012928434594180168,28.884540573521342,0.7591213986497292,0.9198082798530032,0.014560611889761899,0.032876010110926494,0.560546875,0.1962890625,0.16455078125,0.10107421875,7.210676798019636,4.862650331458745,0.20071814251149703,0.9720955647014944,0.11574138915259155,1.9676656143838285
lens_00577,0.4022128999931738,0.0008214772091304176,30.854044810252667,0.9495085671005802,0.9650835723135274,0.0008214772091304176,30.854044810252667,0.9495085671005802,0.9650835723135274,0.0,0.0,0.8630645016828907,0.9017460096597727,0.022917586553990565,4.217311466483608,0.0695669974911187,0.043541152819304485,0.06056424060975668,0.001038967067190381,29.83398218337112,0.8061391369221567,0.9429069050255919,0.014105954661996925,0.028982565625977084,0.602294921875,0.28271484375,0.057373046875,0.076904296875,3.372455719200202,4.875169624527545,0.1996612176020296,0.9252296497662369,0.11918335321389689,1.4383864981796868
lens_00578,0.40804379992187023,0.00039536831656440484,34.02998136470421,0.8148824847664105,0.7833216001852465,0.00039536831656440484,34.02998136470421,0.8148824847664105,0.7833216001852465,0.0,0.0,1.3926629443918126,7.3205328900012026,0.12483668572737128,6.095932457535099,0.37302428161096307,0.019180626736524986,0.3008364645532785,0.002114941139805831,26.74701714820022,0.5662733115367001,0.8493900996669914,0.019865216161528712,0.04147667207794725,0.542724609375,0.155517578125,0.2275390625,0.0986328125,9.987707639725908,4.404624575125191,0.2215074897964601,0.8875224331383598,0.06860484373487699,1.8586031642406446
lens_00579,0.38647749996744096,0.0007850762497622869,31.050881607798026,0.8509889247479652,0.8767395755621238,0.0007850762497622868,31.050881607798026,0.8509889247479651,0.8767395755621238,0.0,0.0,0.6134335268176629,4.699016596885357,0.0006665734167862203,1.6805011368899727,0.22801989554392968,0.03887066210206114,0.06871169555552903,0.0014249913909301377,28.461877594328953,0.7790819012788924,0.9211480275397014,0.014748322898438146,0.03474878936903475,0.570068359375,0.19580078125,0.16015625,0.09521484375,9.167909797161638,4.377737531467508,0.18018516750207372,0.9241850189608821,0.10908984135243824,1.9243073053216304
lens_00580,0.37938130006659776,0.0008894067774337692,30.508995654752642,0.7595240543304432,0.7922807521251278,0.0008894067774337692,30.508995654752642,0.7595240543304431,0.7922807521251277,0.0,0.0,1.3496927065593756,7.899169139081568,0.24030060374872209,8.80863395895733,0.4314800612204238,0.04395503615523144,0.10128058510349114,0.006463589218540282,21.89526252139109,0.37955175299130367,0.7231855558370869,0.04036565738151729,0.06952843247692443,0.567138671875,0.194580078125,0.1611328125,0.09423828125,7.2557854139668425,4.828532962494267,0.17846862598459687,1.136401981117555,0.05892935424312214,1.3298413364755748
lens_00581,0.3678819000488147,0.0010378054351506314,29.83884059166485,0.7172098707399011,0.7492776151328835,0.0010378054351506312,29.83884059166485,0.717209870739901,0.7492776151328835,0.0,0.0,1.142286461864139,9.125119374678317,0.11438118756260796,1.9174447283355391,0.4408035737501386,0.04014263127016582,0.30490261416538755,0.006384444170137758,21.948769064427932,0.32906297780067534,0.6975647739318264,0.04055795061288697,0.06884400345869188,0.5908203125,0.228271484375,0.12353515625,0.08056640625,7.594777922861503,5.683501584628335,0.1512442385887431,1.0575199320505937,0.05107491980033262,1.5964119637369225
lens_00582,0.4096227999543771,0.0006731811570408534,31.718680488276895,0.6931552524806877,0.6533440488107416,0.0006731811570408534,31.718680488276895,0.6931552524806877,0.6533440488107416,0.0,0.0,0.7783982533842029,10.794533791194782,0.11613104798175278,12.177333397931363,0.47643354844202385,0.07237674741396494,0.13821760364219216,0.007990101839962143,20.97447685235229,0.2850467547386751,0.6406391805450526,0.04463121237354628,0.07744776770204259,0.591552734375,0.185302734375,0.148681640625,0.095947265625,7.9409368531795455,4.852268407699327,0.1766414216253759,0.8797364924333846,0.05522083042799067,2.0038007955290884
lens_00583,0.4191604999359697,0.0005368867286087795,32.70117331300704,0.8330044002158321,0.8617913916269986,0.0005368867286087796,32.70117331300704,0.8330044002158321,0.8617913916269989,0.0,0.0,1.4183306443051908,8.251134919512104,0.08787233034639264,15.056968147043776,0.4389759451589775,0.0006366166415208152,0.12783684716646404,0.0024590914583761227,26.092253187076288,0.6396697746771692,0.8673799012361353,0.020697356069781694,0.045063409880931035,0.621826171875,0.2236328125,0.0888671875,0.087890625,5.637740137987107,5.038808587933411,0.15083994397205305,0.8827877262614258,0.05542526998870813,1.9049420994539337
lens_00584,0.396919000078924,0.001056352305329515,29.76191215567927,0.7604779446478656,0.7844110265353638,0.001056352305329515,29.76191215567927,0.7604779446478656,0.7844110265353638,0.0,0.0,0.758947958236527,4.71028286605927,0.02522184599916555,1.299050707443655,0.19427481758051368,0.0623538485596592,0.30104427016904134,0.002226770161705022,26.523246067892412,0.693845449684594,0.9031888166980612,0.02337608990613286,0.040991811162784886,0.50390625,0.146240234375,0.271240234375,0.10205078125,11.798285744402374,5.289858802627724,0.1777741197625211,1.0896301259476684,0.10156291518725438,1.764799864825786
lens_00585,0.391568599967286,0.0012282393499858627,29.10716992926847,0.9035215060307675,0.9326847442207274,0.0012282393499858627,29.10716992926847,0.9035215060307675,0.9326847442207274,0.0,0.0,0.4076356689013318,1.0615883106029074,0.009433317010584918,2.031686858074494,0.04906701923062064,0.04272169151755323,0.017467003451623775,0.0011440077549668875,29.41571031550065,0.7995380574484799,0.9436123181364374,0.016761335328276117,0.029377974623516344,0.589111328125,0.25927734375,0.081787109375,0.08642578125,4.671221744902029,6.272646810052291,0.1588405856906031,1.2076497371913155,0.11236570364543993,1.7961165644257453
lens_00586,0.3955022000009194,0.0007856275914974028,31.047832723893265,0.6483455691909309,0.592846423199987,0.000785627591497403,31.047832723893265,0.6483455691909309,0.592846423199987,0.0,0.0,0.9837127157057144,10.979014091055078,0.1366251416443406,4.905032378036736,0.4469676338565167,0.09637095443148846,0.33239229933642667,0.012577481709278606,19.004063055716955,0.16183871881130282,0.5109066808884901,0.056594826856559095,0.09682203923877405,0.572265625,0.181884765625,0.1640625,0.104248046875,7.254960429362201,5.128362381155387,0.18461065796095202,1.0238987692116082,0.05135811699859976,2.1450613904206124
lens_00587,0.4045312999514863,0.0005678252885290861,32.45785269745926,0.8187095910283603,0.818420941729432,0.0005553599261833226,32.55425461397702,0.8221895936649463,0.8228373927267069,0.0,-1.0,1.2688875101456456,6.085752631536753,0.057769070831853786,5.323941915124308,0.2455824822204513,0.02844160289111375,0.02572319783314303,0.0020149007923630806,26.95746332346671,0.6514666072527778,0.889691934898781,0.022113054153562683,0.039062944440539614,0.534912109375,0.146240234375,0.241943359375,0.10205078125,10.707890052854674,4.053489880706798,0.19099222454082826,1.2118640772560105,0.09272593445128485,1.8580920487147723
lens_00588,0.521831399993971,0.0006757965327121823,31.701840407763182,0.8480800588042778,0.8616605739773597,0.0006757965327121823,31.701840407763182,0.8480800588042777,0.8616605739773596,0.0,0.0,0.9297030742009481,7.067105964051154,0.03845368862982834,81.09156776664679,0.20363351303666874,0.0021342166191278267,0.0023057556261246726,0.002766577055685415,25.580572291574256,0.5086877657016223,0.80258489704393,0.021904572047731212,0.04782015034576081,0.60888671875,0.27685546875,0.05029296875,0.087158203125,3.002281507182116,4.53925458858271,0.18076064674584127,0.9698204813924582,0.0673356270997744,2.071826063005875
lens_00589,0.46067539998330176,0.0007072458080816434,31.504296179712274,0.7840683815401437,0.8118368015992145,0.0007072458080816434,31.504296179712274,0.7840683815401437,0.8118368015992145,0.0,0.0,0.4070842145068136,10.036723121012635,0.06374116651747064,22.89770451673874,0.45141720160357207,0.0739839168146289,0.14641831446643527,0.004309353869717498,23.65587841637913,0.40231173330011716,0.7672078052979765,0.03390269011571786,0.0562135346036442,0.562744140625,0.207763671875,0.15234375,0.098388671875,7.2810632723815125,4.165773209886782,0.2244701282570685,0.8862730486082376,0.06522449851905021,1.5983237611419812
lens_00590,0.4122324000345543,0.0011689821177188486,29.321921323244116,0.8406385694356318,0.8859779000636616,0.0011689821177188486,29.321921323244116,0.8406385694356318,0.8859779000636617,0.0,0.0,1.5445782735130782,6.512819143080226,0.06057519566540015,2.553128830580647,0.387394975509537,0.013805424786863307,0.22215450361251743,0.0032554582332446147,24.873878721763226,0.5173831235152087,0.832126725375166,0.02808832180888417,0.04966391457794258,0.577392578125,0.180419921875,0.168701171875,0.096435546875,9.604394636975563,4.234938645424681,0.21499009804261582,0.8557043683711184,0.07241882663180843,1.0411438900736785
lens_00591,0.4873357000760734,0.0011479050506200993,29.400940332770077,0.9098535870258007,0.9381036338530292,0.0011479050506200993,29.400940332770077,0.9098535870258007,0.9381036338530292,0.0,0.0,0.6986448727768275,0.701988119002305,0.0024565593788400397,2.550196627474577,0.049850303192376405,0.019788173485395855,0.032357950886079234,0.0004240280052864245,33.72605459115506,0.9111909558356854,0.980257363102426,0.010399514613271961,0.01777295982932408,0.59619140625,0.310302734375,0.0419921875,0.06884765625,2.757866274383855,6.853569640302401,0.12467669847764849,1.2321357161612165,0.10465876359272659,1.9977020637012892
lens_00592,0.4987059000413865,0.0017132734223937263,27.661733221711163,0.7739371504849022,0.8224908849624287,0.0017132734223937263,27.661733221711163,0.7739371504849023,0.8224908849624288,0.0,0.0,0.5628656819325747,2.9735866312316954,0.007999469485039046,0.6660638054838444,0.1453518325066146,0.07652418598787614,0.21351924764683028,0.0010555051927252732,29.76539625770456,0.8436323234804671,0.9572180203419757,0.016305002265658397,0.02810074899076798,0.547119140625,0.16845703125,0.2060546875,0.099853515625,9.029311435923676,5.738634234568466,0.1586177055592246,1.168298094634632,0.11110693060887356,1.9908803373437958
lens_00593,0.37116330000571907,0.0005010818949274202,33.000912888862715,0.7612479578108511,0.7223737123550091,0.0005010818949274203,33.000912888862715,0.7612479578108512,0.7223737123550092,0.0,0.0,0.865423675109899,8.508539914146729,0.15307655503274487,0.8134666371146153,0.440781549986927,0.006316831630268527,0.29554860079280154,0.00438221853480613,23.583059686069213,0.42552850761200167,0.743245983202325,0.028555976619215426,0.05972248097767666,0.535888671875,0.17041015625,0.218994140625,0.0966796875,8.526484791828135,5.661816812802997,0.1649029587289949,1.1290365105673064,0.05393816330514531,2.190934690868139
lens_00594,0.3818386000348255,0.0006643043536451326,31.77632901317503,0.8242052625220487,0.8326671629976514,0.0006643043536451328,31.77632901317503,0.8242052625220488,0.8326671629976513,0.0,0.0,0.5550933692616612,6.289200125537179,0.03178688211794689,2.9432700865239667,0.20882330713704536,0.0017534152853240226,0.104600473691568,0.0018290424640358776,27.377762115917182,0.6476191230861722,0.8862467135950545,0.0198453246474328,0.03788410687443844,0.566650390625,0.254638671875,0.11962890625,0.078857421875,7.503914288147791,5.768411185035304,0.15211476267740287,1.1111668194498328,0.07318153359682081,2.0502395850225064
lens_00595,0.39212770003359765,0.0014032256234266444,28.528724935253575,0.6015343900050577,0.6230218838825795,0.0014032256234266446,28.528724935253575,0.6015343900050578,0.6230218838825795,0.0,0.0,1.5812959221448584,9.030610803322578,0.04227475305987394,7.3603087561689335,0.28342188684783687,0.11732816066334684,0.34468729478612914,0.010776914821384967,19.67505549707488,0.2660622408762249,0.6190407807432855,0.05347276816426451,0.08898077256484004,0.580078125,0.226318359375,0.124267578125,0.091064453125,7.134305550172457,5.157514277850122,0.18615177478201417,1.1041300017212,0.063328759165483,2.0759509039730135
lens_00596,0.4040520000271499,0.001864915443522087,27.29340854602888,0.8374577145487031,0.8859741246081547,0.0018649154435220869,27.29340854602888,0.8374577145487031,0.8859741246081548,0.0,0.0,0.6816338228623832,1.449416982459244,0.08043312524686375,3.2063721858992267,0.1052558789328374,0.09648335599787983,0.17483768389271293,0.0026513775047248256,25.7652843275472,0.6866604970473531,0.897132818052933,0.024946092070690273,0.04504519946815054,0.597412109375,0.255615234375,0.078369140625,0.0908203125,4.407578450635672,4.507369378424226,0.199619713762955,1.2150575116140496,0.11561239947390183,1.4643358805182203
lens_00597,0.409608899964951,0.0017780305470925322,27.500607819936093,0.6968144052556756,0.7657236512581813,0.0017603681938505888,27.543964868257294,0.700460822492102,0.7684021999229098,-1.0,0.0,1.2684338671086157,9.640965273163086,0.15979170330212034,37.727345370574994,0.4627309029620717,0.11099790748434701,0.0048876561118949,0.010636069482809044,19.732188341928598,0.17941253124999149,0.5238424891559418,0.05008384556230348,0.09015363495999693,0.615234375,0.22802734375,0.089111328125,0.09033203125,5.213674542445631,3.7997088257002005,0.23648276639723403,0.8890468233681202,0.07223655288365217,1.2430116363379125
lens_00598,0.37141939997673035,0.0003654952284868322,34.371182883514436,0.813439733940382,0.7794849326513551,0.00036549522848683223,34.371182883514436,0.8134397339403819,0.7794849326513552,0.0,0.0,0.17891484079068207,7.359378190201392,0.08159263327246002,3.166217302627672,0.395184662686023,0.02672112232928381,0.2220913107880732,0.003469549508052683,24.597269110499965,0.5038925204023939,0.7925894435780981,0.024704335124526043,0.053471911636931324,0.51708984375,0.1181640625,0.288330078125,0.101318359375,11.342119223394354,4.136210194570283,0.20025702813388244,0.8816832555908524,0.08294881848135405,2.0246774988646457
lens_00599,0.38043979997746646,0.0004851487068695613,33.141251218637244,0.8453623412693648,0.8409297515394352,0.0004851487068695613,33.141251218637244,0.845362341269365,0.8409297515394352,0.0,0.0,0.5666885138829341,4.696644386665595,0.05583966598817913,4.320243176044627,0.2001588647817824,0.007758130893015913,0.1636944598301764,0.001206166818560228,29.18592623066532,0.7283793636751914,0.9216523728656288,0.015799735000508713,0.030927903137360085,0.532470703125,0.139892578125,0.24365234375,0.10546875,9.08866615245924,4.260362776523758,0.21803721639398563,0.8635857758472304,0.10398127638237172,1.9522141797887624
lens_00600,0.40649079997092485,0.001893579730939337,27.227164037842503,0.775642322182246,0.8238973528927475,0.001893579730939337,27.227164037842503,0.775642322182246,0.8238973528927475,0.0,0.0,1.8331084492334682,5.93958518767754,0.09442808454613894,10.255590227943486,0.21598537000767803,0.0687141795071533,0.24885096525545924,0.010356349733987434,19.847932918624817,0.265755311718135,0.6167387418603778,0.05043359334634543,0.08839005824278483,0.593505859375,0.238525390625,0.101318359375,0.09130859375,5.862654089242128,4.990344088901462,0.2145740027849105,1.165072483085322,0.07673737255657623,1.3324945996987134
lens_00601,0.3846784000052139,0.000706935284691949,31.506203412067492,0.8156086987991241,0.8302317285301215,0.0007069352846919491,31.506203412067492,0.8156086987991239,0.8302317285301217,0.0,0.0,1.2183938671761805,6.0687789468229525,0.003642960383682614,26.891896845850738,0.16433326686854788,0.02164070915459626,0.1737726712770986,0.004977165080859391,23.0301795449059,0.3900021907367058,0.7304484207146617,0.03292454912851883,0.06239502500635079,0.583984375,0.285400390625,0.06884765625,0.08349609375,3.912502850934539,5.375304072218254,0.202313036561684,1.1214945647247219,0.08324086457198956,1.8029175479480288
lens_00602,0.3959081000648439,0.0007295046884285013,31.369719126093454,0.9370345864282239,0.9522836599741394,0.0007295046884285012,31.369719126093454,0.9370345864282241,0.9522836599741394,0.0,0.0,0.9042692666092018,1.0812214006731224,0.00615729596188852,12.988754666027802,0.04547552872038425,0.03165990740232749,0.07298352746841807,0.0006291047684570571,32.012770229587886,0.8285220794906227,0.9578172450724981,0.01173809896562865,0.022165779957632095,0.611328125,0.29248046875,0.04345703125,0.077392578125,2.788758641114672,5.052935445442491,0.18109562354574135,0.9342511866051539,0.10919165002192639,1.738357527017813
lens_00603,0.42666450003162026,0.0006081791105587866,32.15968500872009,0.919999710478395,0.9416298151584844,0.0006081791105587867,32.15968500872009,0.9199997104783951,0.9416298151584844,0.0,0.0,1.0017792988960914,6.068155484002565,0.045022087362592944,8.97592200428619,0.24026891295489824,0.019605339910649278,0.007227877822308271,0.0022943998988035185,26.393308851672252,0.5632570555970496,0.8544592133520044,0.022014940370600315,0.04254106603368597,0.613037109375,0.26513671875,0.061767578125,0.080078125,3.8404466911455537,4.698243899971064,0.1757256281701101,0.8973688850755827,0.06548374350173025,1.209703412548611
lens_00604,0.3880281000165269,0.0004100430981399447,33.871704937664326,0.8926616356773844,0.9035988303463092,0.00041004309813994476,33.871704937664326,0.8926616356773847,0.9035988303463093,0.0,0.0,2.3063625462416026,7.05808868957454,0.10936460600240161,4.288025277628293,0.2278674181619848,0.0182142283362825,0.11400583620570393,0.002555982562872104,25.92442113296993,0.4878733599204497,0.8229324460629451,0.024422495820318545,0.044266513989455136,0.57177734375,0.27880859375,0.085693359375,0.088134765625,5.296314084439932,5.384691555778393,0.20095806578089154,1.0476483428538816,0.06884766347828597,1.7286483941432624
lens_00605,0.39544909994583577,0.0014713871988610515,28.322730266598313,0.5813913816316306,0.5856517203824795,0.0014713871988610518,28.322730266598313,0.5813913816316306,0.5856517203824796,0.0,0.0,1.6782827249933534,9.47883299566156,0.013107579331942731,2.7082179360498344,0.2886047015570018,0.06952500366742576,0.41441328114124953,0.013544931776992637,18.682231780763836,0.1667796380564068,0.5257813038837453,0.06047466728199058,0.0994371479585229,0.554443359375,0.206298828125,0.157470703125,0.107177734375,7.708074013750789,5.127933692115371,0.19295809858341487,1.2146752924727426,0.05338514019580474,2.0982872321930133
lens_00606,0.45329440000932664,0.0007187969703965687,31.433937620344402,0.8671253410930359,0.8823012006912752,0.0007187969703965687,31.433937620344402,0.8671253410930359,0.8823012006912752,0.0,0.0,1.0274489005172354,4.005122238259705,0.009168408188650168,3.2190536785199697,0.1537264526297349,0.03188595559456131,0.1335439677327651,0.001615286171081186,27.917505250284975,0.6999925860022093,0.9046112539655246,0.018585778686751094,0.03563502492896974,0.525390625,0.1640625,0.235107421875,0.100830078125,9.409047505113833,5.353348432015243,0.18192325465101614,1.2429757176374212,0.0978408999182929,1.770078035109405
lens_00607,0.489029600052163,0.001250575469810339,29.028900943107896,0.7447248572018562,0.7811568159904912,0.0012505754698103385,29.028900943107896,0.7447248572018561,0.7811568159904914,0.0,0.0,0.6681053972064269,6.832718459694426,0.07171415098635014,0.7144247599221671,0.2678509563992023,0.017134737821406953,0.2899208020524515,0.003123780814964318,25.053194466868764,0.5383058584445296,0.829929819414892,0.02593381159550806,0.04950977914607385,0.595703125,0.296142578125,0.050537109375,0.078369140625,3.0231943194019757,4.849359428635423,0.19927713783288512,0.976681160946196,0.06815848366839586,1.9819926962117083
lens_00608,0.405514599988237,0.0013528246584601558,28.68758489284074,0.7246402166376272,0.7562576722836782,0.001352824658460156,28.68758489284074,0.7246402166376272,0.7562576722836782,0.0,0.0,0.727560949070243,6.564829517733229,0.045183866420475005,2.905168508860811,0.24254669542785584,0.031926314335700035,0.24521617705706755,0.003554860507284135,24.491774363140596,0.49189055460635844,0.8036867916215886,0.028209697542026256,0.05252688332531764,0.57373046875,0.249267578125,0.114990234375,0.080078125,7.191439675193657,5.646492660862411,0.1915054614564732,1.0756480401703934,0.07092722366099798,1.9823854891270565
lens_00609,0.3959020000183955,0.0009075262368836444,30.42140810513252,0.7803952161448499,0.8021122318636235,0.0009075262368836444,30.42140810513252,0.7803952161448499,0.8021122318636235,0.0,0.0,0.7692501867032113,6.786900868900046,0.08873093877941562,12.146920587242334,0.2757177175723165,0.03567044075988468,0.14870141803082482,0.0024184217371820186,26.16467962300725,0.5901430628244579,0.8569760271991131,0.023101838007129102,0.04341344052104583,0.554443359375,0.187255859375,0.17919921875,0.103271484375,7.645518328619035,4.120405603301913,0.215227795851331,0.850037890779752,0.09192511179637317,1.9655319191347886
lens_00610,0.4041334999492392,0.0019959988189317233,26.998397200284007,0.7420876345013225,0.8180487839175559,0.0019959988189317233,26.998397200284007,0.7420876345013225,0.8180487839175559,0.0,0.0,0.9423263113026676,2.73533166653875,0.0181224030775472,2.0112203863626945,0.1466526007049753,0.13524387351387668,0.25355103305172255,0.004707992238898149,23.27164261760312,0.5398280412015605,0.8004926275488345,0.032712489174276285,0.06031488448899663,0.5654296875,0.237060546875,0.131591796875,0.0888671875,8.336597863789304,5.019805070966151,0.18788165659885625,1.1777361980767527,0.12233076914413722,1.7787773876597797
lens_00611,0.4040757999755442,0.0007648185635307232,31.164415794909566,0.8297873518174089,0.8488769307673929,0.0007648185635307231,31.164415794909566,0.8297873518174088,0.8488769307673927,0.0,0.0,0.9701782168448638,4.700497198711625,0.03006173953769886,5.078533289370739,0.13943404550277058,0.02291824537039433,0.04720738003054864,0.0027851600052149214,25.55149849902883,0.6204143651645052,0.8651703531549033,0.024962426626884596,0.046497712439563355,0.59814453125,0.2392578125,0.098388671875,0.08935546875,5.829927785782587,4.869081388517837,0.16799969264391867,1.040038708150589,0.09384624265949323,1.8320612350577385
lens_00612,0.38152180006727576,0.0006757417514832752,31.702192468607002,0.8309547352696792,0.8394501668599914,0.000663492419273361,31.781640347988763,0.8340818495323946,0.8426327674619762,0.0,1.0,0.64209173632586,4.803129016659144,0.07860860684628435,1.180514428790275,0.20470724736959098,0.04374749457382443,0.054218541539547305,0.0031482453304094373,25.019314321288526,0.5301284515931809,0.8269121023505344,0.027800091940220265,0.04873807770649903,0.508056640625,0.14501953125,0.264404296875,0.107666015625,10.553872002832804,5.16423029728577,0.1898865055166573,1.249784530782453,0.08940804633892246,1.8135666909365922
lens_00613,0.3937678000656888,0.0012159654554918602,29.15078762811941,0.9459940141494304,0.9654474678592827,0.0012159654554918602,29.15078762811941,0.9459940141494304,0.9654474678592827,0.0,0.0,0.673037308621221,1.181196398483289,0.027491447988603368,1.7046375786817691,0.13803214654793283,0.08657321932796147,0.11709939471327585,0.0017027759111670885,27.68842502329296,0.7803468816623459,0.9238313828290756,0.01720609421273176,0.03750634923729164,0.59130859375,0.23779296875,0.109375,0.0869140625,7.248625424985339,5.0893008836835625,0.17310769669543666,1.008539062778437,0.11680288096313503,1.097874633039231
lens_00614,0.3697784999385476,0.00039447014398639953,34.0398586138392,0.7801507473103244,0.7098498593913093,0.0003944701439863996,34.0398586138392,0.7801507473103242,0.7098498593913092,0.0,0.0,0.9001974572933646,8.958114142081463,0.14197174325683348,5.29500800290478,0.41386324471105196,0.018501812126586303,0.30650091139437796,0.003555179267185354,24.491384954162207,0.47763170098837265,0.7991511762926755,0.028152329274824327,0.052560685151424945,0.5341796875,0.15673828125,0.22900390625,0.104248046875,9.15671502775199,4.309078927310729,0.22175173735473316,0.8681429110697618,0.07090557774213697,1.9230413211030015
lens_00615,0.3929790999973193,0.0009660847034029331,30.149847942803735,0.7883747897535457,0.8153297852973543,0.0009660847034029331,30.149847942803735,0.7883747897535457,0.8153297852973543,0.0,0.0,1.341522040530137,6.626624997612192,0.09883731067239532,3.5159265178122894,0.27385349613126914,0.045314902766836807,0.012918127107663047,0.004603540631438089,23.369080193569665,0.4902399863314994,0.7924709393084477,0.03268179372799973,0.05945957441958836,0.5537109375,0.218994140625,0.144775390625,0.098876953125,6.772052449129012,6.3185750155633364,0.13910509952400765,1.1949633368577721,0.06247679409439405,1.895175571568192
lens_00616,0.37339059996884316,0.0009319401124895932,30.306119949968387,0.8545369413963373,0.8795728399792158,0.0009319401124895932,30.306119949968387,0.8545369413963372,0.8795728399792158,0.0,0.0,0.1236006431642944,3.685101883241847,0.011349895212683703,5.048854869006789,0.15819713606948665,0.023076131310739045,0.043196327038986904,0.00133901886046464,28.73213305782589,0.8087075062564757,0.9331719525478548,0.014586562574985106,0.033559664073269324,0.5830078125,0.227294921875,0.119140625,0.09375,6.559999389653359,5.341406391689113,0.13817176254726676,1.044737271301698,0.09460993244610083,2.0459174833670417
lens_00617,0.39051429997198284,0.0013566056508599142,28.67546378239471,0.8438095131053726,0.8863226566410387,0.0013566056508599145,28.67546378239471,0.8438095131053721,0.8863226566410387,0.0,0.0,0.12202302270806514,1.7390442108623212,0.026136557853803644,7.950875400820536,0.11875233352894485,0.051771389833178416,0.05255259875662571,0.0007043083424612044,31.522371674029138,0.8603151347158069,0.9636598311235297,0.01276964869282901,0.02326466021077752,0.602294921875,0.276611328125,0.05810546875,0.087158203125,3.4160821954895413,5.310612518137484,0.15662370517826016,1.0947108944853132,0.1079993114403274,2.0406841859719007
lens_00618,0.40600289998110384,0.0009170512871350999,30.376063752384702,0.8851239160804377,0.9154545812447934,0.0009170512871350999,30.376063752384702,0.8851239160804377,0.9154545812447934,0.0,0.0,0.639337987816323,5.055124396710022,0.029048475352751124,4.855015939323906,0.2822829056419423,0.0337068084547405,0.015939918318506496,0.002735021526942472,25.63039251050647,0.582887498264544,0.8578427729352406,0.02573749838041637,0.04552584654963086,0.544189453125,0.17236328125,0.20166015625,0.10107421875,8.275930989414366,4.901795276069317,0.16562833649691666,0.9881180020161434,0.07241069465187724,1.1655348812205917
lens_00619,0.3774159000022337,0.0008259131998844399,30.830655928636826,0.808138281409693,0.8394558103297294,0.0008259131998844399,30.830655928636826,0.808138281409693,0.8394558103297294,0.0,0.0,0.4388713628124366,7.799736066541467,0.06697307905768646,9.536811873707435,0.3834569828640973,0.055895954622997124,0.003553869432783907,0.0057937393092517275,22.370410498813982,0.35137315359471033,0.6842707615049791,0.03370957341304867,0.0682451754306633,0.501220703125,0.13427734375,0.284912109375,0.10205078125,10.573656950837094,4.307923847631251,0.16995048294695786,1.14975577051216,0.06527550258965165,1.9983427946823589
lens_00620,0.409902699990198,0.0010763241925467555,29.68056897974438,0.9570905983219866,0.9705798718941038,0.0010763241925467555,29.68056897974438,0.9570905983219866,0.970579871894104,0.0,0.0,0.4757142742852909,0.42649299158345677,0.010344368357109501,1.866343635547139,0.09057772569121107,0.10692407389885639,0.09549132380182968,0.0025956948975214946,25.857463565981394,0.6913374110712986,0.8861743811114047,0.022425849136580266,0.045746870800360065,0.543212890625,0.16552734375,0.212158203125,0.103759765625,8.75559570584563,4.321386634959285,0.18218383419803238,1.186823639414247,0.11640131352029678,1.0468410532999117
lens_00621,0.3886573000345379,0.0006066451412495398,32.17065276408867,0.9232007771929592,0.9494294473844804,0.0006066451412495398,32.17065276408867,0.9232007771929592,0.9494294473844804,0.0,0.0,0.8128649744001115,4.734844120488322,0.056270031928004616,7.561275674303857,0.27623620376693675,0.01118537145885945,0.20039339413714752,0.0017735864029590036,27.511476493604775,0.6411362682952249,0.8783236678436362,0.016939651296375688,0.03855690102843071,0.550537109375,0.18310546875,0.19384765625,0.095703125,9.239979313686803,4.5666268436845385,0.22336917327888317,0.9622589894055003,0.08073049596422117,1.179711246293278
lens_00622,0.40571970003657043,0.001206200708163437,29.185804208896204,0.7416884319251944,0.7816853641136221,0.001206200708163437,29.185804208896204,0.7416884319251944,0.7816853641136221,0.0,0.0,0.9573676677469839,7.966804661143153,0.08198234734368803,2.255943414029389,0.36838984621626814,0.05038728797686365,0.17643210470460557,0.00631876209825,21.993679955399884,0.34232797024146283,0.6990801003231111,0.039016081880393634,0.06925682242893055,0.603515625,0.27099609375,0.06884765625,0.0771484375,4.11233856161843,5.78371423963447,0.16283584938414525,1.0118899302437288,0.05099875355565491,1.4732860226484603
lens_00623,0.38789810007438064,0.0006611243185187274,31.797168676397526,0.8841212791385147,0.9015837012638362,0.0006611243185187274,31.797168676397526,0.8841212791385148,0.9015837012638361,0.0,0.0,0.6096267925230126,2.367902796383751,0.004202251203553997,1.3170759479329064,0.09724763120458928,0.0336284143578387,0.09782915782319057,0.0005248626053710381,32.799543680958884,0.8849178027637473,0.9715249133124164,0.01107653425261158,0.020054251278014853,0.52978515625,0.152099609375,0.2392578125,0.1005859375,9.36687228027419,4.736063638177521,0.15808635122767276,1.1630133905258924,0.12525578729852044,2.115355955426089
lens_00624,0.40550890006124973,0.0005787134830311809,32.37536399202328,0.8299259013216177,0.8372154305565181,0.000578713483031181,32.37536399202328,0.8299259013216176,0.837215430556518,0.0,0.0,0.39042275964850054,6.62538157370958,0.023503399366660682,4.567116481797996,0.24015337567999775,0.011038137389540847,0.09118496334100312,0.0020969641326888363,26.784089978172197,0.5864675119215506,0.8681222064081499,0.023201719804246457,0.0394796698417562,0.608642578125,0.24609375,0.082275390625,0.087646484375,5.134625453452969,4.8461352113486145,0.16303372878203692,1.2347880112152032,0.06368682295268702,1.6291033469468883
lens_00625,0.368202600046061,0.0014697684347688275,28.327510839076048,0.7654716060467074,0.80578288349306,0.0014697684347688273,28.327510839076048,0.7654716060467072,0.8057828834930602,0.0,0.0,1.1889536651824038,5.111499983018591,0.10081287316261389,2.7753447122809973,0.23753758706526099,0.08124604369551092,0.25731412738761084,0.00663874896711115,21.779137531424485,0.3671978003145305,0.6886611087888346,0.03746580371886438,0.07235373189276885,0.533203125,0.144775390625,0.245849609375,0.09521484375,9.381057001628559,4.839435172845208,0.21740933839061832,1.1493455541719135,0.09654538293312159,1.5885499974260786
lens_00626,0.40008229995146394,0.0016875712642008618,27.727378783513387,0.6463710715242869,0.7009408117386494,0.0016875712642008623,27.727378783513387,0.646371071524287,0.7009408117386494,0.0,0.0,1.6624955819054656,7.057921864197002,0.03495357824601464,8.161923956063191,0.21951993872563616,0.08286846857206986,0.37619054130086493,0.005009968214459761,23.001650294877486,0.4632155899801385,0.7736017555005876,0.035904149771423574,0.06099885444539878,0.584228515625,0.239501953125,0.10986328125,0.091796875,6.451079156901651,4.703979710732587,0.2001128978059122,1.1638823219254975,0.08180588772703419,1.9835628564636703
lens_00627,0.38419670006260276,0.000523376339323732,32.81185914736659,0.6934507258652255,0.593638731328939,0.0005135929144239195,32.89380976465332,0.6989185265049339,0.6037485732477967,1.0,-2.0,2.2801541973642507,11.504115509156332,0.16383703171530134,1.8897590828446766,0.624489187093239,0.10329195182267126,0.04167182058347407,0.009024415425955005,20.445809207801467,0.27366927153313214,0.606228696627951,0.04538052398560931,0.08345671613924516,0.521728515625,0.09228515625,0.30615234375,0.103515625,12.931929587799637,3.523473731282934,0.22765011533565138,0.8772204199029475,0.07555181574466485,2.0778602032909483
lens_00628,0.3876343999290839,0.0007145284630237749,31.45980466539973,0.7213266940325642,0.718334530698124,0.0007145284630237748,31.45980466539973,0.7213266940325642,0.718334530698124,0.0,0.0,0.30082630575082886,8.67660892331803,0.060216146452870545,4.528487801055263,0.45824084267134735,0.0705387502490692,0.25680277688655284,0.005188645659356698,22.849459869347918,0.4340681073233521,0.7494118893656377,0.03310352217291747,0.06397501449084525,0.5068359375,0.123291015625,0.28955078125,0.1015625,12.977518456173316,4.773622648588404,0.2004370762155203,0.9239810453452544,0.08575776560458628,2.165758004298427
lens_00629,0.41082300001289696,0.001173597323638981,29.304808895619683,0.7529052745438661,0.8012688239688884,0.001173597323638981,29.304808895619683,0.7529052745438662,0.8012688239688887,0.0,0.0,0.7532614970249063,5.231097286162333,0.0193853709235684,0.8963681417901057,0.23173663361956737,0.07887861398645735,0.25014065349446646,0.003996541359471445,23.983156882371347,0.5705052901871185,0.8075732934890267,0.026409773971582288,0.05743748948414598,0.584716796875,0.24609375,0.10205078125,0.08740234375,6.724767516935586,4.659141648052025,0.20963397132248207,0.8544174700063053,0.11976646377478627,1.8713745548647527
lens_00630,0.3901530000148341,0.001155816287747533,29.371111897545337,0.8697797673014671,0.900749297121426,0.001155816287747533,29.371111897545337,0.8697797673014671,0.9007492971214258,0.0,0.0,0.8701813172251228,3.228112019754807,0.010066021040160744,3.410525507546737,0.17895037683130674,0.06091656430015191,0.11605242406231409,0.0016242572322687668,27.893451907916692,0.739978462704757,0.9209251238010108,0.019170811949936004,0.03545048943877867,0.563720703125,0.22802734375,0.135009765625,0.093505859375,6.842286347592172,4.859230861910684,0.19806131237479488,0.901634091951185,0.10353144790697624,1.3643002028330757
lens_00631,0.38651079998817295,0.0007787669803564287,31.085924708050694,0.8526293152425103,0.9099075631913449,0.0007618521402558689,31.18129308059269,0.855393806847657,0.9119589355528274,0.0,-1.0,0.20720777583233063,8.67452038837557,0.09410491064010551,0.49821290148815933,0.4846239313069208,0.03435339047577535,0.17361273599184623,0.004475843454422694,23.49125111614045,0.36302523357317784,0.7326837598554263,0.03112366645178093,0.059221287059814734,0.568359375,0.239013671875,0.1318359375,0.08203125,8.266701938520324,4.954249398083247,0.2007094068000242,0.9745440863179727,0.05691881963109735,1.012152093769969
lens_00632,0.38660410000011325,0.0003902717745589104,34.086328568575524,0.8701996621968735,0.8669302980562106,0.0003902717745589103,34.086328568575524,0.8701996621968734,0.8669302980562106,0.0,0.0,1.0724312458979175,4.935135695333097,0.06806165505255213,1.7714722097301348,0.2039442994510373,0.004753070197333065,0.10991311696842387,0.0013559742513126593,28.677485572381297,0.7199592595342061,0.9160651664896808,0.016287461597714756,0.033025639221907974,0.529541015625,0.138916015625,0.25341796875,0.1025390625,10.82758457389396,4.6575016954317165,0.20060429954821835,1.1500634712356292,0.10744772746426653,2.0702286035815156
lens_00633,0.4182040999876335,0.0009862943510976305,30.059934542475247,0.7394579048753835,0.7705373005867882,0.0009862943510976305,30.059934542475247,0.7394579048753835,0.7705373005867882,0.0,0.0,0.32972910457589405,7.929212286391332,0.039111454723177896,10.084272149702457,0.4203673011847652,0.05699860579693916,0.295692288046301,0.005318318829480523,22.74225630574683,0.36224218676950215,0.7023533517785158,0.03378622662574786,0.06462824243219159,0.555908203125,0.16259765625,0.205810546875,0.102294921875,9.369340855487607,4.635289108516363,0.19492250203009615,0.8730840276125148,0.07317351574660587,1.6033204054224641
lens_00634,0.38222770008724183,0.0006259922936314533,32.03431013201609,0.8609369867588245,0.8798649658204772,0.0006259922936314533,32.03431013201609,0.8609369867588242,0.8798649658204771,0.0,0.0,1.5502769230084716,3.4887157163258298,0.0240855450970775,5.38011847589145,0.13000521898911227,0.044136487547809744,0.19419531657027267,0.0016819393517154256,27.741896682825768,0.734609066635,0.9105475124324635,0.01747666829388859,0.03710128592193018,0.562255859375,0.242431640625,0.131591796875,0.083984375,8.455486396184812,5.019410067174991,0.1863578738187657,1.151148431257829,0.11555512138800185,1.9216560251550097
lens_00635,0.41078719997312874,0.0008523850151847982,30.693641937299585,0.7074633941001076,0.7299049444068261,0.000840705528455232,30.753560966654987,0.7109337497079448,0.7342774627589148,0.0,1.0,1.9337322910632253,10.112407429469798,0.033205044508141324,15.956391420089972,0.5448662433818201,0.0947372437900269,0.3583261698145769,0.01074969139647003,19.686040033515336,0.20598240133342155,0.568505521218012,0.05169481630217143,0.08987400827800426,0.543212890625,0.15771484375,0.223388671875,0.09716796875,8.923729420429671,5.375074814785578,0.18908677359258308,1.0055048114295388,0.05330793154717332,1.2981687835271045
lens_00636,0.3960345999803394,0.0009476442750909393,30.2335465670984,0.7122104796142545,0.7427722371991268,0.0009476442750909392,30.2335465670984,0.7122104796142544,0.7427722371991268,0.0,0.0,2.001796708807261,9.06926200527053,0.20536989447605147,7.2333720283000105,0.48333153828273734,0.1092751515671262,0.22499914601811855,0.008122910187068809,20.90288348621627,0.24383011331284674,0.573795970214765,0.04115705941223857,0.08018108659532044,0.52587890625,0.122314453125,0.276123046875,0.099853515625,10.401585666778793,4.260940133627197,0.2223521822510594,0.9691788936259661,0.07350880996987538,1.5787549760403912
lens_00637,0.38258330000098795,0.0006277187520126782,32.0223489735855,0.8208519193542695,0.8637264151733639,0.0006277187520126782,32.0223489735855,0.8208519193542695,0.8637264151733639,0.0,0.0,1.0858818519065139,8.333986334051929,0.14374219712023395,3.907341454447902,0.5072829950119088,0.03804823818117342,0.21288503818863402,0.004287084893982851,23.67837916390638,0.42687817691333074,0.7592999738094205,0.029009760013092217,0.05869854102075832,0.522705078125,0.127197265625,0.271728515625,0.102783203125,10.565539483948465,4.649488322542147,0.20563373867909365,1.0258926309593241,0.06314246190700654,1.243333861239677
lens_00638,0.4310084000462666,0.0002922152655004638,35.34297100005276,0.8089824470721488,0.7292139070054909,0.0002876661835357131,35.411111883947775,0.8115773354639734,0.7341950639407108,0.0,1.0,0.14080460964329766,10.311637607521735,0.13887192886632327,7.887035937880455,0.5252860974397272,0.017060263546428978,0.18356649965670369,0.003568590275186456,24.475033123526387,0.40998345250336027,0.7744444519403221,0.030169808747284803,0.05155941151078736,0.5673828125,0.224853515625,0.137451171875,0.091796875,7.749226825221549,4.2851369392140715,0.20852959301162674,0.9920618670867642,0.05283041154047135,1.8339592972998058
lens_00639,0.44944070000201464,0.0006376246801580839,31.954348813092007,0.8260432486192716,0.8355283972051063,0.0006376246801580839,31.954348813092007,0.8260432486192716,0.8355283972051063,0.0,0.0,0.15062779940234974,6.36444216233936,0.025592544284315122,8.11244337031789,0.29515331006177786,0.0006216621787904497,0.13654791208149286,0.0012401962872425607,29.065095731281442,0.6940188603894556,0.9120202511223163,0.016308853429073202,0.031212458843730466,0.53271484375,0.132568359375,0.255859375,0.103759765625,10.031700154528345,4.1333051871280695,0.18938066600882691,0.8810533542845781,0.08347280424155423,2.1267772283387583
lens_00640,0.46089149999897927,0.0016521036668868084,27.81962704870153,0.7247733197056788,0.7729255386235752,0.0016521036668868084,27.81962704870153,0.7247733197056788,0.7729255386235752,0.0,0.0,0.6553522793967759,4.245716888453877,0.005029939225177027,4.88824546221386,0.1362330630044302,0.07605971531137246,0.21544067252346633,0.002850811600893381,25.450314825838923,0.6359440762254664,0.8675179115199093,0.026164399282433748,0.04654283845107388,0.573486328125,0.180419921875,0.171630859375,0.09716796875,7.920319355057974,4.671150490037863,0.20619423708441048,1.1242632862970536,0.09731062099976322,1.8113468375530313
lens_00641,0.44821110006887466,0.000548457969643344,32.60856648401702,0.789923451241375,0.7757804346394575,0.000548457969643344,32.60856648401702,0.789923451241375,0.7757804346394575,0.0,0.0,0.8760794419081886,7.718073757064037,0.1183706720244696,9.032413224079562,0.2837641505299262,0.009790792102072565,0.0920890155405879,0.004519057262068178,23.449521555834533,0.41926817403451266,0.7516608836791192,0.0325626498510517,0.05881097768908437,0.5703125,0.193115234375,0.157958984375,0.098876953125,7.270714764218762,4.749329185382937,0.16509115193062765,1.1446569880428807,0.06722403349562711,2.1814827911635866
lens_00642,0.45210849994327873,0.0011110861067583975,29.54252282876462,0.8619801467435962,0.8892129817176679,0.0011110861067583975,29.54252282876462,0.8619801467435962,0.8892129817176679,0.0,0.0,0.34264918935278543,3.399977435852847,0.016389446305964173,3.8774055190576178,0.16535647958798852,0.021688078632054242,0.11633112575280824,0.0013292875496022836,28.763810629267127,0.7865778917747094,0.928143455801573,0.013908721697355162,0.033702151420166124,0.5595703125,0.251953125,0.120361328125,0.0859375,5.974675333250996,6.242995413571212,0.16926744873805555,1.1038870890329684,0.0859917064031048,1.868617924340759
lens_00643,0.4071375000057742,0.002191446858483886,26.592690563114296,0.7895816281940019,0.8397624975801798,0.002191446858483886,26.592690563114296,0.7895816281940019,0.8397624975801798,0.0,0.0,0.9923234414935749,5.466968816674418,0.06191038344431121,0.2929078474530229,0.27711845287856984,0.09447619890206305,0.16210110849839343,0.007921507497236965,21.011921624216633,0.330935940244381,0.6824354855518036,0.04462274187964667,0.07700856059153029,0.557861328125,0.148681640625,0.214111328125,0.102783203125,8.78656938383072,4.583727083848411,0.22251046707386254,0.8815380333879491,0.09222943924977572,1.0608827571263824
lens_00644,0.41906119999475777,0.0007485238847084038,31.257943371625274,0.6728647059628544,0.6392141549739204,0.0007374650884040422,31.322585343631633,0.6776138647404234,0.6460125693835556,0.0,2.0,3.2396671669677537,11.735149988777861,0.19336364541970297,18.464955979369336,0.5114007141036117,0.1282150495257367,0.36285410185957234,0.01405691982071959,18.521098323328577,0.15290534833218916,0.49641737146086884,0.05935313422259714,0.10263588689475996,0.5380859375,0.158203125,0.224609375,0.10302734375,8.611408767358572,5.208562877092045,0.1864472328913888,0.9715379047127097,0.050732846565399774,1.9537934440137847
lens_00645,0.42056679993402213,0.0007580466246818857,31.203040816775314,0.8250304144182339,0.8367437984159856,0.0007580466246818857,31.203040816775314,0.8250304144182338,0.8367437984159857,0.0,0.0,0.5637757452143185,5.679149234258211,0.07858918792079783,19.26781255996565,0.20867349961286363,0.004704498226017706,0.1145777886176449,0.0020980840638034626,26.78177114943905,0.6264729618069418,0.8786009188257202,0.020520419132093074,0.04095114726655031,0.560546875,0.216064453125,0.150634765625,0.09326171875,7.016893943445268,5.404695587744513,0.17006002738967999,1.1181442165837736,0.06820324697965247,1.912120721796497
lens_00646,0.37170769996009767,0.0016412121983488434,27.84835263789025,0.742697167805645,0.7973822926654344,0.0016412121983488434,27.84835263789025,0.742697167805645,0.7973822926654344,0.0,0.0,1.1347635881213505,7.463745706683506,0.0896620891645653,1.3808752950973826,0.3705873941416557,0.09211953044033938,0.3134347223983357,0.009847892382585953,20.06656706005299,0.2578506459060406,0.617032154633824,0.050068260349657265,0.08567999584585012,0.577392578125,0.179931640625,0.1708984375,0.094970703125,8.535398699616973,4.480914914189674,0.21092383718774732,0.8711281795866929,0.07977135144536625,1.1712689642626422
lens_00647,0.5296932999044657,0.0009479931949817385,30.231947801645575,0.7083632744104545,0.7291006824415627,0.0009479931949817385,30.231947801645575,0.7083632744104548,0.7291006824415627,0.0,0.0,0.8661057238751478,5.477201269202457,0.06157662590117663,0.03923064250257369,0.1512162733999329,0.09595106159004851,0.10115338472293406,0.002690797754825348,25.70118943360043,0.6835782918071313,0.8859785238451344,0.02687911090276025,0.044365652839809123,0.559326171875,0.1552734375,0.205078125,0.10205078125,9.177648145383214,4.640865977510689,0.20180800364630913,1.2460307428420194,0.12754354100843854,2.1903283268291442
lens_00648,0.553952099988237,0.001654764048415912,27.812639232032808,0.9543527589908001,0.9759356343696884,0.0016547640484159123,27.812639232032808,0.9543527589907999,0.9759356343696884,0.0,0.0,0.13264866887017213,0.662953191207631,0.002066037975987145,2.404975230607562,0.09031662742425625,0.06448248569542725,0.05712947759102824,0.0016101984367531753,27.931205993244287,0.869340572194104,0.9543278796566232,0.017177041379580683,0.03626496499649969,0.58203125,0.274658203125,0.080322265625,0.0849609375,5.339313769827124,6.520562641188751,0.12660320347825876,1.1683198219085869,0.12003006257636786,1.0683686251774633
lens_00649,0.3907496000174433,0.0019919991557803213,27.00710849968558,0.8142488438982036,0.8675282534687485,0.0019919991557803213,27.00710849968558,0.8142488438982036,0.8675282534687485,0.0,0.0,0.48471225367415144,3.788518699802255,0.02437407124913127,4.135790079981419,0.20013874986089014,0.10173340725014146,0.141694999996277,0.004386622609007771,23.578697273173105,0.5514194364066033,0.8081187534114175,0.030211872832224162,0.058939505842662845,0.59814453125,0.21826171875,0.106201171875,0.100830078125,6.35915072469785,4.3995652400495135,0.1967190885936414,0.9108368116824072,0.11281279419630519,1.3287345922936384
lens_00650,0.44503940001595765,0.0014994539091036372,28.240668792406325,0.6739578257450486,0.7202080222870707,0.0014994539091036372,28.240668792406325,0.6739578257450486,0.7202080222870708,0.0,0.0,0.9879782492579142,6.00495438348854,0.07377947462493017,10.265045070752464,0.16597317929260164,0.10153673797721308,0.20459222612908357,0.007365858042852399,21.327766552611692,0.38513826152347097,0.7110078584792251,0.04396291224748748,0.07370970349670465,0.563232421875,0.17236328125,0.184814453125,0.099609375,7.7039720435370915,4.10139056122621,0.22946636816330016,1.1039749176284372,0.11120760538386427,1.893745364576716
lens_00651,0.39832210005261004,0.0003758620499821357,34.24971521892916,0.7501611810028572,0.5912108142196275,0.0003743351858787491,34.26739349175229,0.7514001151042909,0.5934413447735293,-1.0,0.0,1.4295800935883902,10.645595281770944,0.11276134278679306,3.0727820414256826,0.3778793368637123,0.05951792462578376,0.3230258435660972,0.012625142846035308,18.9876369939592,0.14292192879119586,0.4810717427444926,0.055305993972980395,0.09780792338402837,0.584228515625,0.22607421875,0.12158203125,0.091552734375,6.901796352200435,4.812473770537832,0.19084115251363407,1.0465224820363204,0.056453329879990174,2.1926264235464243
lens_00652,0.38253569998778403,0.0009360479671932984,30.28701895542243,0.7100874663125334,0.7177507776695784,0.0009360479671932984,30.28701895542243,0.7100874663125334,0.7177507776695784,0.0,0.0,1.331836246522762,7.031845283176444,0.0011054099724571165,5.9196353087052955,0.24613211073998212,0.03787395278005301,0.3067236941350222,0.004048219346072139,23.92735964002265,0.5176567959683601,0.7908921995731996,0.028571698688996658,0.05684960316569788,0.585693359375,0.227783203125,0.12255859375,0.0869140625,7.119356378557188,5.2344998628138155,0.18709304955554568,0.950151835677201,0.08036473722894026,2.073253108974293
lens_00653,0.4044644000241533,0.0007091644737260305,31.4925302892448,0.906650608905014,0.928813088958673,0.0007091644737260305,31.4925302892448,0.906650608905014,0.928813088958673,0.0,0.0,0.34185241283587015,2.2208710269431773,0.007080126500722206,0.27559402351997164,0.16892173019335202,0.07381483440076098,0.0013128954909951696,0.000945508911901656,30.243343733536086,0.8564221316744636,0.9592514964949683,0.014385074082574584,0.027176801790138903,0.5556640625,0.17138671875,0.192138671875,0.103515625,8.318996566484799,5.4397417684342075,0.14960253870971343,0.9595448084286793,0.11253048099063571,1.4687111381500095
lens_00654,0.40732910006772727,0.0006217124323733955,32.06410447965321,0.86690750415559,0.8855313757178824,0.0006217124323733955,32.06410447965321,0.86690750415559,0.8855313757178824,0.0,0.0,0.6573183566107709,7.151432427777649,0.04301486991363013,6.415549833443009,0.2778259639950508,0.02384531553667779,0.1138034778289313,0.003348502051395723,24.75149430665514,0.4416792840886459,0.793583326195329,0.027994646353615846,0.05064387255070159,0.5439453125,0.186767578125,0.18603515625,0.1025390625,7.979678828748815,4.311149676907592,0.21675884148710822,0.9829880834729929,0.06695427654256117,1.4234578417326473
lens_00655,0.42118499998468906,0.0018039052188626933,27.43786284979386,0.8287250301596627,0.8675569706981496,0.0018039052188626933,27.43786284979386,0.8287250301596626,0.8675569706981496,0.0,0.0,1.1237368344358807,3.616154868411952,0.029165854032811023,2.708632581064734,0.14049242403798437,0.06854521340577713,0.1141919618141286,0.0029985316796583257,25.230913584559765,0.5808297273996134,0.8546140330245081,0.02709944606983041,0.04758310311829903,0.6103515625,0.27197265625,0.055908203125,0.085205078125,3.1845939736913587,4.735262730343848,0.1882437923564296,1.2479757770426383,0.07587270408692558,1.3453249760251158
lens_00656,0.5031003999756649,0.0010708031848272838,29.702903457865073,0.8343172286139509,0.8681267818431623,0.0010708031848272838,29.702903457865073,0.8343172286139509,0.8681267818431623,0.0,0.0,0.362125234146362,3.0832555874285816,0.017877505569571794,8.0280507208453,0.15164323896212395,0.044185257779834286,0.103254384924795,0.0008704206596478458,30.60270809437513,0.8270621374647189,0.9504978412364705,0.0134549554292575,0.026256138978237826,0.58251953125,0.197021484375,0.13623046875,0.10498046875,6.811002675891521,4.6110866126175765,0.18470576186988355,1.0146327688678392,0.12005392338554732,2.0603201827258424
lens_00657,0.39001950004603714,0.001171208296781624,29.313658597541654,0.7908659843566018,0.8266896131032432,0.001171208296781624,29.313658597541654,0.7908659843566019,0.8266896131032433,0.0,0.0,1.744428711942702,5.099446006311327,0.05716874822083895,1.2084256720957285,0.1855554878282416,0.08944632406406494,0.23449071563000012,0.00717366691859316,21.442587919721824,0.3258970791115688,0.6728255270045623,0.04091733559785904,0.0741581995882137,0.563232421875,0.224609375,0.144287109375,0.09033203125,8.12509074600915,6.167974106541485,0.1917533765169321,1.1796045480731938,0.08298258718573073,1.5739893322121645
lens_00658,0.4143546000123024,0.0012839117370843799,28.914648309515552,0.8753328881361252,0.8987596549211007,0.0012839117370843799,28.914648309515552,0.8753328881361253,0.8987596549211007,0.0,0.0,0.9012156159552829,3.766155867222949,0.03572353706817022,8.526683012184549,0.11862573324466394,0.012481902378243426,0.14799073482418534,0.0033727406087671265,24.720170583106253,0.4900010778431124,0.8027540839439832,0.026936045619794707,0.0514508508689163,0.611572265625,0.255615234375,0.070068359375,0.08154296875,4.233219337210581,5.260817159657701,0.18865811471626548,1.2039399009093987,0.06964628356250668,1.2856636233948917
lens_00659,0.41379100002814084,0.000773004683411943,31.11817874808969,0.864167909891611,0.8863551507704719,0.0007730046834119429,31.11817874808969,0.8641679098916107,0.8863551507704719,0.0,0.0,1.0725246244350066,4.121472338069021,0.08516902750507072,8.156130624102389,0.16696812000772193,0.05006111821024495,0.11425295083989717,0.0030025250803596753,25.2251335620938,0.5591807914978691,0.8322711839997671,0.025484543671158627,0.04850838189666281,0.5654296875,0.192138671875,0.1611328125,0.10205078125,7.738634842985031,4.78287041421682,0.1980949210896228,1.050120492287799,0.10426273813818512,1.66065150473863
lens_00660,0.39763300004415214,0.00046697665077196363,33.30704833982933,0.8887127853899046,0.9024972957677584,0.000450458470970186,33.463452416657134,0.8920095577648366,0.9061252332615762,0.0,-1.0,0.3881591837323519,5.432557226082421,0.17944340231745737,2.5691215918616024,0.23930841112817733,0.009530590495800517,0.010158613529001381,0.0019490893723627437,27.101682465498563,0.6499528734505854,0.8897183709723973,0.020153100508595694,0.03928029928925165,0.5546875,0.16064453125,0.205810546875,0.107177734375,9.433965658963016,4.208485733478043,0.20141500852658936,1.238157012386326,0.09628185022973215,1.6285184804425592
lens_00661,0.4145005000755191,0.002400491921605073,26.196997512270976,0.7863105018534912,0.8475997341511976,0.002400491921605073,26.196997512270976,0.7863105018534912,0.8475997341511976,0.0,0.0,1.6344832572696288,2.134164397128119,0.006158925218066491,5.236446269080304,0.0665098023313249,0.08573447137163037,0.15341057991979912,0.003797135561854346,24.20543897799798,0.6014024408878665,0.8570271049145387,0.03142384200557697,0.05300639315651351,0.603271484375,0.279052734375,0.05810546875,0.0810546875,3.4420794346907884,5.495234295988295,0.17253117270627388,1.0695863273188668,0.0949058668097241,1.6657775976514866
lens_00662,0.40511399996466935,0.0005515673293553877,32.584014660293306,0.7403041055316051,0.6866424910969322,0.0005481169378060756,32.611267772343936,0.7422874117417719,0.689045818531117,0.0,1.0,0.9237632169622709,8.66549843753263,0.015021180432307824,0.2821294972980297,0.38694886372424425,0.01912900518676408,0.05690381983654402,0.007183010301548951,21.436935107207233,0.2997626054697354,0.6713446948316477,0.04307541072774196,0.07298985746105607,0.54736328125,0.147705078125,0.221923828125,0.10498046875,11.418714185280066,4.683928214306405,0.17669259665651846,1.1685365857724235,0.05247654256415387,1.5699498061578212
lens_00663,0.3666075000073761,0.001194729761388058,29.227303176533155,0.8316033616185927,0.8637550727870377,0.001194729761388058,29.227303176533155,0.8316033616185927,0.8637550727870377,0.0,0.0,0.8565642487626589,5.234077549263635,0.06089037853336643,5.093445330715724,0.24062051396732315,0.06999917088475727,0.3274724642306025,0.003716155461940901,24.299061259887242,0.5400176950018335,0.8292953379180023,0.030934123416778918,0.052528425355957434,0.5458984375,0.1806640625,0.19677734375,0.10107421875,9.317674744085096,4.506439379551984,0.17006589254006677,0.9078982717103651,0.09399046710318851,1.451565185558046
lens_00664,0.40163880004547536,0.0006567957082243212,31.825696937396884,0.8022177642982096,0.8070399235005123,0.000656795708224321,31.825696937396884,0.8022177642982096,0.8070399235005125,0.0,0.0,0.6138560371831749,6.749439296871294,0.09083860876684313,14.181374707870447,0.2940133257162716,0.017679359595614508,0.23881066881577095,0.003552271727871737,24.494938206519873,0.47686832814535746,0.778033046216896,0.0265829216553957,0.053344353066981993,0.52587890625,0.15478515625,0.2421875,0.100830078125,9.350683234830456,4.755702651868439,0.14955581382002595,1.1289914810530057,0.06082050722674051,1.996933990623146
lens_00665,0.4310651000123471,0.0004338588699836624,33.62651519231926,0.9141095625694584,0.9225122987059917,0.0004190873036157936,33.77695496057408,0.9172274424711864,0.9252572343810902,0.0,-1.0,1.0297721411597267,3.6127845647991137,0.019489562813151395,3.110271030283286,0.07324305764883304,0.03396162575763295,0.01874817241290172,0.0015911941199525702,27.982768347584766,0.6860941360893558,0.9062774128474812,0.019101430896773713,0.03501898710197582,0.5869140625,0.219970703125,0.12109375,0.097412109375,7.123716673475783,4.8671062622572965,0.19956234607040632,1.1968746678677067,0.11095799328092038,1.7946680638118577
lens_00666,0.3885164000093937,0.0013111125014608222,28.82360041591845,0.8740044082364119,0.904722586012614,0.0013111125014608226,28.823600415918445,0.8740044082364117,0.9047225860126141,0.0,0.0,0.5811818263712637,4.871263924726058,0.13226606551873943,5.305623204911797,0.22190778908487824,0.059468917489588935,0.07112894804064307,0.0034336695760311484,24.64241499568447,0.5493315259376697,0.8350356243915792,0.029319006387390177,0.05073524850128679,0.5654296875,0.21533203125,0.138671875,0.098388671875,6.920038784347098,5.22601907692215,0.16952767931844462,0.9800395298122289,0.07947133164875751,1.1998077528336921
lens_00667,0.41642449994105846,0.0006578521649373507,31.818716917439154,0.7368078875390114,0.7515324287767192,0.0006578521649373507,31.818716917439154,0.7368078875390114,0.7515324287767192,0.0,0.0,1.5715031899910687,10.269973242272584,0.03975674080934277,12.107451675525652,0.5357096057047258,0.0890526153006167,0.3363459788735548,0.0065200788907528485,21.85747149419712,0.29281994258714644,0.6448516003337288,0.036977752727579416,0.07178248180420374,0.56494140625,0.2001953125,0.16162109375,0.098876953125,8.412905932669046,4.059742349118958,0.25171585667709745,0.89926138129543,0.07111029837552223,1.4576863856062845
lens_00668,0.4002119000069797,0.0007723722878090439,31.12173316802948,0.9165328168188388,0.9403472615702045,0.0007723722878090439,31.12173316802948,0.9165328168188389,0.9403472615702045,0.0,0.0,0.22955583440108138,2.8900911310467965,0.01947105783965819,2.192469932319966,0.17858430690533572,0.09555563970660153,0.03074367500058439,0.001745509168393731,27.580778656854665,0.7577784239821289,0.9210710689312666,0.018673030959810825,0.037374149932375415,0.58251953125,0.22314453125,0.13134765625,0.083251953125,8.170430065178772,4.736028902470711,0.17100209599904148,0.8664065942743372,0.12217913723884677,1.421341084651946
lens_00669,0.4081823999295011,0.0013307855900332325,28.75891910390331,0.8671983790129462,0.9018225357710613,0.0013307855900332325,28.75891910390331,0.8671983790129462,0.9018225357710613,0.0,0.0,0.6022230433172079,3.2144616870716547,0.048293994596029455,3.0583329352655824,0.19284251532353655,0.07782897002419986,0.03338445618369357,0.0027267667520988327,25.643520100630646,0.7068403485826895,0.8962248321518087,0.023990967379312708,0.04638103315261084,0.581787109375,0.2119140625,0.13232421875,0.0947265625,7.76179769869928,5.355105568404233,0.16046496284781045,0.939518748816931,0.10489238404427435,1.4307258518628791
lens_00670,0.39867890009190887,0.0006019564254697845,32.20434945391596,0.8003209576263333,0.8061760457365879,0.0006019564254697845,32.20434945391596,0.8003209576263333,0.8061760457365879,0.0,0.0,0.9926702186341498,6.562066732546786,0.0642747333114343,2.922371321719055,0.29955141238407174,0.022839969680002903,0.13483411693780933,0.0034277431742218054,24.64991725312639,0.5098038458218492,0.8120561002132893,0.02722744052459359,0.05183058611188498,0.5634765625,0.22021484375,0.146728515625,0.0927734375,8.103192385990655,4.82279466059366,0.17033413030930145,1.061738762605372,0.07379244155278593,1.8484918145585285
lens_00671,0.40076999994926155,0.0009158356903928727,30.38182435891686,0.7105668607297158,0.7257330617215879,0.0009158356903928727,30.38182435891686,0.7105668607297158,0.725733061721588,0.0,0.0,1.1818398958380794,6.961042485013996,0.029579840872343555,11.72155043751934,0.1785580323985826,0.0765514838648178,0.2727012542637193,0.008420359208188424,20.746693813261757,0.3548016216026201,0.6912897304779665,0.04605662946326561,0.07936716002649886,0.595703125,0.270751953125,0.068115234375,0.091552734375,4.0110089765929375,4.821517478350939,0.20699871563949596,1.0026425214532366,0.0855698237236536,1.8783209846654392
lens_00672,0.46601600002031773,0.0010077279122266444,29.966567121064042,0.6630070075113265,0.6679705569792618,0.0010077279122266444,29.966567121064042,0.6630070075113266,0.667970556979262,0.0,0.0,0.9574283869240914,7.823494002966782,0.026138837137870574,1.2661932583198876,0.23998966558815038,0.053288217139318195,0.0889086433593772,0.003991326726783404,23.988827197651542,0.5119967745431582,0.7963904075520123,0.029669166711568853,0.055776942130458695,0.602783203125,0.23388671875,0.09765625,0.085205078125,6.555157419789771,3.785279448018009,0.22250963333459037,0.9024919605650886,0.10249537997587038,2.175911496264547
lens_00673,0.443265900015831,0.0007090352611294897,31.493321663216264,0.8918541808537245,0.9098527562390042,0.0007090352611294897,31.493321663216264,0.8918541808537241,0.9098527562390043,0.0,0.0,1.0993078022749656,3.7907497347905235,0.039781296933963706,1.5551600215305257,0.15749079534366706,0.046385978824885266,0.12038682151210778,0.0009401380073972706,30.268083895367432,0.7830332741052325,0.9396887542317769,0.01370055984361886,0.02743050614496001,0.5322265625,0.195556640625,0.194580078125,0.099365234375,8.636236584826893,5.549619137055237,0.19599249774823282,1.018880304477948,0.10868340752944103,1.890489747125356
lens_00674,0.46729199995752424,0.0011801556061701369,29.280607262145274,0.885412552588788,0.9140120308565436,0.0011402003052768787,29.430188470540003,0.889165291790224,0.9170551097927904,-1.0,0.0,0.19580828557454852,4.012001738084495,0.06326734845685322,5.8834254352505155,0.22789139976437797,0.028428945922241766,0.018167902076331344,0.003339550632950802,24.763119675475217,0.5355316489307483,0.8184948065329017,0.02568447341145237,0.05176734934809004,0.568359375,0.22265625,0.131591796875,0.095458984375,6.948573054115532,5.209212674038899,0.15156369087081362,1.201294022701987,0.06563726403553166,1.274448314101591
lens_00675,0.4557446000399068,0.0008434896962795754,30.739202182037886,0.8920122020451319,0.9174288155134301,0.0008434896962795754,30.739202182037886,0.8920122020451319,0.9174288155134301,0.0,0.0,0.4396825447915955,1.5390615907139953,0.013208840288956192,9.961988637181406,0.07217220757099166,0.052674588083142626,0.03690615155543853,0.002185705792518476,26.604082967709513,0.682201084050777,0.8815744765022863,0.020191515508833947,0.04216643800435358,0.59228515625,0.24951171875,0.086669921875,0.0927734375,4.647317569356337,4.825247697442008,0.1768809239751073,0.9870161040244008,0.12329072473804607,1.9787314474601219
lens_00676,0.45848360005766153,0.0009972324282795722,30.0120360743071,0.81488525360417,0.8376979565890005,0.0009972324282795722,30.0120360743071,0.8148852536041701,0.8376979565890004,0.0,0.0,0.24778761681568393,3.868921516614627,0.015520155847354111,0.7068886202297051,0.15592094875757956,0.033752647554962434,0.13240536652956203,0.0008118960372655436,30.904995783111847,0.8276590448227887,0.9574118046936052,0.01450089531026096,0.024527944725687787,0.52001953125,0.148681640625,0.252197265625,0.098876953125,11.215702059942842,5.12546820066304,0.1585695286755264,1.1932285128996392,0.0980178814967178,2.0744868421113294
lens_00677,0.4761824000161141,0.0009827633396505783,30.075510525220498,0.8983514285641022,0.9266793440463426,0.0009827633396505783,30.075510525220498,0.8983514285641022,0.9266793440463426,0.0,0.0,0.40828863581644387,0.7746965032448045,0.0013466619801971724,2.0699106553916238,0.13087320007109357,0.09150878815546837,0.019499603076567618,0.0012969844963374199,28.870652152770226,0.838884907823358,0.9455801372930437,0.015471948998863647,0.032520813189617234,0.538818359375,0.17578125,0.209228515625,0.0966796875,10.038851419431698,5.623959869414963,0.1452238886525338,1.1913437457094034,0.1298148550196433,1.8544589070195499
lens_00678,0.4470600000349805,0.0011401070593335327,29.430543652471233,0.7047637577378243,0.7272600529161715,0.0011312008994992277,29.464602582082474,0.7073968728087767,0.7297857317941695,-1.0,0.0,1.9087611433148874,7.618928947880568,0.011003496507518529,4.151334714189602,0.28627606074570533,0.041211852851947284,0.31764136375176144,0.003735055323358843,24.27702961063703,0.47641660798376345,0.7983336585425254,0.030419043059834058,0.05300695372008095,0.5791015625,0.246826171875,0.109619140625,0.0869140625,6.1116350148974785,4.886281800873302,0.17294867158997812,1.1599169974446673,0.06231609293435262,2.1734644579180094
lens_00679,0.40457290003541857,0.0006454093872117711,31.901647222531167,0.9082736241370792,0.9217387488815383,0.0006454093872117712,31.901647222531167,0.9082736241370793,0.9217387488815383,0.0,0.0,0.583480730245772,5.851898420553569,0.0693458456218845,45.18377543116543,0.12003771175774407,0.0332956506278812,0.10622895930220921,0.00431572186335262,23.64946552196608,0.4160092202470109,0.7576455084199991,0.031430495310103154,0.057687484153100356,0.59521484375,0.28173828125,0.063232421875,0.082763671875,3.660142902543214,4.6468293392524345,0.17453612139195596,1.028338314381413,0.07039357980024369,1.4660379855339314
lens_00680,0.3911561000859365,0.0011669294419908009,29.32955402635383,0.7444200460989238,0.7806208381733251,0.0011669294419908007,29.32955402635383,0.7444200460989235,0.780620838173325,0.0,0.0,0.5119315650153659,6.536665557598976,0.018599821648023984,9.664918120852803,0.2639464073742703,0.06566752013336175,0.21741166694656433,0.0050824194304274605,22.93929497332936,0.46329697072726345,0.7415201166153564,0.03143943910557549,0.06398422539309413,0.56298828125,0.162841796875,0.198974609375,0.099609375,8.994482547849012,4.50483685469086,0.19456611210782537,0.9994936119153955,0.1125364259300077,2.1404202082964883
lens_00681,0.41015260003041476,0.0016670578403457008,27.780493316013974,0.8815757629586453,0.919359617247337,0.0016670578403457008,27.780493316013974,0.8815757629586453,0.919359617247337,0.0,0.0,0.376298633687132,1.3749380511479412,0.02259074392858662,1.7403905122341996,0.11579349496317237,0.08513291315421556,0.10836229765275218,0.002961989188734742,25.28416530987468,0.6743915074594117,0.8809296243693089,0.024377631276238453,0.04865922607373142,0.5908203125,0.241943359375,0.102294921875,0.085693359375,5.684300441221529,5.200555098145503,0.17954645777144748,1.155925193809712,0.11567353264912054,1.5052212124402709
lens_00682,0.3757952000014484,0.0006435560205950749,31.914136424249207,0.7880896494343101,0.7858087936749283,0.0006435560205950749,31.914136424249207,0.7880896494343101,0.7858087936749283,0.0,0.0,0.8478020201478395,5.690349770651263,0.022245397279511137,5.133497574261156,0.1653702465360982,0.017528517962997037,0.21780350696576012,0.0014812468147383066,28.293725705483116,0.7119126344863828,0.9192983495808322,0.019446568007901514,0.03321261518538353,0.584228515625,0.207763671875,0.136474609375,0.0927734375,7.164491537163103,4.557867811163303,0.21241738824373796,0.9875411998949165,0.09869222688233875,2.151806356266157
lens_00683,0.43322680005803704,0.0007580492794255261,31.20302560744046,0.8368333989601402,0.8656977688048866,0.0007580492794255263,31.20302560744046,0.8368333989601403,0.8656977688048864,0.0,0.0,0.49146206848869023,4.145561957690445,0.04895759948196243,1.3313533000157065,0.17767035204062262,0.03372561150996112,0.07745065217468167,0.0022467561169894575,26.484440672311127,0.7392398488289983,0.9112124832281006,0.021046897870102974,0.042470980763751054,0.603515625,0.25830078125,0.082275390625,0.077880859375,5.079144487222515,5.001970731668373,0.16363675492586882,0.9084711196937545,0.10780589842370938,1.7334423190091655
lens_00684,0.3767723999917507,0.001026114331178806,29.88804246793662,0.9133573011978113,0.9400185714805094,0.0010261143311788062,29.88804246793662,0.9133573011978114,0.9400185714805096,0.0,0.0,0.53392426711098,2.5889348905530856,0.003209603769613101,1.984547391232212,0.20407977850946224,0.08933973027654074,0.031396378676345704,0.001774187664876452,27.510004445326427,0.7436599609363834,0.9238902087951344,0.02038287393912281,0.036860902252363284,0.57421875,0.198974609375,0.154052734375,0.09521484375,9.308913216694943,4.374271734852582,0.18984232126644937,0.8897420303539234,0.11836459946478445,1.1660422632157639
lens_00685,0.4194662000518292,0.0013904967911550826,28.56830009018627,0.9277631070834133,0.9532367106678585,0.0013904967911550826,28.56830009018627,0.9277631070834131,0.9532367106678583,0.0,0.0,0.3997027773108553,0.6064447276073839,0.014308439598453404,4.5986365512914915,0.08666706249350445,0.08300861628544498,0.12379941568881014,0.001527211330170075,28.161008626316175,0.81594650601056,0.9428035197676438,0.019249255631456075,0.034009961596640055,0.567626953125,0.21533203125,0.133544921875,0.102294921875,6.673662086971076,5.129182707793972,0.1502102812074512,1.0506895283994908,0.12119256450361676,1.2237339616018685
lens_00686,0.4026888000080362,0.001148005773791509,29.400559276876216,0.8714642486876965,0.9090621480456561,0.0011480057737915086,29.40055927687622,0.8714642486876965,0.9090621480456563,0.0,0.0,0.33606333838105157,4.362855065718783,0.09493710414990786,2.448841709632177,0.28083361053124584,0.06320263838652707,0.11713198122681212,0.002348336117328928,26.292397424098976,0.6638597330124688,0.8779233156672559,0.021128630237423264,0.043610974554797226,0.5849609375,0.243408203125,0.11181640625,0.08154296875,7.467470658579536,4.925119663878895,0.17177659533829887,0.9113883111576745,0.08942698790651696,1.3521850022724184
lens_00687,0.3987922000233084,0.001217635283573969,29.14482775784196,0.930745303730283,0.9501766266404439,0.001217635283573969,29.14482775784196,0.9307453037302831,0.950176626640444,0.0,0.0,0.06487413839567689,2.2386186378331967,0.07944596028201634,0.034193178180203176,0.1543656429854766,0.07394259048016905,0.2219476353005531,0.0027747357728277345,25.56778366727402,0.7012001121132969,0.8968100301855092,0.024944076704441334,0.04639535332542131,0.5634765625,0.208251953125,0.147705078125,0.09912109375,5.966067227166466,6.4996971054079635,0.11925826743994217,1.1695214334383501,0.07639324970891002,1.205539666889791
lens_00688,0.39028319995850325,0.0014753726563744608,28.310982697428486,0.905496229970693,0.9290671890154704,0.0014753726563744608,28.310982697428486,0.905496229970693,0.9290671890154704,0.0,0.0,0.8970237220068853,3.878603865703681,0.00933151676131172,13.671834693004854,0.16401376825252398,0.04269578452627798,0.035622227444081944,0.002860497693102919,25.435583981423534,0.5887620499179915,0.8680923868164565,0.027128983999257634,0.04609247140554455,0.60546875,0.235107421875,0.094482421875,0.085693359375,5.537260261096554,4.574982177171096,0.19263016064026756,0.915460282804861,0.08028110180268115,1.026124169108712
lens_00689,0.3685902999714017,0.0031971608704756856,24.952355109281335,0.8464777226666134,0.8985563630715113,0.0031971608704756856,24.952355109281335,0.8464777226666134,0.8985563630715113,0.0,0.0,0.7537116897588746,2.159202640905317,0.006342424427605908,3.3027659707868935,0.18701169303949663,0.13863160679766384,0.056848038786651345,0.004802191568502651,23.185605191052847,0.5716211214144157,0.8138697711421135,0.03118823260650257,0.061882838617708394,0.5986328125,0.230712890625,0.11328125,0.080078125,7.227999712598132,4.84100983751032,0.18659841087512247,1.1374808697405696,0.1085196196514222,1.0701944066060893
lens_00690,0.38762170006521046,0.0009925329636624185,30.032550606868007,0.7015283374535783,0.7362234220024383,0.0009925329636624183,30.03255060686801,0.701528337453578,0.7362234220024383,0.0,0.0,0.9183667482994193,8.843481044498983,0.10880561620908424,5.630959154706574,0.5284266132218434,0.0769280590326119,0.2618698913823293,0.007912204880886025,21.017024755203035,0.33911685863825913,0.6843257979533989,0.04421046791011543,0.07718574614561084,0.51025390625,0.118408203125,0.296875,0.096435546875,12.764896475079802,4.5610476198053425,0.19142472389371193,0.9265938563917961,0.06936191206310129,1.346917353349234
lens_00691,0.3907284999731928,0.002818208724254404,25.500268449970555,0.8891532720678265,0.9359222923934629,0.002818208724254404,25.500268449970555,0.8891532720678265,0.9359222923934629,0.0,0.0,0.29350817320193856,1.4263402181740048,0.021391423355663575,2.2127380110881347,0.029784768089157945,0.0646266668389236,0.030833182680870208,0.0038728631994268117,24.119678432626497,0.5671908418909458,0.8381256976203141,0.032697113695129634,0.052950561427000734,0.602294921875,0.298583984375,0.047119140625,0.07568359375,2.8096650398680723,5.102071610771896,0.19487161090979005,1.0005487715723005,0.12429681387276519,1.1776254156110362
lens_00692,0.4092772000003606,0.0031127596294796885,25.06854414692073,0.8504184259009131,0.8922538861944079,0.0031127596294796885,25.06854414692073,0.8504184259009131,0.8922538861944079,0.0,0.0,1.466954501568927,5.1357691348881165,0.028181441229022774,2.8441410115647727,0.17783018837973533,0.07926520053560315,0.028504227352625477,0.007798376838611823,21.07995782359703,0.40104165870207115,0.7311484529203836,0.04379314568343498,0.07668466098093714,0.60791015625,0.299560546875,0.0419921875,0.071044921875,2.6653415384426835,5.656102958213628,0.1512022383087529,1.0188962462685822,0.06598304630281727,1.0100932317044997
lens_00693,0.4295808000024408,0.0013683680509916016,28.63797074387611,0.778070046709172,0.8266795379778513,0.0013469560910549007,28.70646561458438,0.7811972491189402,0.8296705184094595,-1.0,0.0,1.459062848825429,7.544204481260413,0.07813823436165712,3.3075628258910257,0.394254377241156,0.04957736205534635,0.16788372273458263,0.005177274996787124,22.858987663653885,0.3950189935277406,0.7290420875376863,0.03376564076965745,0.06353862211443974,0.556884765625,0.216064453125,0.150390625,0.101318359375,7.962595543531698,6.127241762001596,0.1543592014425559,1.1492462865386377,0.05638968432853246,1.455117657611901
lens_00694,0.39919030002783984,0.0014759397145759317,28.309313811049183,0.7568194329231533,0.8344678405386681,0.0014759397145759317,28.309313811049183,0.7568194329231532,0.8344678405386682,0.0,0.0,0.7034407561591295,9.27016790966133,0.08922551703779502,3.6957451517973254,0.5771961347175102,0.11115491599311444,0.20608408323004734,0.009248291512039274,20.33938489469096,0.2665551530041853,0.6215013795440304,0.046649219947755755,0.08409602719692041,0.54443359375,0.167724609375,0.204345703125,0.1044921875,9.944426198768964,4.630512187624128,0.19033047197934674,1.031451140070511,0.06371055749574196,1.1080493849193263
lens_00695,0.41420589992776513,0.0006490434553528632,31.877262249436033,0.9725500459775404,0.9825029127613428,0.0006490434553528632,31.877262249436033,0.9725500459775401,0.982502912761343,0.0,0.0,0.7345160424824724,0.3135035891559692,0.021182867161478103,1.3726523878554673,0.004314306051845856,0.02469670689087522,0.007954480622474225,0.001605633017156861,27.943537098892794,0.8359724194741922,0.9442727228734591,0.01709816359454043,0.03623928557313448,0.62255859375,0.23291015625,0.079345703125,0.09130859375,4.310467726502966,6.123811382059105,0.12391592000266213,1.1432431708733608,0.10928835875783127,1.3064300398429627
lens_00696,0.3977764999726787,0.0004168851916576253,33.7998353134432,0.9203929389024171,0.9304116452900348,0.00041688519165762535,33.7998353134432,0.9203929389024175,0.9304116452900348,0.0,0.0,0.6502024160797177,5.375957870985092,0.043282739993558694,2.7516445298676615,0.17243286066889799,0.014550628307649971,0.23440540110085087,0.0013212633701395488,28.790106049458615,0.734674753571451,0.9281603342270066,0.01787739520320194,0.03164904597121501,0.625244140625,0.172119140625,0.12548828125,0.1025390625,7.112706700440768,4.8278723309525455,0.15919585409511597,0.8662056172481584,0.08521457042312618,1.7053002590495108
lens_00697,0.41284639993682504,0.0014759770912910943,28.30920383165467,0.8379069214767791,0.878514368290137,0.0014759770912910943,28.30920383165467,0.8379069214767794,0.8785143682901371,0.0,0.0,1.208425347857402,2.5400441380653547,0.04666158916947616,1.773452652343778,0.16983060188971644,0.08098432397289179,0.21332984512371483,0.0020387416870347114,26.906377967829684,0.7221427807655889,0.8947530662619366,0.018949912645938812,0.04098344175085835,0.551513671875,0.190185546875,0.17626953125,0.1044921875,9.354919797855269,5.339258759434119,0.16772713770872452,1.0831202883248368,0.11666484723179843,1.6893267447119726
lens_00698,0.5488291999790817,0.0012004821401643399,29.206442966529945,0.7896195021231599,0.8264930583194988,0.00120048214016434,29.206442966529945,0.78961950212316,0.8264930583194987,0.0,0.0,0.46210613775974707,5.363394908162197,0.049324861542082044,1.561711835740084,0.2793230353263574,0.025909913887723457,0.14176836773941942,0.0021706169178753384,26.634168164041554,0.6950661911520998,0.8908304083175725,0.01996416520599315,0.04209571267365777,0.576904296875,0.2333984375,0.126220703125,0.082763671875,7.910400898797825,5.719844106093116,0.14725615985462753,1.0675817320975889,0.07677484279279256,2.0388389291581563
lens_00699,0.4310156999854371,0.0013928557436891356,28.56093860578156,0.737900123506393,0.7903099063302824,0.0013928557436891356,28.56093860578156,0.7379001235063932,0.7903099063302824,0.0,0.0,0.36820963498835074,7.62698842051376,0.15107667205875908,1.8658452931046696,0.41147204823291217,0.05562316619173513,0.08655307891246555,0.006689679036217432,21.745947187259837,0.3272887954937946,0.6801138409202242,0.03957518332183504,0.07157851564024349,0.592041015625,0.19482421875,0.14501953125,0.090576171875,8.830677840262437,4.477846269071272,0.21682776001407036,1.0916337598049204,0.07534863482706011,1.1802978728666262
lens_00700,0.38299760001245886,0.0016687937907423891,27.775973248399637,0.8502587968180335,0.8898795807662659,0.0016687937907423891,27.775973248399637,0.8502587968180333,0.8898795807662657,0.0,0.0,0.6281811919172806,3.7495351182412904,0.05781227538465872,3.474040550620515,0.23553296522949235,0.09004039151271725,0.028762009788844245,0.0037673762797156723,24.239610009692786,0.6389800932629923,0.8587549209206836,0.027896365628185215,0.05467329388700007,0.563232421875,0.158447265625,0.197021484375,0.102294921875,8.710426986950177,5.141112472173888,0.15491419491834554,0.947218911359355,0.09727631134279843,1.2803660653784665
lens_00701,0.41605270002037287,0.0021521873403567717,26.67119927549333,0.7588040535732239,0.8126722567270351,0.0021521873403567717,26.67119927549333,0.7588040535732241,0.8126722567270351,0.0,0.0,0.803608134820065,5.972108212510472,0.045330929027600275,3.709720666012018,0.3161817220919612,0.0645104309152793,0.2985499294184296,0.00510184670268587,22.922725949574772,0.46116314977344575,0.7749381743414762,0.0353381346386102,0.06207304522052488,0.539306640625,0.16259765625,0.21435546875,0.102783203125,10.073603069864237,5.484514183000613,0.17633961646078744,1.037018905141433,0.07401332399210132,1.0837733484651095
lens_00702,0.3919908000389114,0.0018143853809867768,27.412704620058555,0.7240536669226031,0.7753671139022804,0.0018143853809867764,27.412704620058555,0.7240536669226031,0.7753671139022804,0.0,0.0,0.6825760137051264,4.486796057937266,0.03528231774748669,4.211482082691617,0.17043619733131943,0.09687585528675513,0.26051357848475876,0.004629506741533017,23.34465279142336,0.5037346231301499,0.7970243735146582,0.03438610493044308,0.058712030532469026,0.530029296875,0.18701171875,0.2041015625,0.10009765625,8.113870567310368,5.204873569637346,0.20197265602156989,1.0232132337432542,0.09737134256111514,1.6744450235883672
lens_00703,0.413425000035204,0.0017882157264852297,27.47580090030761,0.8552311685061931,0.8999007591826671,0.00178821572648523,27.47580090030761,0.8552311685061931,0.8999007591826673,0.0,0.0,0.7063300689672829,1.8523209463111332,0.010002034343399191,2.1666030434514028,0.0918522558578051,0.08599148337717932,0.11528492075702645,0.0022724543609494146,26.435048302124255,0.6943887459272992,0.8968967199381935,0.023823048071298574,0.04129063745623228,0.596923828125,0.263427734375,0.078125,0.08837890625,4.495411852278055,5.644328488571565,0.14074443383591537,1.2428663778434568,0.10123003019050393,1.7979790726626903
lens_00704,0.4804688000585884,0.0012107456308806735,29.169470894817845,0.7625235772268656,0.7968541829104437,0.0012107456308806735,29.169470894817845,0.7625235772268656,0.7968541829104439,0.0,0.0,0.8513016579983506,5.643753608375498,0.08811557100094458,7.163537729933111,0.20397759890292408,0.0476805903921349,0.20636190771034757,0.004106150369719529,23.865651505466076,0.46342153998499297,0.7810787942695384,0.03133543644185999,0.055894908468640335,0.6005859375,0.25439453125,0.08203125,0.086181640625,4.617077303357808,4.522672267735243,0.19579012159961554,1.029900726067476,0.07662075566901048,1.7440901168074536
lens_00705,0.5368989000562578,0.0013118709018806814,28.82108900752618,0.7914618030784514,0.8276380840961095,0.0013118709018806814,28.82108900752618,0.7914618030784514,0.8276380840961094,0.0,0.0,0.12109718435103758,2.9145187822292566,0.09730059365239696,1.267206451254026,0.14701977585007847,0.06968098999374406,0.09028079471214856,0.0014788972528876204,28.30061997777271,0.774278534812176,0.9259082507103495,0.017943225058256768,0.03401379025331295,0.519775390625,0.134033203125,0.27392578125,0.0908203125,9.986843601065804,4.995193508009191,0.16416332446161383,1.142143321483055,0.110262640684435,2.0004250166139927
lens_00706,0.46965510002337396,0.0013277918406045378,28.768700044579738,0.6460810735834129,0.7469784599328361,0.0013277918406045378,28.768700044579738,0.6460810735834132,0.7469784599328361,0.0,0.0,1.8388619511345723,13.28986256355617,0.08149388677641478,20.066011611856254,0.8651699547598851,0.18770275534077985,0.38492885206396266,0.01744165535596473,17.584122993435507,0.10684363696252307,0.43640713341153287,0.06724465053222475,0.11366535237601515,0.5986328125,0.21630859375,0.115478515625,0.094482421875,5.663747420204195,3.7849821039944183,0.24690687169910056,0.8605799156237778,0.05120168043440281,1.1509499273847434
lens_00707,0.39833450003061444,0.0023280096177696287,26.33015229805805,0.7473406751834694,0.8022747245687843,0.002328009617769629,26.330152298058046,0.7473406751834697,0.8022747245687843,0.0,0.0,0.3317190775807841,6.420866193614695,0.1005166827414441,0.14019882054529376,0.3096621220660179,0.05257638048410018,0.3425670193612109,0.006473910577841987,21.888333036696203,0.3941102633055522,0.7350066567608105,0.04018093637396236,0.06970941779955973,0.575927734375,0.200927734375,0.15185546875,0.093994140625,8.69704845338146,5.047088068615113,0.18727754195005852,1.1021732869503775,0.06857925037910356,1.0778731716735261
lens_00708,0.4065348000731319,0.0008325411456050534,30.795942937163503,0.9015537377939222,0.9281208480096489,0.0008325411456050533,30.795942937163503,0.9015537377939226,0.9281208480096489,0.0,0.0,0.7782078875476182,1.9274774918243924,0.026994269852338437,1.459105710491201,0.1061909371910237,0.07290290589741943,0.03942917482449687,0.0025809414124697934,25.88221853855925,0.6777472363702453,0.8737837955075326,0.02097085955354832,0.04627271833440461,0.606689453125,0.267333984375,0.068603515625,0.078369140625,4.131661466845308,4.748482560588951,0.17237585177913056,0.9432127637198141,0.12569349966205073,1.856217310737927
lens_00709,0.4032939999597147,0.0012312394158290711,29.09657489827763,0.642157510332142,0.6710500847413835,0.0012312394158290711,29.09657489827763,0.642157510332142,0.6710500847413835,0.0,0.0,2.7939617863164856,11.278487641743268,0.1068735658475477,4.175754923793789,0.48254155668836174,0.12238251664865085,0.2899838421424268,0.014343075136547897,18.433577265163844,0.14356988732533263,0.49614866606682406,0.06148376918382871,0.10277558690417474,0.556396484375,0.259765625,0.121337890625,0.0830078125,7.422916167000859,5.2464014608456555,0.22885448265513425,1.0418425679850227,0.05201756723884237,1.6073127731556525
lens_00710,0.3896868999581784,0.0006728952663693376,31.720525268272656,0.9164475978108519,0.9383307633284576,0.0006728952663693376,31.720525268272656,0.9164475978108517,0.9383307633284576,0.0,0.0,0.7347570951471611,0.2746217044192427,0.02202194285996628,1.4120886681624256,0.03687880796809391,0.02350784117328042,0.052392063755063556,0.0004802664000429829,33.185177960101285,0.9035739094344278,0.9735150943438838,0.009183524782274502,0.019897971570397143,0.583740234375,0.27734375,0.07421875,0.0869140625,4.430641611542857,5.371368422302825,0.16059395486957592,1.172560747052127,0.12662915650429074,2.074244100088186
lens_00711,0.42767170001752675,0.0008477136852284976,30.71750805669817,0.875887466943405,0.9067814149143565,0.0008477136852284973,30.71750805669817,0.8758874669434049,0.9067814149143567,0.0,0.0,1.0776548401772228,6.621456995908813,0.0400486400636032,32.2994507953582,0.2671573113663936,0.07591021888278304,0.01611515266185304,0.0050693025911195694,22.950517845841883,0.4103975025516097,0.7549024333246475,0.03620616361335154,0.06130592391867844,0.6123046875,0.255615234375,0.073486328125,0.077392578125,4.395426041590351,4.356113286255804,0.18908810803586962,0.8819229566294048,0.07296462833202828,1.2704232702026461
lens_00712,0.37581560004036874,0.0005110434067884406,32.91542210377849,0.8170186363121537,0.8294052931121225,0.0005110434067884406,32.91542210377849,0.8170186363121537,0.8294052931121225,0.0,0.0,0.22546986767659397,7.985148296325979,0.09182303847005302,0.3617653260548792,0.3989942616346469,0.0013638145226437803,0.05404226084381669,0.0016730572614235318,27.76489194784949,0.6350874700909388,0.8977672086821302,0.020301686623260644,0.0355091365943253,0.586181640625,0.2099609375,0.14306640625,0.081298828125,8.891543704724416,4.137130447161123,0.20415812799880176,0.8551671680535952,0.0748631354040547,1.6277757602795129
lens_00713,0.37669540010392666,0.0011555790771786067,29.37200330057451,0.7532375262325176,0.7795982719765109,0.0011555790771786067,29.37200330057451,0.7532375262325179,0.779598271976511,0.0,0.0,1.4971442874196002,4.951131144658737,0.10170842699334437,4.152336209465716,0.1800183520814968,0.06662001226731029,0.24820820495926654,0.005948417929522061,22.255985260093723,0.44865536587641264,0.7647447578207359,0.03926696175081504,0.06638165141348992,0.48779296875,0.146240234375,0.291015625,0.099365234375,10.730934998544294,5.838544641206829,0.17127496043151674,1.2193598833017911,0.08796638078100771,1.6455262412197442
lens_00714,0.41317590000107884,0.0013548864889294447,28.680970880342667,0.7180325918127678,0.7590082391722832,0.001354886488929445,28.680970880342667,0.7180325918127676,0.7590082391722831,0.0,0.0,0.8554695555898958,5.4193389313422475,0.0438920859686609,6.275814423380524,0.2261784492769446,0.06659836805259911,0.28569466726242654,0.004638912581944972,23.335838114727544,0.4716232876539816,0.7555068583437788,0.02994967163061888,0.061171314773863374,0.559814453125,0.18310546875,0.182861328125,0.10009765625,8.857557497488774,5.25639607967007,0.18521035543655653,1.1610088365060278,0.09430616942232753,2.095739950505684
lens_00715,0.3918070999206975,0.0017675079115356243,27.526386335827887,0.8112148409092442,0.8576991263175365,0.0017675079115356243,27.526386335827887,0.8112148409092442,0.8576991263175365,0.0,0.0,0.9017026285920466,5.019539145043803,0.07239519485330348,3.777565989769954,0.3190029492386419,0.057239509386524,0.23756864894301688,0.004455390530160881,23.511142225675243,0.4661549794705003,0.7857875134514056,0.03275924143616728,0.05815687947859464,0.515625,0.156982421875,0.24169921875,0.106689453125,10.985446826379546,4.352150493395487,0.2069520240414857,0.9629179518313657,0.08985104540691348,1.0903695786925973
lens_00716,0.419772999943234,0.002070334916481906,26.83959393376659,0.8577064715743301,0.9000583387604197,0.002070334916481906,26.83959393376659,0.85770647157433,0.9000583387604196,0.0,0.0,0.5368314283795074,3.622994094068833,0.0072780293173484445,2.120122908992059,0.2390972734895253,0.10363582526583914,0.21224628040157656,0.003919336532072106,24.067874444200868,0.5693081467621757,0.8349315602153953,0.02935018783359626,0.055298309252677195,0.567138671875,0.202392578125,0.154296875,0.0966796875,8.442564563919513,4.272638710123083,0.20941148902259188,0.8990366840881994,0.1046469212834645,1.0886083261246708
lens_00717,0.380088199977763,0.0005697889283012448,32.44285993889787,0.9124187261933411,0.9249619315325526,0.0005697889283012448,32.44285993889787,0.9124187261933413,0.9249619315325528,0.0,0.0,0.7644415805251867,2.509231303394456,0.01399463886836072,0.8383153414723665,0.10717526278928617,0.03087826383710135,0.08261256060216682,0.0009860423183113655,30.061044458957834,0.8166121161573903,0.9427271202828518,0.013274568572105353,0.02845747964131466,0.501708984375,0.1181640625,0.30224609375,0.099609375,11.541827380106154,4.50056096341986,0.1750476747724094,1.2222347239169047,0.1111325091868057,1.7666179062481164
lens_00718,0.4117555000120774,0.0012423116047283879,29.057694579108876,0.8099143234009428,0.8460444036953075,0.0012423116047283877,29.057694579108876,0.8099143234009428,0.8460444036953078,0.0,0.0,0.11275295168056128,4.649321730746436,0.09960511487736678,0.7145724408553775,0.22439318390902288,0.05784367782072686,0.08754348198456152,0.003257793845991278,24.87076401421352,0.5928221281836158,0.8395753211448389,0.025753166706323414,0.050936904603515056,0.564208984375,0.1611328125,0.19677734375,0.099365234375,8.875088325426741,5.264653911160668,0.157815677107311,0.9773984307268175,0.10070915864093177,1.7993355957314858
lens_00719,0.40074359998106956,0.0018254921862918972,27.38620021633769,0.8334476307108991,0.8727664221135002,0.0018254921862918972,27.38620021633769,0.8334476307108991,0.8727664221135002,0.0,0.0,1.2025959286253582,3.7569892190159635,0.11391988333991987,15.348678380578775,0.17193055127552972,0.0750108100578959,0.17862130988726377,0.004150281248154102,23.819224718704003,0.5098538681771353,0.7928861018924613,0.029950565088688035,0.05703722380185035,0.578125,0.203125,0.146240234375,0.09228515625,6.880256168940929,5.392369768807933,0.18033176950876964,0.9803522726305541,0.09078150673860427,1.3570239403218916
lens_00720,0.3992195000173524,0.0004106416399054025,33.86537014380342,0.8314387669701017,0.8184008563020511,0.0004106416399054025,33.86537014380342,0.8314387669701017,0.8184008563020511,0.0,0.0,0.06489133838228872,6.975653296922813,0.10033289561591141,2.970570957654047,0.318981545089836,0.00861612776516918,0.1449321039574385,0.0014432077903904442,28.40671135487797,0.6931590438475277,0.911612787500744,0.018095120548133267,0.03340320946763902,0.526611328125,0.13671875,0.2548828125,0.102783203125,11.871602092608839,5.426016000801375,0.1642025618572633,1.0253665733502586,0.07673144663635843,2.0238618761504554
lens_00721,0.4107393000740558,0.001581516066537296,28.009263917513895,0.8202361435064114,0.8576730015115002,0.001581516066537296,28.009263917513895,0.8202361435064114,0.8576730015115002,0.0,0.0,0.5726682396393723,4.4114648067794935,0.07423979253384272,19.039426056775056,0.13843864478345727,0.02950553803669209,0.05327667047864393,0.0025551527986754806,25.925831238512238,0.6130733139064155,0.8633119169860067,0.02325012306305234,0.04488412387725088,0.604736328125,0.28125,0.05517578125,0.08349609375,3.2668704604046366,4.620045698581451,0.1858601601269342,1.17433071027152,0.07596951365732793,1.518906418430705
lens_00722,0.3767479000380263,0.0015818373160964912,28.008381835150807,0.8757225897172456,0.9135148637798624,0.0015818373160964914,28.008381835150807,0.8757225897172458,0.9135148637798624,0.0,0.0,0.7687733069756044,0.9587535528424578,0.01095433495948206,0.28086234432433343,0.12041923616974838,0.1314846908198547,0.12697340868848328,0.0032021706028272446,24.94555533786885,0.6596181633296497,0.8790504467644469,0.028549541560799196,0.048857898844459575,0.535400390625,0.163330078125,0.222900390625,0.10009765625,9.114307011202705,5.496591165386437,0.19289855166811562,1.1103066471010465,0.126833846012253,1.3420574869167883
lens_00723,0.4207268999889493,0.0008506014696158476,30.702738712745912,0.7374444812524783,0.7495026244401986,0.000841300656072803,30.75048772407714,0.7409567464350962,0.7526925916078885,1.0,0.0,0.656381084403129,8.317207852213102,0.15578515868694187,4.233451639000464,0.3288785856306092,0.03282911841231584,0.12085796516910996,0.0071234154201158615,21.473117279278977,0.294788917597908,0.6539684271784741,0.041008034705743046,0.07376826221139031,0.596923828125,0.228759765625,0.10888671875,0.085205078125,7.050068027007726,4.934223358180885,0.19632328626375703,1.212967892779342,0.06716776722300409,1.6974590190353103
lens_00724,0.4023739999393001,0.0006265329234043088,32.03056102519586,0.8426299107152486,0.8512505938567331,0.0006265329234043088,32.03056102519586,0.8426299107152484,0.8512505938567331,0.0,0.0,0.5187908184594318,6.717670810502042,0.10102581964420987,3.8014179419543694,0.24913410916177878,0.011914717341741654,0.07617195162798529,0.0015027399266085333,28.231161745774397,0.6443874920940125,0.8854968416631905,0.016747339589718538,0.0349609288102473,0.574462890625,0.19677734375,0.1552734375,0.095703125,7.574883823944119,4.45639743999599,0.18250617919623835,1.1390034724809996,0.06877425977443039,2.1666308969313732
lens_00725,0.42041859996970743,0.0012293471085980463,29.10325475889101,0.8890500413192032,0.9195274732143368,0.0012293471085980463,29.10325475889101,0.8890500413192032,0.9195274732143368,0.0,0.0,0.28798096135766516,1.8436062561561624,0.041147164932141767,3.0765694352605237,0.1336220872105737,0.06176162048292211,0.14752745401380843,0.0009349883545725352,30.29193798300085,0.8566873399073919,0.9596723904493295,0.01432528644205219,0.027014339209495593,0.60400390625,0.27880859375,0.05859375,0.079833984375,3.5564222819717726,6.160691679018843,0.12520375146494162,1.1156665612169026,0.09140504500094872,1.8546194734672912
lens_00726,0.39627030002884567,0.0017027559647471717,27.688475897108976,0.875796336840589,0.9115791766950305,0.0017027559647471717,27.688475897108976,0.875796336840589,0.9115791766950305,0.0,0.0,0.3370727038029528,3.4091278536764857,0.10042303778673778,0.8264351257191862,0.22486125116491928,0.08386562584164481,0.05918159756915853,0.002913047531939843,25.35652428969733,0.6311858515595261,0.8640135094891632,0.02458516858526719,0.04804806986314679,0.587646484375,0.206298828125,0.131103515625,0.093017578125,7.37456258091334,4.766763592606974,0.17513522078515079,0.8795125471723022,0.0982825764897645,1.0948871663599973
lens_00727,0.42786479997448623,0.00044773953168123046,33.48974559328676,0.8392615995905174,0.8316221543336604,0.0004477395316812303,33.48974559328676,0.8392615995905174,0.8316221543336603,0.0,0.0,0.6796298466718228,6.11721017888822,0.0011989466085959855,3.477547530734938,0.17505594028775226,0.02316951321449312,0.055765098846442096,0.0018348201279652853,27.36406504306183,0.6051913280713228,0.8807172731491847,0.021348531864072255,0.03713570135616098,0.610107421875,0.255859375,0.076416015625,0.0830078125,4.797915259938352,4.46420406614293,0.21369439338903362,0.9532174725198195,0.09906605908831104,2.0694205035520543
lens_00728,0.3888677000068128,0.0019089796658489865,27.191986976181784,0.8460544125648655,0.8861634550398677,0.0019089796658489865,27.191986976181784,0.8460544125648655,0.8861634550398677,0.0,0.0,1.1594379944176358,2.614056311577597,0.01711705605919467,12.091235895866532,0.048392551414449085,0.055112118260891574,0.08361438461618698,0.0040453310486923974,23.93045932213046,0.5271421102445538,0.8186358435869985,0.031148904415423048,0.055453375031743884,0.59814453125,0.306640625,0.03955078125,0.07861328125,2.6246942742945825,6.364628460742829,0.15045513738832447,1.1857453809258693,0.07773819661780784,1.6287898341411906
lens_00729,0.40134830004535615,0.0018988361882146844,27.2151250004606,0.8125319567558391,0.8595377645671374,0.001898836188214684,27.2151250004606,0.8125319567558391,0.8595377645671374,0.0,0.0,0.6281056309217584,5.105559753983252,0.06540632706013405,1.5876441896893425,0.28317306463851133,0.057767289681581846,0.23988447879243835,0.0038103433652247236,24.190358865545114,0.4486098504226625,0.776535670481273,0.029323339044114,0.05431836846342739,0.579833984375,0.2265625,0.118896484375,0.094970703125,5.95528827069784,4.300012826099003,0.22816238073853737,0.8677308092765786,0.08816124464765268,1.0918459579649118
lens_00730,0.41064449993427843,0.0005676314425782068,32.459335558502175,0.8963333512144098,0.9154264616544253,0.0005676314425782068,32.459335558502175,0.8963333512144098,0.9154264616544253,0.0,0.0,0.1728484677252655,3.3515214483693896,0.06838042930007071,5.047244883799351,0.15028244124953383,0.03021257201185623,0.03953752243971792,0.0012492399072003605,29.03354150602523,0.7951435078858493,0.9276538195089732,0.01363093548995436,0.0326103895234182,0.596923828125,0.265869140625,0.06982421875,0.08935546875,3.9697921724706906,4.879399478419686,0.1721262315660067,0.8662931812612528,0.12058488320010267,2.101511352196154
lens_00731,0.4172146999044344,0.0020623151188650744,26.856449743928835,0.8545087855532282,0.8970123268990638,0.002062315118865074,26.856449743928835,0.8545087855532282,0.8970123268990638,0.0,0.0,0.37135832540493013,3.691629733751178,0.019253227894311165,3.2161949185565675,0.1947350071833759,0.09686094544602186,0.09073079122969402,0.003842034511336513,24.154387383770594,0.6773879779837003,0.879744325009476,0.027999666461389634,0.05529966717248346,0.63134765625,0.249267578125,0.06298828125,0.07666015625,4.0005848357855776,5.746968299638012,0.137839591569335,1.0023640736521535,0.0811519578342129,1.2920726749325042
lens_00732,0.39915880002081394,0.0020055178544706688,26.977734672831456,0.7955262289485096,0.8441789586030642,0.0020055178544706688,26.977734672831456,0.7955262289485096,0.8441789586030642,0.0,0.0,0.2714187637845403,4.233094107866711,0.027758834686262612,4.567002940690969,0.17998520340067775,0.06293517049865427,0.15336859378581058,0.0023754158998816406,26.242603408978518,0.6637702494870054,0.8816318673759597,0.022473731313993665,0.04324751207535598,0.6064453125,0.26416015625,0.070556640625,0.080322265625,4.319451071581322,5.172997921755442,0.17446268393143113,0.9196477891978988,0.08619471544566949,1.4813485081679716
lens_00733,0.4374611000530422,0.001426965298568103,28.45586588079209,0.886766372577639,0.9196838985568437,0.0014269652985681033,28.45586588079209,0.8867663725776389,0.9196838985568437,0.0,0.0,0.7262124576102148,1.7025721301315944,0.024003887659885037,1.3244921349150047,0.1394655981002703,0.08847768642108533,0.19196868653564525,0.0015310578775588595,28.15008391647046,0.7258031194614373,0.9159082416505532,0.018951958493279658,0.03423274962412258,0.584228515625,0.2275390625,0.120849609375,0.089599609375,7.4301709821292015,4.294865366706219,0.1950212807071088,1.009757382413516,0.1139029422403418,1.363668236023924
lens_00734,0.3651421000249684,0.0014167951160472194,28.486929489081838,0.9098320116145843,0.9374248581961953,0.0014167951160472194,28.486929489081838,0.9098320116145843,0.9374248581961953,0.0,0.0,0.3543295643024155,1.5758031700983075,0.04489800250237386,3.9750623285605116,0.14357749957225607,0.10981967147137284,0.04467464008129407,0.002942917003270067,25.31221985786932,0.7192589614783812,0.9030921054139452,0.025622329467288468,0.04781645361107187,0.56298828125,0.219970703125,0.14404296875,0.095703125,7.645415028384603,6.401797051983604,0.12581505412936658,1.2173149741560798,0.09713810742139126,1.3267696039295258
lens_00735,0.39374480000697076,0.0007976357185104158,30.981954063455422,0.8276405597342128,0.8548188591063227,0.0007976357185104158,30.981954063455422,0.8276405597342128,0.8548188591063227,0.0,0.0,0.762274490026705,4.126826356093712,0.05714652610646975,5.374824852997989,0.18497621044362875,0.06833541779301844,0.07582355072937685,0.0038123203104941166,24.188106171533423,0.5761584275674198,0.8290491372914593,0.027794981971304245,0.05513401207702002,0.58349609375,0.216552734375,0.13134765625,0.0908203125,7.934359481066569,4.630604927063499,0.1876301667174574,0.9881417227192325,0.10626094319654897,1.7456736264425636
lens_00736,0.40129970002453774,0.0014646381810989638,28.342696485929558,0.9255795704162625,0.9459341181594109,0.0014646381810989634,28.342696485929558,0.9255795704162624,0.9459341181594109,0.0,0.0,0.7598372874426007,1.6620839260906735,0.037879689623068535,2.443371222246739,0.1175073010315154,0.07983678477015077,0.002175628434293475,0.0024364275350389503,26.132465010077933,0.6805712714858013,0.885826365092537,0.022156853110828312,0.04410783825199472,0.58740234375,0.20458984375,0.13134765625,0.099853515625,6.475352048210612,4.829296921455439,0.1726362533764047,1.1712873996842734,0.08941448287410333,1.119473223300472
lens_00737,0.39360470010433346,0.0014038805779966524,28.526698341741227,0.8452175416527469,0.8854219887967465,0.0014038805779966524,28.526698341741227,0.8452175416527468,0.8854219887967464,0.0,0.0,0.9256709686639147,2.4182961544772414,0.012295478162343887,3.346112157420322,0.15062325717671599,0.07295269354226919,0.20265589102228715,0.001967700970434109,27.060409001921588,0.7282175602509298,0.9002731186217595,0.018612215509975875,0.04026520090902717,0.603271484375,0.2373046875,0.09521484375,0.08447265625,5.9358035363262935,5.067418364930506,0.17795360968975316,1.0148405481633895,0.10895648101162532,1.7193710793311672
lens_00738,0.4209288000129163,0.0005914745784097779,32.28063916621191,0.7756647182874513,0.7839027814291659,0.000586313177926006,32.31870344539011,0.7778985327431104,0.7860455066766661,0.0,1.0,0.2528973794561247,8.202385359811139,0.011544896770341206,1.137696943939602,0.3791693555287909,0.0776898100000476,0.19590399561206517,0.004900628775189973,23.097481942416373,0.381007516818283,0.7015584983112674,0.029547219297357222,0.06346330126131049,0.6064453125,0.250244140625,0.0830078125,0.078857421875,5.446289066755574,4.051515268947116,0.2300537527255109,0.8856831500900777,0.08411769392872963,2.0819730317721206
lens_00739,0.3988337001064792,0.00046848592361710227,33.29303453628409,0.8745560478604509,0.8924010407993713,0.00046848592361710227,33.29303453628409,0.8745560478604509,0.8924010407993713,0.0,0.0,2.5726606667265584,7.9548447649750065,0.17047671652852703,6.343105798179408,0.3119552416031847,0.017893415663656986,0.131642889650737,0.0031428067458978207,25.026823233319494,0.46721378265268654,0.79240682727247,0.025153017953759724,0.05010122187846981,0.55712890625,0.217041015625,0.1533203125,0.09326171875,7.293720263977415,5.504416834996218,0.17964066152703603,1.0687778557429728,0.05907485865419615,1.659089044658451
lens_00740,0.40118529996834695,0.0012986900968750814,28.864944711549487,0.8823516774736659,0.9154833721865455,0.0012986900968750819,28.864944711549484,0.8823516774736659,0.9154833721865454,0.0,0.0,0.3804960311499524,1.114316710275773,0.058501836111744754,2.409763495806871,0.12656308666510882,0.11238077334362073,0.06628331106302476,0.002239169037767567,26.49913119731096,0.7289129040253376,0.9096706463656029,0.023132124456175313,0.0412804294540595,0.5390625,0.18994140625,0.192626953125,0.09765625,8.242163869246266,5.948463703710525,0.16876215089149574,1.1344411165502082,0.1243851513959118,1.4795906353317403
lens_00741,0.43363809993024915,0.002109517061231901,26.758169578057288,0.915832275043557,0.9425897707269167,0.002109517061231901,26.758169578057288,0.9158322750435571,0.9425897707269167,0.0,0.0,1.2839702628257366,0.6814829756232044,0.03313293863536915,0.4223813783906394,0.09579915014642351,0.11469472062790098,0.17894048482724645,0.003692481594757746,24.32681660759431,0.5769517166495159,0.8334157861109661,0.028509649450593505,0.05366266377065174,0.548828125,0.181640625,0.19482421875,0.099853515625,8.962082859643884,5.148030814497755,0.21937991758175945,1.1960677261446695,0.12124786496668372,1.0834298856091142
lens_00742,0.5167207999620587,0.0006099893316191893,32.146777604965,0.7475598847941057,0.7205203131477309,0.0006099893316191892,32.146777604965,0.7475598847941053,0.7205203131477308,0.0,0.0,1.5901369023471268,8.738551961252433,0.14985199192900023,15.431820502692517,0.2969985558966219,0.012628464536507455,0.23624135930744983,0.006890898690112192,21.61724135029248,0.3395051746910804,0.6907414452807871,0.03895224995252386,0.0733049855995368,0.5986328125,0.2548828125,0.07763671875,0.092041015625,4.43239992880089,5.082460235025963,0.18866508338172172,1.1049098069183687,0.05903930016026857,1.8500382421579775
lens_00743,0.5731725000077859,0.0012369196345511767,29.07658516542888,0.8926215643727059,0.9209618115574287,0.001236919634551177,29.076585165428877,0.8926215643727059,0.9209618115574287,0.0,0.0,0.5464079708817596,1.5209603911529808,0.08035816286844122,7.460529398726436,0.10601143802963675,0.11268881722271107,0.038457804852440436,0.0035112596176977685,24.545370582119112,0.6306900872368291,0.8665866883781134,0.02881828526371296,0.05177611468773061,0.555419921875,0.20068359375,0.16357421875,0.10107421875,7.130942347990187,5.3295951528653,0.17913607269838072,1.1135701711291306,0.10762260225970402,1.3103991160364172
lens_00744,0.5954561999533325,0.001441817977026747,28.410895638625014,0.834394496182927,0.8729027332961068,0.001441817977026747,28.410895638625014,0.834394496182927,0.8729027332961068,0.0,0.0,0.6754573434060441,3.837600115290165,0.03686276747728279,1.227052578742999,0.21467179972643624,0.08608319528530917,0.1584733799067819,0.0027523350347808595,25.60298701650076,0.638749588707891,0.8770000438330391,0.025856454772335863,0.04564842583690055,0.575927734375,0.164794921875,0.176513671875,0.104736328125,7.316947683079385,4.397100837322112,0.20384873584149102,0.8503717818118735,0.1121087519812975,1.3758699360306577
lens_00745,0.7197016000282019,0.0006831190780385817,31.655035855901215,0.8758670476120133,0.9016517648670089,0.0006831190780385817,31.655035855901215,0.8758670476120131,0.9016517648670089,0.0,0.0,0.04509860026011363,3.4568829237916567,0.005711193010683124,1.77996804901548,0.15805796676699124,0.04053135578740996,0.16307738316159096,0.0012537099100633224,29.018029412031503,0.8143064672542542,0.9437315689470153,0.01596462212142393,0.031604441943870236,0.6005859375,0.262939453125,0.081787109375,0.07763671875,5.1978562310886325,5.245723497183046,0.1516646272095814,0.9333122886028711,0.1188184840902428,1.9934134893129332
lens_00746,0.5293664999771863,0.0007882011951416694,31.033629109534928,0.8023578523535375,0.8247014629603732,0.0007882011951416694,31.033629109534928,0.8023578523535375,0.8247014629603732,0.0,0.0,0.41511194998339124,6.635154234584761,0.04815112076227368,4.148418130748212,0.2792964225182517,0.013817035290843438,0.21992768727767487,0.0021854010118352307,26.604688601820335,0.6773101503927693,0.8745886142667635,0.01880250436822302,0.04280031356565258,0.599365234375,0.254150390625,0.0732421875,0.09423828125,4.313515665781496,4.958104793548287,0.1657707383575879,0.8715538656048238,0.08429539975290143,2.1587368348118954
lens_00747,0.45133399998303503,0.0009179485573261786,30.371816563754198,0.8924752856306108,0.9194397573015383,0.0009179485573261786,30.371816563754198,0.8924752856306108,0.9194397573015383,0.0,0.0,0.11804083858980069,0.8803119366081305,0.002599046457111065,2.209359703399727,0.13680752974094057,0.07408184612025415,0.06315882428482986,0.0006936946655371004,31.588316451814666,0.9229179075262249,0.9777029363938998,0.011747810381501465,0.02357294247177019,0.557373046875,0.13037109375,0.237060546875,0.099365234375,10.153987194799699,6.170219071738063,0.11690513769262371,1.1682209363669995,0.12081347403430513,1.7880854226139777
lens_00748,0.4519881000742316,0.002416119215632547,26.168816406576845,0.8887118625725514,0.9236968686444642,0.002416119215632547,26.168816406576845,0.8887118625725516,0.9236968686444642,0.0,0.0,0.5021902689766655,0.8718038677439299,0.10659644861679562,2.787564874960708,0.11368992077493338,0.13266454662787308,0.026360297903836427,0.005557523559567806,22.551186875549988,0.5740558334334299,0.8170701615354549,0.0349053034233244,0.06587217434162519,0.544921875,0.144287109375,0.232421875,0.0986328125,8.842300272440244,5.102610194886441,0.175739240497706,1.104508637711892,0.11107621523323061,1.065525650828615
lens_00749,0.455305099952966,0.0005298083372729623,32.758812117557525,0.857742718549634,0.8725071182480607,0.0005298083372729623,32.758812117557525,0.857742718549634,0.8725071182480607,0.0,0.0,0.6636425335748889,5.794347392313087,0.12817860645501922,5.240637052017604,0.26555377152466597,0.030126797660046223,0.12338254701350382,0.0029490664636719925,25.303154395605368,0.5406995379642038,0.8186782720059899,0.023430256146372327,0.04899070892105333,0.54248046875,0.18994140625,0.1865234375,0.101806640625,7.96687301760969,5.776846556514246,0.1808145382481447,1.0944161908156502,0.07789276641681225,1.7657051374817123
lens_00750,0.49605409998912364,0.0009274751810869155,30.32697703126626,0.8148763352576587,0.8489096300731261,0.0009274751810869155,30.32697703126626,0.8148763352576587,0.8489096300731261,0.0,0.0,0.3663291370228654,5.745177173857927,0.09671456983114535,9.569117398955427,0.25272562387403114,0.05185485053442951,0.12528759946983464,0.005288687316666856,22.766521090370645,0.46375232818217793,0.7566684810481612,0.032685642710350224,0.06496411376504867,0.58544921875,0.279541015625,0.063720703125,0.09375,3.51852725440231,6.8165453930260735,0.12936512720461082,1.2199945814024917,0.06541486724482053,1.6930980061602998
lens_00751,0.4606420999625698,0.00082237474232377,30.849302366730463,0.9258972991146985,0.9453890469438934,0.00082237474232377,30.849302366730463,0.9258972991146984,0.9453890469438934,0.0,0.0,1.018488890644553,0.5875956964803493,0.019831874332628452,3.240311086564361,0.01435954567418616,0.01576168782886589,0.12267576736593278,0.0007335189137596143,31.3458868340825,0.8260987399777635,0.9562476992519842,0.013028341164347805,0.023744078004103986,0.604736328125,0.27587890625,0.0537109375,0.085205078125,3.1404784675309845,5.552843550178121,0.16655351268795918,1.1353416021222984,0.10866324002750505,1.8098417549239
lens_00752,0.5206371999811381,0.0015351258015241817,28.138560288714352,0.916901354671581,0.9391747759573427,0.0015351258015241815,28.138560288714352,0.9169013546715808,0.9391747759573427,0.0,0.0,0.7319140329449951,1.0223142178462084,0.017715472892203876,1.4367052601743353,0.10701014674858768,0.13297825479451497,0.031815847984697054,0.003405427561820714,24.678283533306118,0.6513263421372387,0.8741338091380818,0.028907699196137435,0.050692923460837695,0.514892578125,0.12158203125,0.285888671875,0.09912109375,10.983730686128856,4.338553875313268,0.1896434608317093,1.0409922608830402,0.12244096540444799,1.13209373843411
lens_00753,0.6442112999502569,0.0014680436392789321,28.332610343270723,0.6993313250058623,0.7359986526369824,0.0014680436392789321,28.332610343270723,0.6993313250058621,0.7359986526369823,0.0,0.0,1.4146294766116982,8.148945351898249,0.0007002819030855756,31.96764205826605,0.25964716077666844,0.04442004388298182,0.19898431889543688,0.006861386126495891,21.635881399378484,0.31177719762565315,0.6597939959681525,0.03925319332865966,0.07294225757404799,0.610595703125,0.299072265625,0.034912109375,0.0771484375,2.4645166849311426,5.292205722764522,0.17227300769877668,0.9485476306082985,0.057698089872156376,2.1808412159831043
lens_00754,0.5075906000565737,0.0013183450442459349,28.799709090133014,0.8148598569503951,0.8548649762269638,0.0013183450442459347,28.799709090133014,0.8148598569503951,0.8548649762269638,0.0,0.0,1.0777312332754208,4.3426204687413446,0.0373626652700223,9.119872634856193,0.18088246775921726,0.07178480427705825,0.17450796570734872,0.0031884053772408636,24.96426467104491,0.594447072539185,0.8536858911239025,0.02724401467691018,0.049458761018905104,0.57568359375,0.231689453125,0.115966796875,0.095458984375,5.876709772270195,5.02709087860928,0.18563293682360182,1.168044857287389,0.09655588342605796,1.8052293335355003
lens_00755,0.38265469996258616,0.0012599635245014076,28.99642027372166,0.876904786431648,0.9179660166910684,0.0012599635245014076,28.99642027372166,0.876904786431648,0.9179660166910684,0.0,0.0,0.5322326048801553,4.362451276440121,0.09732100237978591,6.795979863370661,0.33574371509189893,0.05110472351357864,0.06720933435689769,0.002189725442243596,26.59610335567926,0.6909561772511801,0.8946037022640467,0.020353464793306405,0.04213623040984127,0.55517578125,0.1484375,0.216552734375,0.101318359375,8.319517337181182,4.563743070998202,0.18528346697440268,0.8590512080608249,0.0861883336217137,1.0701282406599675
lens_00756,0.42170900001656264,0.0011170693046231928,29.519198817798944,0.6868649827576586,0.7042240559315223,0.0011088159582680079,29.551405322471823,0.6894507778495461,0.7068633366287258,0.0,-1.0,2.061963686574557,7.251051180007708,0.055725923840076796,0.30480704608632436,0.25897738953342436,0.06274658337438066,0.35081816658179976,0.005200002023553465,22.839964873617525,0.47090242555921036,0.7759705614096182,0.03488412900554522,0.06311180212193233,0.580810546875,0.2158203125,0.138427734375,0.087646484375,8.800862447804075,5.1613991510535575,0.17820085201723082,0.9865213900171411,0.07918342849234099,2.0513946349312335
lens_00757,0.398752500070259,0.0007433216119150556,31.288232399953774,0.8560989076377021,0.89721467325093,0.0007433216119150556,31.288232399953774,0.8560989076377022,0.8972146732509297,0.0,0.0,0.991702410650956,7.204239432985467,0.11451794514751612,2.6887680799688667,0.41096649492998083,0.004319392854784998,0.14479053137834985,0.0026702993418308042,25.73440051287718,0.5418647058353673,0.8458657816733777,0.024591011825240608,0.04544866861902207,0.562255859375,0.200927734375,0.160888671875,0.094482421875,8.5738862018732,5.261405797744933,0.17022898392397195,0.9664935636181059,0.05644634687222664,1.1515234227788766
lens_00758,0.40527400001883507,0.0005270140080835478,32.781778410445035,0.8654247892219372,0.8825291787576289,0.000527014008083548,32.781778410445035,0.8654247892219373,0.8825291787576288,0.0,0.0,0.5862993621902645,5.2858973565175695,0.10082070139437638,6.2082847390489775,0.24186595247481557,0.020832758751209934,0.08822364059651489,0.003549782171051349,24.497982961879806,0.551721760446855,0.8102895925324654,0.02467926350302858,0.0542283701027371,0.59716796875,0.197265625,0.1298828125,0.095458984375,7.406695834106043,5.696424981827527,0.158924514353441,1.0309430471710712,0.07918754126857877,1.518077710430844
lens_00759,0.41953840001951903,0.0006539316542761408,31.844676396295508,0.8231271043897878,0.8382584448970665,0.0006414509327292835,31.928365590239327,0.8265459144317993,0.8416363964865877,-1.0,0.0,1.992871289199641,5.9030112516262125,0.051809060969283616,5.841520039049868,0.24065126867239567,0.035619221859080064,0.1649986219562013,0.004009656837646886,23.968927944355816,0.5338079373023081,0.8075995431427844,0.029375803930239523,0.056095623546752835,0.587158203125,0.186279296875,0.153076171875,0.095947265625,8.69964753530494,6.019196276429991,0.14193961796694549,1.0920309642583985,0.07873306436881417,1.7441721166417843
lens_00760,0.4780219999374822,0.0011890729151795994,29.247915131784396,0.7820350347287929,0.827286533098343,0.0011890729151795994,29.247915131784396,0.7820350347287929,0.827286533098343,0.0,0.0,0.8658429791775404,2.878370048096219,0.0002955024329455158,8.752996646044295,0.0959574599184401,0.04904230320900138,0.19554865369295904,0.0015383443795410619,28.129464308594617,0.76597652087161,0.9290218404488818,0.018085683715701812,0.034803051936240594,0.602783203125,0.288330078125,0.048828125,0.079833984375,2.917951443718626,4.8777429546201665,0.20024905935411497,0.9720865593958574,0.11185149505643328,2.086343812212305
lens_00761,0.3706810000585392,0.001043895048850539,29.81343162249705,0.7240297737881551,0.7431590136917552,0.001032864533040664,29.859566353157025,0.7269986818789067,0.7463351673707072,0.0,1.0,1.1816098282651801,5.718158591538231,0.02022032223158765,5.524162090603028,0.20116716600986723,0.03337624219670532,0.3197820971581159,0.003198466772947773,24.95058156561359,0.6054437794969069,0.8543418502438829,0.02657095070285812,0.049924456448659074,0.572021484375,0.23388671875,0.1201171875,0.099365234375,6.017388507930373,5.825174929219269,0.15759653222914674,1.23355017808776,0.06785234512136877,2.0491883367688306
lens_00762,0.42794840002898127,0.0018818859113135075,27.25406709064383,0.8254279878910192,0.8747797462409129,0.0018818859113135075,27.25406709064383,0.8254279878910192,0.8747797462409129,0.0,0.0,0.3475654779937949,3.756096851485868,0.05160900138298252,0.533821260739245,0.23154995027551398,0.09145622947867327,0.11003778310098533,0.003525502449680644,24.527789792191278,0.6297295975831614,0.851613398457908,0.02604541306014773,0.05335858795177145,0.5771484375,0.22265625,0.128662109375,0.095947265625,6.979296891654889,4.92321901691228,0.19439294253022088,0.90117448834258,0.10697431817061194,1.4207820652904917
lens_00763,0.41171090002171695,0.0016645798263508899,27.78695373044161,0.8078371025040841,0.8528191523293883,0.00166457982635089,27.78695373044161,0.8078371025040844,0.8528191523293881,0.0,0.0,1.305691548066264,3.2056971710352826,0.014402841025768831,2.5666921669914444,0.10650846822131307,0.08675761254060166,0.1581110149514744,0.004258761857838574,23.707166441991316,0.5024955311020235,0.7905058450237166,0.031593904948391496,0.0571015501361441,0.576416015625,0.20068359375,0.14697265625,0.100341796875,6.544822070807551,4.996388569659125,0.2080297146799654,1.0828158738313352,0.1197610446225521,1.6893645228318341
lens_00764,0.4347832999192178,0.0007933978544821548,31.005089782856405,0.682740554007315,0.6665599150574949,0.0007904831046444472,31.02107408006409,0.684376404460361,0.6680895288637883,-1.0,0.0,0.35753453007558456,10.50299690609108,0.08307711445407873,7.562834050372672,0.44502314878398763,0.07324012699340099,0.15978396161319897,0.010777722171858567,19.674730158396322,0.16089651503272048,0.506232204888165,0.05123812438381109,0.09029051324191081,0.59326171875,0.21240234375,0.1171875,0.100830078125,5.688799780824928,4.875135014433249,0.18545077843398203,1.0140765273654364,0.05333507370236192,2.055569354877963
lens_00765,0.4430154000874609,0.0010551589850120971,29.76682098554482,0.9016302505055911,0.9282389813187173,0.0010551589850120971,29.76682098554482,0.9016302505055911,0.9282389813187173,0.0,0.0,1.2181923720536738,1.482192620702655,0.023818399147429448,0.32413367127651327,0.09138754211087768,0.06873579940728447,0.0955371252685579,0.00138630504361096,28.581411967223737,0.7575929608729155,0.9324340505066249,0.019333182723934007,0.03182032509849545,0.572998046875,0.2685546875,0.101806640625,0.07861328125,6.447220309109869,5.621553011873287,0.15777119636185233,1.238500944868395,0.10729961418142792,1.5498561240668196
lens_00766,0.3839821999426931,0.0022550149995068437,26.46850565013786,0.894419284902577,0.9283083519376146,0.0022550149995068437,26.46850565013786,0.894419284902577,0.9283083519376146,0.0,0.0,1.1832314997008817,2.0054791685672946,0.012481656227273374,0.3145006246649018,0.17202254294534633,0.12315951267464254,0.00576368521784798,0.003250805934147158,24.880089561405022,0.661493796805154,0.879104501669874,0.028197417631375794,0.04955513669710674,0.578125,0.20556640625,0.145751953125,0.0947265625,8.759911272925937,4.687488178106005,0.17782911304468602,1.0464212688563423,0.10812872527434436,1.0322707943571385
lens_00767,0.392480899929069,0.0009218421091108813,30.353434574863943,0.8775109827611614,0.9090018026736734,0.0009218421091108813,30.353434574863943,0.8775109827611611,0.9090018026736731,0.0,0.0,0.180128568518715,1.6675505565056081,0.007028116078057534,0.5339336621395461,0.10421542354907498,0.04667818429569093,0.006606771533671618,0.0009053530258510128,30.431820425809146,0.8505335617005907,0.957524722450062,0.013769449592109805,0.026753603192492776,0.6005859375,0.267578125,0.067138671875,0.08740234375,4.032649090486942,5.498349177392081,0.1547518644570094,1.0027782340125044,0.1298021921229251,2.09202821839298
lens_00768,0.370533199980855,0.0018789964569732387,27.260740388023066,0.7803246781067337,0.8447702752810736,0.0018789964569732383,27.260740388023073,0.7803246781067338,0.8447702752810734,0.0,0.0,0.8066674325252791,2.009371246319226,0.022330138396790655,8.883414566800496,0.09911567980276115,0.09838586396801996,0.1602081534128169,0.003843095746813896,24.153187953964526,0.6035717680514602,0.8389080464932748,0.028967855770982067,0.054808385114373484,0.587158203125,0.21728515625,0.1162109375,0.1044921875,5.930922098296259,4.302254482536576,0.19667772692584104,1.2444320521021148,0.1294293510530906,1.8958992135854345
lens_00769,0.4113870000001043,0.0014110463132920928,28.504587316197792,0.858921838963164,0.8969500140147629,0.0014110463132920928,28.504587316197792,0.858921838963164,0.8969500140147629,0.0,0.0,0.7229931645310691,1.8856172225806116,0.019297385231918707,1.7173689600943476,0.11333969009726322,0.07089068348137628,0.19321486682069244,0.0017392518080445564,27.59637536497916,0.7204340673595788,0.9107879205015168,0.019767071915649314,0.03672212787851631,0.58349609375,0.2666015625,0.0908203125,0.08203125,6.04528358377102,5.638099318888515,0.16536310725244474,1.1244254143384103,0.10160727101699675,1.5766634424520072
lens_00770,0.42278719996102154,0.0007984605712619852,30.97746524868182,0.8747310177165872,0.8990590809298584,0.0007832794693019455,31.060832566895236,0.8771164170890801,0.9010837245703719,-1.0,0.0,1.058527805323854,6.045406424402394,0.05106373709445333,1.9209580351269722,0.24763238575508606,0.026984051116956675,0.006899633991351739,0.002431819315503978,26.140686963379096,0.52862677146274,0.8415342230835908,0.02397996971849417,0.043090374421720694,0.58935546875,0.252197265625,0.093994140625,0.08642578125,5.738302158517167,4.636052452905604,0.20226229823121375,0.8558845499192076,0.07565919786250559,1.4732608081248573
lens_00771,0.37809199991170317,0.0016599984108305887,27.798923277237016,0.9281164078204291,0.9496188001824896,0.0016599984108305887,27.798923277237016,0.9281164078204291,0.9496188001824896,0.0,0.0,0.898772386067931,0.9832041813251404,0.006367652298662763,0.7191798522353565,0.1094598262867282,0.10265672253646263,0.08610988267229325,0.0016128457701120077,27.924071604422643,0.7704340440164016,0.9353387059639332,0.02069926902204481,0.034414910025525616,0.593017578125,0.175537109375,0.15478515625,0.101318359375,7.660338632965654,4.793022162860768,0.187938172862061,0.9156731014863124,0.11466409447940762,1.0517023607742233
lens_00772,0.3924422999843955,0.001045682637510925,29.80600102936264,0.8167931550948169,0.8407807941154862,0.001045682637510925,29.80600102936264,0.8167931550948169,0.8407807941154862,0.0,0.0,0.2921372216506096,6.344874971917452,0.14286288534552194,39.80687279298874,0.1740705189833373,0.0364904835695018,0.4247363570308453,0.004842182872176314,23.149588128130524,0.4418534491993589,0.7637079301980587,0.03451583540571622,0.06042218117894967,0.59228515625,0.264892578125,0.081787109375,0.07958984375,4.733353844892541,5.197690678955486,0.1429153906116219,1.0415903651833265,0.06769380880057194,1.7916559869093054
lens_00773,0.37133140000514686,0.0013861189427017467,28.581995013673122,0.9381461444659432,0.9593085628799659,0.0013861189427017465,28.581995013673122,0.9381461444659432,0.9593085628799658,0.0,0.0,0.5043948110014638,1.3569727304273087,0.08368985214326585,2.9235877493068756,0.11196416401070956,0.10268437687062781,0.03885546416511976,0.0019713851800796517,27.052285125851586,0.7389323896519441,0.920647456508794,0.022171703134608735,0.038468178540066504,0.57177734375,0.2333984375,0.12939453125,0.08837890625,7.089045218613084,4.900216065856137,0.19855394420201217,0.9971287426536598,0.12325624415709469,1.0820547553233784
lens_00774,0.39406269998289645,0.0016362761032315386,27.86143412160673,0.8565900181050894,0.8965194586932718,0.0016362761032315386,27.86143412160673,0.8565900181050893,0.8965194586932718,0.0,0.0,0.7394098123141362,3.0025564012147647,0.026847491627277842,0.9416342803768316,0.2029866111885658,0.09100909665527579,0.07199130965825579,0.0019525662183511002,27.093942287557418,0.7286458910326127,0.9118828481545938,0.020656904852887584,0.0390622388023248,0.5966796875,0.212646484375,0.124755859375,0.0859375,7.786962596155972,4.250359119159909,0.18930888334445245,1.0746729027734827,0.09933035455220271,1.2684371459961152
lens_00775,0.42408839997369796,0.0016091775101377418,27.933960457573328,0.8117759427804975,0.8590689079157469,0.0016091775101377418,27.933960457573328,0.8117759427804975,0.8590689079157469,0.0,0.0,1.2028401448327144,2.6039376046726996,0.005187111810095013,6.910181642734358,0.10592526710168518,0.06228812733744671,0.1840012861204151,0.0019934036573118806,27.004047492711685,0.6584673902518494,0.8853745541835049,0.021771324143652095,0.038979649848913625,0.60302734375,0.254150390625,0.0830078125,0.08203125,4.844875799097686,5.036133117128519,0.20488409247575623,0.987143911283185,0.11282456590698728,1.8115735553856656
lens_00776,0.4245225000195205,0.0005425304087973652,32.65575914617162,0.8040688226154875,0.7990163523205296,0.0005425304087973652,32.65575914617162,0.8040688226154876,0.7990163523205296,0.0,0.0,0.3715764140120399,7.993673523705611,0.0032302712267563427,2.0308855585245027,0.285189732880704,0.006811878844589447,0.10322962579647377,0.0037788236187579188,24.22643378839231,0.48510731039382593,0.7864039867202277,0.02715051083539239,0.05515136788997314,0.576171875,0.222900390625,0.1298828125,0.09521484375,7.507315467850667,4.61645797860002,0.18567993521008305,1.0419845743949843,0.0741708212410807,2.115332657281055
lens_00777,0.39034010004252195,0.001209019999677919,29.175665149556718,0.6923130531292617,0.713808435088369,0.0012090199996779192,29.175665149556718,0.6923130531292618,0.713808435088369,0.0,0.0,0.6982491194428191,7.526556257816077,0.024194945558499215,3.591542322622672,0.2633326881360044,0.05447185689852385,0.30054773922183975,0.006090040950381481,22.153797870937396,0.3980776493981446,0.7339023670914107,0.03908690939602137,0.0675444628689036,0.570068359375,0.19775390625,0.1552734375,0.097412109375,9.019570837179053,3.8233322672310024,0.22800173151966685,0.8751902873145634,0.09314782348879577,1.851867909951024
lens_00778,0.46339119994081557,0.0011793333450693733,29.28363421824112,0.883556786887007,0.9127235019588331,0.0011793333450693733,29.28363421824112,0.883556786887007,0.9127235019588331,0.0,0.0,1.0117909713365392,2.8917767362695823,0.0055946030309297345,10.091022582841987,0.1018274760552605,0.07054763183044532,0.07779816900560033,0.00397253214940685,24.009325793934604,0.5367178302809443,0.8180053576630137,0.02966462409771903,0.05561063051744583,0.60546875,0.224609375,0.09912109375,0.09326171875,5.589038720450987,4.246393834687668,0.1919745211358,1.2024813301668738,0.09690653135628886,1.4353065792529942
lens_00779,0.5382709000259638,0.0007792916997815848,31.08299949396969,0.8304126802710258,0.8461620845015888,0.0007792916997815848,31.08299949396969,0.8304126802710258,0.8461620845015888,0.0,0.0,0.8108512154043412,4.294263803341078,0.018937655069349302,5.8134727837597495,0.10084174483963522,0.008963892395054351,0.11123477406969406,0.0011281603364289303,29.47629173155965,0.7071809634525095,0.9197801545367256,0.015706323540789255,0.029689589711900357,0.6103515625,0.272705078125,0.052978515625,0.08642578125,3.2316528840910914,4.0501043955903615,0.2047492771233303,1.1799690297008856,0.08885767666096728,1.9814372392440087
lens_00780,0.4919129000045359,0.0010580090786830158,29.75510605642024,0.923783462533441,0.9452877970045641,0.0010580090786830158,29.75510605642024,0.9237834625334411,0.9452877970045641,0.0,0.0,0.28066388742939025,1.7923600215881024,0.00580660105826547,3.064773261011055,0.14983912369725977,0.11488453517632224,0.10572869768683107,0.0021326159477900487,26.710873474446135,0.7524914709480102,0.9150690106422344,0.020727775569352846,0.04126712090437844,0.55126953125,0.159423828125,0.20849609375,0.1005859375,9.49483939614461,4.21484907540627,0.17197672174987053,0.8740399034258884,0.12521716962656337,1.2364226086157624
lens_00781,0.4410987999290228,0.0012245696125951753,29.120165216812552,0.7989546050626939,0.8525366357344402,0.0012245696125951753,29.120165216812552,0.7989546050626939,0.8525366357344402,0.0,0.0,0.5596991347786114,5.85461936085886,0.08622255777995697,3.1097278047290615,0.4734609506598696,0.008872987348901518,0.3374003230398336,0.0026084126900216466,25.836236956011483,0.5590612591169307,0.8580273544803315,0.024589910379243185,0.04476325499293405,0.507080078125,0.131591796875,0.2841796875,0.099609375,11.735290201340968,5.0401154882746555,0.1926436237708982,1.1229776777481733,0.06513364070129074,1.00500223290801
lens_00782,0.4417331999866292,0.000971932454868115,30.12363915626548,0.9375161030680352,0.9546113790595654,0.0009719324548681151,30.12363915626548,0.9375161030680353,0.9546113790595654,0.0,0.0,0.8994449173466258,2.247424377375488,0.011755663692133544,0.8146288196646765,0.1404367696550572,0.07358435577914102,0.11363225860311071,0.001325791743059194,28.77524690066562,0.7530698372806393,0.9298823871816551,0.017705355473798957,0.03181685293371441,0.56884765625,0.215576171875,0.145751953125,0.0927734375,9.228846630531516,5.167046312992758,0.17332431043032515,1.204249180184901,0.09957983094559711,1.164101179219157
lens_00783,0.4764556000009179,0.001989066609277675,27.0135067310615,0.6099851217197262,0.6671143021938414,0.00195321699335887,27.092495059269876,0.616939525273849,0.6745692669177334,0.0,-2.0,2.7618884026920094,9.435326832544895,0.06422396878568482,5.434172496010888,0.47106364502265025,0.06039779704406334,0.6460561665283967,0.012669894562937118,18.972269992385105,0.16334346292187452,0.5228620683758949,0.05764839957565871,0.09667759093658836,0.57958984375,0.223876953125,0.13330078125,0.08251953125,8.137556496331559,4.694436159320275,0.2197608606371689,0.9079685956230119,0.05276694812092075,1.1310307920620903
lens_00784,0.4274139000335708,0.0005256103148189477,32.7933612056967,0.8999442895274603,0.9184956511614052,0.0005256103148189477,32.7933612056967,0.8999442895274603,0.9184956511614052,0.0,0.0,0.4253623557531829,3.2118633071140064,0.06436224865744966,1.3995436129633276,0.18681118635977992,0.07177347441228543,0.07688788857078432,0.00223907199039978,26.499319428074127,0.6873435481091594,0.8881844732166682,0.020076142757446108,0.04284880957952536,0.54443359375,0.143310546875,0.236083984375,0.096435546875,11.24646886222883,5.786300581726549,0.19110611020118576,1.1669927842792196,0.11488248934835782,1.6500090361577926
lens_00785,0.4441556000383571,0.0011140358054968114,29.531008505628368,0.8319071973570217,0.8722081920438709,0.0011140358054968114,29.531008505628368,0.8319071973570216,0.8722081920438708,0.0,0.0,0.523903175764014,2.4858859425334323,0.025241458149333873,0.7001115081368994,0.14176789655881436,0.05505067199963576,0.19729320531392014,0.0006063965844039332,32.17243253580986,0.8699067036663699,0.9665788192216496,0.011645159580933494,0.021697622974384222,0.577880859375,0.254150390625,0.107421875,0.081298828125,6.291736867635542,6.338337961045424,0.16211293298096421,1.1977368922160934,0.10900495775827293,2.112693914160071
lens_00786,0.41412029997445643,0.000981391371302786,30.081577647900538,0.9012490997213132,0.9273292749686775,0.000981391371302786,30.081577647900538,0.9012490997213132,0.9273292749686775,0.0,0.0,0.4495051382568575,3.1923415939182025,0.024482814298964595,1.7644434919535712,0.23206901112460399,0.0576712995783395,0.15240523331195066,0.0012350105747924195,29.083293237368395,0.7206030949860212,0.9215240945584456,0.01718063347557803,0.03065675142884952,0.51611328125,0.154052734375,0.24658203125,0.103515625,10.482235426904175,4.806717563429099,0.19413293768902157,1.1014246593257953,0.09955481457052218,1.2864741398752535
lens_00787,0.39788979990407825,0.0007584757560955076,31.20058296435871,0.897475925188471,0.9213236395020976,0.0007584757560955076,31.20058296435871,0.897475925188471,0.9213236395020976,0.0,0.0,0.5414193667167576,1.232085869629337,0.013285579284511573,1.1091394755440263,0.08199548103220439,0.03720662719489576,0.01430087661609572,0.0005633547124027715,32.49218068504145,0.8909905081208805,0.9708759564825231,0.010599378111995853,0.021236946485823114,0.613525390625,0.282470703125,0.043701171875,0.079833984375,2.7798371798036263,5.0511974018802555,0.1672684988980473,0.8872053755027647,0.1296211817102832,2.014546696713014
lens_00788,0.41062500001862645,0.0023578209244761303,26.274891824746625,0.910084227811833,0.9408824289385098,0.0023578209244761303,26.274891824746625,0.9100842278118332,0.9408824289385095,0.0,0.0,0.5407481377624224,1.1853376384449916,0.03451408736638395,2.438060174887738,0.07097428765376163,0.08630519923508095,0.02087331089521538,0.002979168359326095,25.259049531594965,0.6766259777037994,0.8848910904215541,0.02680674577462822,0.04754541765828277,0.5859375,0.21875,0.1201171875,0.099609375,6.023947306561633,4.630461416517179,0.1761462828780002,1.084823483349902,0.10758995132740304,1.0286242539889936
lens_00789,0.42540029995143414,0.0008699001690370054,30.605305847653543,0.8145447388326558,0.844799246554199,0.0008699001690370057,30.60530584765354,0.8145447388326558,0.8447992465541991,0.0,0.0,0.11007888868769053,6.580825310819908,0.07885649720809851,18.272703243154666,0.33296744244214677,0.026630328735512854,0.04107531635936168,0.0027979044715361247,25.531671176472535,0.5784118538424323,0.8639573623145841,0.02536472451069624,0.046416971271643834,0.60107421875,0.260498046875,0.078369140625,0.082275390625,4.752910398574934,5.149268689227479,0.16807557752033261,1.0878961142956138,0.05362160868674448,1.259493421699925
lens_00790,0.3669777000322938,0.002128987339589883,26.718269211650597,0.7658972166916971,0.8213454106059608,0.002128987339589883,26.718269211650597,0.7658972166916971,0.8213454106059608,0.0,0.0,0.9240273012791053,4.27478868153379,0.0701922227809586,8.63748387444258,0.14796823167051226,0.07813357624173001,0.15317280202427475,0.004773393029271426,23.21172805437548,0.49814334025906765,0.7924111406859122,0.035035809594301526,0.05954733474592524,0.594482421875,0.228271484375,0.10986328125,0.08837890625,6.610859423415583,5.181137186045899,0.1774583499722588,1.048527651813027,0.09335259692157534,1.5815294630241772
lens_00791,0.4062384000280872,0.0004411791143939859,33.55385055429808,0.8619073781909969,0.8642670555117485,0.0004411791143939859,33.55385055429808,0.8619073781909969,0.8642670555117485,0.0,0.0,0.6115639565884392,4.7711841846229035,0.03791963298099277,0.9430577530796995,0.21520376521892798,0.011744469335388308,0.03385978035207848,0.0008444255336835159,30.734386429979725,0.8338897793801159,0.9528268618975272,0.012854153772564339,0.026061394139124366,0.540283203125,0.14892578125,0.23193359375,0.09912109375,9.377416192997263,5.138798702175536,0.16614983748340234,0.9033220583357314,0.10551690053533577,1.8692221530299764
lens_00792,0.3771421000128612,0.0005510813375972246,32.58784296134356,0.7170162649380651,0.6354044628146425,0.0005402601573862483,32.6739705923356,0.7223642567860402,0.6445519178429692,2.0,-1.0,2.7168617637479113,8.31937911077269,0.20735196207388695,1.1701414541924606,0.37844510448791796,0.025150033736223154,0.5266147940406132,0.007059236062727929,21.5124229493872,0.3443399844504474,0.6987637326405268,0.04275414357954909,0.07232785956674806,0.548828125,0.151611328125,0.22119140625,0.102294921875,8.644781920733397,4.643310629665125,0.20009057519337087,0.9455986997820133,0.06615650229685263,1.6245224603116788
lens_00793,0.408021799987182,0.00096840703782679,30.1394206301569,0.7893819178661082,0.8113611849901854,0.00096840703782679,30.1394206301569,0.7893819178661082,0.8113611849901854,0.0,0.0,0.2788754819982595,5.181596014164844,0.10832604354469666,7.197974062915989,0.16728949497943568,0.020599914543161457,0.06871456471900916,0.0024431110481798156,26.12056792332481,0.6100761852664759,0.8655271318918888,0.024005005777070675,0.043207299682144214,0.582763671875,0.203857421875,0.13134765625,0.10595703125,6.176952557663113,5.181630941725703,0.17115504028624876,1.0416705560509922,0.08380199454840716,1.7727755607016173
lens_00794,0.3818607999710366,0.0014626306038256084,28.34865343715316,0.9246480209863777,0.9504523317893,0.0014626306038256084,28.34865343715316,0.9246480209863777,0.9504523317893,0.0,0.0,0.8767466588412557,1.4775971413069993,0.04766224245014583,2.3088615918315867,0.08703842508508995,0.08607376231776587,0.07492898944363102,0.0038273325322718417,24.171038030859773,0.597876842270113,0.8386261443328283,0.0281715400500199,0.05507900565081006,0.6005859375,0.248046875,0.079833984375,0.093994140625,4.780709267960782,5.306447063646378,0.16836265190368813,1.1488075291257736,0.10315462860272795,1.158897009279258
lens_00795,0.4241110000293702,0.0016741558290152823,27.76204120696545,0.8686392993077441,0.9030072120429667,0.0016741558290152823,27.76204120696545,0.8686392993077441,0.9030072120429667,0.0,0.0,0.815097330607441,5.587410330121333,0.12940400152621845,19.0673532487842,0.19481677876130826,0.0890127385881806,0.21950721890131114,0.005957781179156251,22.249154518477546,0.4540698440574316,0.7600444382866534,0.036955682530547866,0.06776473055991303,0.582763671875,0.220458984375,0.1181640625,0.09765625,6.106317061491616,4.613181831483231,0.16754489390631436,0.9531714115902765,0.08488497793434853,1.235911536918687
lens_00796,0.416840200079605,0.0023093935595606993,26.365020496810057,0.9147295454573177,0.946408666489534,0.002309393559560699,26.365020496810057,0.9147295454573179,0.946408666489534,0.0,0.0,1.1063217817634496,1.543161492704325,0.013363840639114,63.40645988202152,0.06916130977345322,0.05980894166944006,0.09448966502996348,0.002924437918411186,25.33957593646744,0.674079963796577,0.8789041100051604,0.023411712447919515,0.048747611620130846,0.5927734375,0.30078125,0.0478515625,0.07763671875,2.8749932881709865,4.240145377742058,0.22103063847017457,0.881390451915567,0.11786500653210472,1.1009941324809984
lens_00797,0.4190004999982193,0.0004899475872321439,33.098503766926,0.8341484618238109,0.8410613874677532,0.0004899475872321439,33.098503766926,0.8341484618238109,0.841061387467753,0.0,0.0,0.6674730347552498,5.360052123452359,0.11218889903051132,2.7709235416917295,0.22570257725694232,0.03407543397022472,0.15329672999200963,0.0015802962118394792,28.012615009505623,0.778496349929067,0.9264298127260121,0.017883943621703514,0.035502968500890304,0.560546875,0.165771484375,0.191162109375,0.10498046875,7.78526783867963,4.309275201633766,0.1703578525736417,0.8739368899861831,0.1228593144975646,1.97936492428944
lens_00798,0.3986478999722749,0.0007313227827638899,31.3589089686904,0.8669076701921572,0.8917951472623686,0.0007313227827638899,31.3589089686904,0.8669076701921571,0.8917951472623685,0.0,0.0,0.43437954086602465,4.332598661530033,0.0007437935037126753,0.9900549193953054,0.2178496423192964,0.057352622412433996,0.1805762899243617,0.0018017610999772956,27.443027937341565,0.7194901194612716,0.9083901161399286,0.018893642422111986,0.038010411415856385,0.552978515625,0.19677734375,0.17529296875,0.09423828125,10.265537259689609,4.782963528271699,0.18525366839686483,1.0692275410661491,0.10267870596737969,1.5765906787617396
lens_00799,0.43397200002800673,0.0017436898724560064,27.585307548723854,0.623590410693173,0.6856442449165422,0.001733938742859226,27.609662494827273,0.6262192184447847,0.6878017976475508,1.0,0.0,0.7913790160169458,10.127371012835994,0.17005648553823438,21.708727252996823,0.5351464043613233,0.08497356020853919,0.5081455857880199,0.013796003801261586,18.6024669464194,0.15041644282541924,0.5046189808317662,0.06034310204708286,0.10077060006071675,0.576171875,0.231201171875,0.125244140625,0.0908203125,7.028187712569743,4.763084015069557,0.20474652553571446,0.9745932331792273,0.05178518561756418,1.2036598817267363
lens_00800,0.5008778999326751,0.0009269425091692872,30.329472008337163,0.7439207861461674,0.7786996685380867,0.0009269425091692871,30.329472008337163,0.7439207861461676,0.7786996685380867,0.0,0.0,0.9607992708681561,8.474904729792497,0.14988528028943104,8.23180112209495,0.4658957698580712,0.02757798559901048,0.09908086677148831,0.005268770153325768,22.78290746828538,0.4494300694018321,0.768063638608797,0.034017805702747275,0.064121439850458,0.54541015625,0.17236328125,0.20263671875,0.102783203125,8.252953188383145,4.6730923495569705,0.17668282239511174,1.1891601386604274,0.06037225527456797,1.3745040140576674
lens_00801,0.42214100004639477,0.0007639717286363722,31.169227125295418,0.6974372153803029,0.6985933565700446,0.0007639717286363722,31.169227125295418,0.6974372153803027,0.6985933565700445,0.0,0.0,2.5743426378316014,10.030963487573487,0.08774583594725394,2.604338891434935,0.6051820093725094,0.04600427901823745,0.37878066357332096,0.009818607046088942,20.079501206760856,0.17415399234137074,0.5226684361220856,0.04779109153671923,0.08680218093929361,0.495849609375,0.127197265625,0.297607421875,0.099609375,12.832335934575042,5.313898241712705,0.18910802849173527,0.9786196209725895,0.05292336357560325,1.5137771846070442
lens_00802,0.375320199993439,0.0008895913415983125,30.50809452734111,0.7156919294485519,0.7401471024339432,0.0008724341337967451,30.592673510832803,0.7204383209811713,0.7460152810713202,0.0,-1.0,0.4799820454783528,10.088001188238586,0.11922668768795763,9.357515474634283,0.4680433328111026,0.11913271709949957,0.2016718677585616,0.014062684706717057,18.51931760254345,0.15426138009377158,0.4983315035864849,0.05914655180317651,0.10278312174920168,0.586181640625,0.228759765625,0.1142578125,0.09130859375,5.874789740259775,4.793015364593903,0.20253342084924478,0.9865289875778883,0.056317592079932616,1.7021559283298986
lens_00803,0.4113056999631226,0.0023700474187367017,26.252429647537472,0.8991091174429378,0.9404195320354196,0.0023700474187367017,26.252429647537472,0.8991091174429378,0.9404195320354196,0.0,0.0,1.2679019731595762,0.7078709158191643,0.009966830212523647,1.8472114352370426,0.07451004277787333,0.08081590906384406,0.1674531126477421,0.001587433987732157,27.993043254751917,0.8015120730307199,0.9341519867983109,0.019139683895745233,0.03494433413449321,0.577880859375,0.212646484375,0.137451171875,0.094970703125,8.019012496540439,6.055411850828648,0.17231059010273214,1.2282491167945961,0.12825530712157213,1.2866949227824716
lens_00804,0.38613310002256185,0.0007148755772043562,31.45769539787372,0.8593641361804835,0.876086912358448,0.0007148755772043562,31.45769539787372,0.8593641361804835,0.876086912358448,0.0,0.0,1.0820265934198376,5.149729779425279,0.03248070137290893,6.332636048985137,0.21861933369124742,0.0055585414334121674,0.15639626433006248,0.0018600497338885223,27.304754434892942,0.6613291043874632,0.8839831623519073,0.018091457843815512,0.03915033699694,0.560302734375,0.183349609375,0.1787109375,0.098388671875,9.842018917179232,4.706374146525357,0.17793633584491395,1.1514576482906596,0.0768103066864232,1.7326005283227977
lens_00805,0.571094400016591,0.0010213550470432782,29.90823260687129,0.8608624291261264,0.8960607356878582,0.0010213550470432782,29.90823260687129,0.8608624291261265,0.8960607356878582,0.0,0.0,0.22902103270386562,2.2775012664783016,0.009824028495594384,8.024412270607826,0.129514880092252,0.03664048854653279,0.07598575534051022,0.0006528334775269938,31.851975829115947,0.8910845603837969,0.969137840979982,0.011114314723213281,0.023006640036310345,0.620361328125,0.28857421875,0.031494140625,0.082275390625,2.3952071499336713,5.2130195361506955,0.15615740887139468,0.9160535854349278,0.11688764772692081,2.093959173349104
lens_00806,0.3896365000400692,0.0009283141887519513,30.32305011552951,0.8129508002083451,0.8469543162328533,0.0009283141887519512,30.323050115529515,0.8129508002083452,0.8469543162328534,0.0,0.0,0.28681433011054575,5.851249296205145,0.12478858678687987,2.41239120502118,0.3268152959620573,0.06031595333103412,0.09256424982190081,0.003716749876458137,24.298366643358186,0.5237785085756118,0.7968046347097929,0.02624835821611273,0.05502520847226992,0.547119140625,0.168212890625,0.207763671875,0.09765625,8.553394532455062,5.07445190350827,0.1792677558303638,1.0124278060368437,0.0838171693538455,1.7881268436093571
lens_00807,0.38854559999890625,0.0012664070646679747,28.974266754216323,0.7929992155424603,0.8645457487854191,0.0012664070646679747,28.974266754216323,0.7929992155424602,0.864545748785419,0.0,0.0,1.6456170835279,10.020195924131945,0.018752937938947833,9.699048219450049,0.5388084626105378,0.11539160313734742,0.2775934113095022,0.008341626684651653,20.7874925016792,0.20609674326886554,0.5675726929895412,0.043266798386534175,0.0804338911282468,0.593994140625,0.261474609375,0.084716796875,0.08447265625,4.910147602188724,4.90320614657988,0.21619783834882642,0.8932089425083403,0.057681720083807814,1.028934664905088
lens_00808,0.4863150999881327,0.0006223607881038421,32.059577779184124,0.8553630638005374,0.8760069401722292,0.0006223607881038421,32.059577779184124,0.8553630638005374,0.8760069401722292,0.0,0.0,1.0656228851490508,6.09575613385611,0.018669584189843103,7.577326813267703,0.2718478770141898,0.041110366150383326,0.04946042632850722,0.0026532735321407475,25.76217975281225,0.6148336911201957,0.8672881415423466,0.02446638522753216,0.045328462648083975,0.5712890625,0.15380859375,0.1923828125,0.10302734375,8.987192240533314,4.9238057639892165,0.17135497708751876,0.8819754788770018,0.08910656551992079,1.4815869465377196
lens_00809,0.4381006999174133,0.0011857277399181273,29.26015019761875,0.6902052887789945,0.7076119413721534,0.0011857277399181278,29.26015019761875,0.6902052887789946,0.7076119413721536,0.0,0.0,1.2432599393684318,7.088986496663122,0.004182810190177522,7.85960603435791,0.2281678370404958,0.033119775070621804,0.3182147874053718,0.004714881557031242,23.26529212740831,0.43225305661913105,0.7459167617947042,0.03184887660715302,0.06083198678239585,0.57373046875,0.201171875,0.153076171875,0.097412109375,7.8020681727431995,4.6158426029987965,0.22896143222678914,1.063038161742901,0.07813327471106489,1.8784394793306691
lens_00810,0.4176001000450924,0.0012657456375264246,28.976535607623468,0.8414020520704606,0.8810770743395526,0.0012657456375264246,28.976535607623468,0.8414020520704606,0.8810770743395526,0.0,0.0,0.49416932284237236,2.7993441693140415,0.026672394260702448,3.834912713800094,0.17942311357369686,0.08421352874796562,0.135161301097648,0.001387695594206679,28.577057905491536,0.7896265976409752,0.9398334538401175,0.018912449585869504,0.03209384434542897,0.568115234375,0.22021484375,0.134765625,0.101318359375,7.166014551721476,5.397833957197051,0.17878609482638708,0.9648770041091392,0.1075388628908486,1.3576265337589506
lens_00811,0.4701266000047326,0.0018502102909844168,27.327789078003136,0.9095614179500364,0.9476578834137559,0.0018502102909844166,27.327789078003136,0.9095614179500364,0.9476578834137559,0.0,0.0,0.6578830711984769,0.7421785003157737,0.017482368974020446,3.949252004248251,0.03191924270276128,0.03412730083147464,0.06576517891755373,0.0013681373946891856,28.638702865639296,0.8499094400152023,0.9520644603638555,0.016784289484485963,0.03296096207925612,0.614013671875,0.271240234375,0.05078125,0.083984375,3.039817999490479,5.698867147786655,0.15299680555781178,1.0566493307527554,0.12957413279894398,1.5286637417364075
lens_00812,0.4269215000094846,0.0012815870336485755,28.922518951763173,0.8840419490949387,0.91360113310475,0.0012815870336485755,28.922518951763173,0.8840419490949387,0.91360113310475,0.0,0.0,0.3611460485483514,2.1136385040357535,0.007693264803778299,1.2388251188336312,0.13130496720086005,0.07682021388215099,0.11382574773165155,0.0011776561678540406,29.289814890057745,0.7788564500274502,0.9379229683886983,0.017149093583521492,0.029724817192333795,0.571044921875,0.221923828125,0.130859375,0.096923828125,6.666211947549822,4.54372131973313,0.19679160416573077,0.8719622777356519,0.12894122252695067,1.5863489350910556
lens_00813,0.37989720003679395,0.000890253736482492,30.504861948732284,0.9023625108134355,0.9320722137808684,0.000890253736482492,30.504861948732284,0.9023625108134355,0.9320722137808684,0.0,0.0,0.2171568744112567,1.018529266846695,0.03506355399656569,0.16931021124688073,0.11327324857626943,0.0636849694710705,0.05354433149597093,0.0007368266152109665,31.32634695201959,0.8897358629112683,0.9674732292008252,0.011952481383861714,0.024371393148103077,0.580078125,0.26904296875,0.092529296875,0.07958984375,5.990993905034408,5.727978484067075,0.1414807450316736,1.0933653383881945,0.11838722900888494,1.6425180214445676
lens_00814,0.41025650000665337,0.0012098636910029628,29.172635566090868,0.7857485946717596,0.822137124535811,0.001209863691002963,29.172635566090868,0.7857485946717598,0.8221371245358112,0.0,0.0,1.401606881413856,3.3910804940101684,0.04942541730699901,2.096268714947513,0.16823196325081102,0.08985976138576934,0.28259208457462404,0.001825220797529854,27.386845912904608,0.7084624479585387,0.9073214274934981,0.021891410872296933,0.036687694497612326,0.552978515625,0.1572265625,0.21044921875,0.1044921875,9.72168239577713,4.344537729753735,0.22661361335166105,0.8601644465254444,0.12365555857845768,1.5845872371333685
lens_00815,0.4177704999456182,0.0009595038346451542,30.1795328527254,0.8182780334049068,0.8765833287984535,0.0009595038346451544,30.1795328527254,0.8182780334049069,0.8765833287984537,0.0,0.0,0.5736903838178218,7.055844231680012,0.13137390450518394,5.38923675877318,0.4859891764405015,0.05468064107721349,0.07854503179139583,0.003966984104119176,24.015395397595675,0.5160890453221824,0.7978923520225387,0.026886656052466616,0.05695692960856946,0.546630859375,0.158447265625,0.216064453125,0.104736328125,10.636111795728375,4.070835447063452,0.2008003561827347,0.9210301619114343,0.08332730300152484,1.2254576953558052
lens_00816,0.44576369994319975,0.0006117908170766587,32.13397046022254,0.8186698154532152,0.8187682574007557,0.0006117908170766587,32.13397046022254,0.8186698154532149,0.8187682574007558,0.0,0.0,1.0547066231533666,7.292520987500266,0.013682428085961651,7.336691459295281,0.20488583819743353,0.013595609733830782,0.11855825115803198,0.0017986027588210863,27.450647447711884,0.6113025918168216,0.8869380143229781,0.020702684475086677,0.03701353285416148,0.60888671875,0.295166015625,0.0390625,0.0751953125,2.568939821350133,4.564443136467919,0.19922321954657973,0.886131794602585,0.06938680150444695,2.028966718442732
lens_00817,0.38031659997068346,0.0008165408888564103,30.880220627826887,0.9149874549747309,0.9369101551875695,0.0008165408888564104,30.880220627826887,0.9149874549747309,0.9369101551875694,0.0,0.0,0.4537187360311816,1.040329581439103,0.0022423691778556964,5.347165489381865,0.04485427398985707,0.04796183343364291,0.04414124505204403,0.0013279782905455137,28.768090246467317,0.7313431569366127,0.922511836222125,0.018353363314949224,0.031482254455089294,0.600830078125,0.251708984375,0.081298828125,0.090576171875,4.477059615061643,4.658112411082512,0.17038710193817397,1.2330226536096927,0.10913676523565538,1.5895108212682003
lens_00818,0.4992020999779925,0.0008034384321703138,30.950473977969196,0.7229745272907195,0.751628597174935,0.0007869769568555384,31.040379838505885,0.7275671038110129,0.7575350052281415,1.0,0.0,0.4698869938989077,11.043760669325795,0.04573110864306695,1.6313740274446502,0.5619156561549613,0.08325698361650802,0.13966828255008124,0.005319124559424453,22.741598395652403,0.32704521393431957,0.683917331732239,0.03398569429785167,0.06452981591882488,0.578857421875,0.25634765625,0.100341796875,0.082275390625,5.913794822095552,4.406063509688398,0.19383142663655395,0.9018155068623881,0.053660544757742415,1.981633100101775
lens_00819,0.3896659000311047,0.0005905721123522353,32.28727064884474,0.7582613707411829,0.7423742795684067,0.0005818872671665512,32.35161145916757,0.7624009001692088,0.7468070194091817,-1.0,1.0,2.5273891606965275,9.978602183871615,0.08182989029472276,7.002019851155609,0.38230931139442925,0.04596529052075837,0.17542806307043868,0.005317977008178967,22.742535446356268,0.3874500740086167,0.7314194547516203,0.03368299060440552,0.06467946468642499,0.583251953125,0.243896484375,0.106689453125,0.088134765625,5.918345519351245,4.390496635486989,0.20405617859253142,1.007312578078054,0.053688222586976884,2.0135054019120453
lens_00820,0.45568579994142056,0.0003266013852923421,34.85981977518689,0.8023957198073085,0.7445674027686827,0.00032660138529234223,34.85981977518689,0.8023957198073084,0.7445674027686829,0.0,0.0,0.8291519622978003,9.832632100449842,0.02513629532475581,5.487490406260136,0.42783229705362225,0.029426884442296686,0.23152037214655383,0.003628116636149382,24.40318759753662,0.493750009744893,0.7788912010790621,0.0253062051933318,0.054659972693575046,0.57568359375,0.22705078125,0.130615234375,0.0869140625,7.739790663629369,4.424301726524885,0.1733065417738888,0.8748045742610645,0.07786837397876802,2.156222357635283
lens_00821,0.40955639991443604,0.00285827768689521,25.43895580993633,0.8940210706110813,0.9367923942456096,0.0028582776868952106,25.43895580993633,0.8940210706110814,0.9367923942456096,0.0,0.0,0.45205307682100415,1.3266078194099933,0.04497211806501544,6.1408104467771665,0.06826169589388861,0.07705442066800261,0.04418482067935192,0.0037577053752446913,24.250772739751092,0.6371537548628375,0.8620489523474276,0.029547909395707075,0.05370871833871832,0.602783203125,0.283447265625,0.05078125,0.082763671875,3.0291174475224927,4.6613598457381045,0.21293870289190878,0.8714860402187808,0.12367762133538375,1.0677980612419737
lens_00822,0.4234637999907136,0.0008961800107776601,30.476047472180838,0.9327485716128813,0.9528415915156021,0.0008961800107776601,30.476047472180838,0.9327485716128813,0.9528415915156021,0.0,0.0,0.2705367137376532,0.8454923728551211,0.047297704293077336,5.424181460839918,0.07898712699607008,0.0842851684939534,0.02600968682499233,0.0014592928722277673,28.358575387932422,0.7686572450429221,0.9315114510859275,0.019020925506496235,0.03312849626988959,0.570068359375,0.2119140625,0.14111328125,0.099365234375,6.998521433207621,4.807041151228246,0.1815681058978611,1.0567548024150968,0.12921464364142118,1.3632504923064714
lens_00823,0.3996996000641957,0.0016299769546281409,27.878185358098975,0.8394087902815687,0.8838300259611981,0.0016299769546281409,27.878185358098975,0.8394087902815687,0.8838300259611981,0.0,0.0,1.1814705257691402,3.1101010887399436,0.015482259743772153,4.849473259143281,0.15215854800264456,0.10499098220752201,0.15439819316585535,0.003667779871448683,24.355967372015566,0.5977676919603637,0.8480110666726048,0.029784904281941194,0.052731767923750526,0.585693359375,0.192626953125,0.1484375,0.101806640625,8.973652427853043,5.071860179012587,0.18858076752108063,1.2164584811320847,0.12360273412640146,1.54975884402901
lens_00824,0.3974794999230653,0.0005366614994691996,32.70299560233434,0.8831518430215091,0.8954389064250277,0.0005366614994691995,32.70299560233434,0.8831518430215092,0.8954389064250278,0.0,0.0,0.1537946087238787,3.712740694854462,0.042245174765616955,25.564399156068987,0.08658170666010581,0.017598524788768555,0.021086703342455992,0.0007515604568334689,31.24036078266563,0.8372015605831351,0.9583675664469947,0.012455982379537323,0.024421485618080746,0.616455078125,0.279541015625,0.042236328125,0.082275390625,2.738571346285693,5.167818931919027,0.15592470351843443,0.9633321738981745,0.08572721511475423,1.8153784102998247
lens_00825,0.38531290006358176,0.0013109748786849272,28.8240563031834,0.7545296637994463,0.8106255262778841,0.001310974878684927,28.8240563031834,0.7545296637994461,0.8106255262778842,0.0,0.0,2.983909547947772,10.223633056567436,0.2514880964485203,17.711545108597463,0.45638480005429577,0.10796773792914482,0.0740688092398265,0.008883551596722956,20.514133708781333,0.2559164909757823,0.6228300719028929,0.04558361220605241,0.08249658111080231,0.57470703125,0.237548828125,0.12060546875,0.09033203125,6.871595661316619,5.089698632143648,0.17264843845680006,1.065392456590327,0.055394426472802794,1.3209821865874476
lens_00826,0.38148199999704957,0.0023050189689466207,26.373254962721866,0.8518471110801793,0.8902603719715945,0.0023050189689466207,26.373254962721866,0.8518471110801793,0.8902603719715945,0.0,0.0,0.5895464010626933,4.8952987181025005,0.0031365021043923136,0.1450857909652541,0.19542012976158737,0.07258476691148119,0.24748959082045385,0.0069580404406372354,21.575130514299712,0.4057022978158431,0.7429154944729065,0.04206296457202901,0.07203296087243302,0.5908203125,0.278076171875,0.0712890625,0.0791015625,4.292926983356388,4.984477850521185,0.15791240297794465,1.213770017393703,0.06611142852297822,1.102732170173674
lens_00827,0.36863089993130416,0.0017095612141692514,27.671153438291,0.9072576845484146,0.9339362058437056,0.0017095612141692514,27.671153438291,0.9072576845484148,0.9339362058437053,0.0,0.0,0.8641131332463287,0.8285686196204551,0.016677239352152595,2.3706126721966143,0.1036711873978008,0.13509722540879943,0.0927073138464124,0.0033419530693983937,24.759996531393416,0.6502950136248037,0.8766302422922265,0.0288484420816858,0.050097110284506564,0.52587890625,0.140625,0.253173828125,0.100830078125,9.295688979514052,4.855396342586106,0.19617587079127433,1.046939974088919,0.11966741146910674,1.1936272220243842
lens_00828,0.36485339992213994,0.001885131008698005,27.246584627645277,0.6782339387736387,0.7341963085393088,0.0018851310086980045,27.246584627645277,0.6782339387736386,0.7341963085393088,0.0,0.0,0.636128948335863,7.522128414167,0.15399118982384896,0.5416069981203009,0.3946132602543131,0.10902083320362976,0.12027708575215468,0.018700133662408344,17.28155289258211,0.15333035906376116,0.4960945625854409,0.07037117167354084,0.11725200151682438,0.509765625,0.11279296875,0.296875,0.101318359375,11.350252553252595,4.70278483655303,0.1964082556161341,1.1808502760079835,0.07333250902353239,1.1696877725789225
lens_00829,0.3572440999560058,0.0008610158168270188,30.6498887050035,0.8289847136081507,0.8774177667385661,0.0008610158168270188,30.6498887050035,0.8289847136081507,0.8774177667385661,0.0,0.0,1.1676469062015291,6.587567310977034,0.08830991862350723,2.3188349086453997,0.45393162766417133,0.013802101602634176,0.34187918745089796,0.0032443045060546478,24.888783902522313,0.5344429211561004,0.8301155022312798,0.025958287643707584,0.050699820597919144,0.506103515625,0.138427734375,0.27685546875,0.09814453125,11.953285890188695,4.93599622927736,0.18786951351521833,0.9603141475001573,0.07096831781516055,1.1511312166270984
lens_00830,0.4249087000498548,0.0012912707735814224,28.889826786152387,0.8188823606767262,0.8625664545984374,0.0012912707735814226,28.889826786152387,0.8188823606767259,0.8625664545984375,0.0,0.0,0.9341976245819116,8.067815319229235,0.03680543059805397,69.11159182987706,0.3500790652809582,0.023412247836636424,0.07236176249637072,0.005040879506046854,22.97493683534747,0.3638106246913535,0.7364123162738164,0.03601793679859163,0.06118486524312619,0.599853515625,0.297119140625,0.04345703125,0.08056640625,2.7581558702866524,4.422206845915368,0.1843351865364399,0.9467273677543829,0.051176279520630426,1.1962186835074322
lens_00831,0.4230820999946445,0.001330198028881199,28.76083700049194,0.8610513364387177,0.8952412203630257,0.001330198028881199,28.76083700049194,0.8610513364387177,0.8952412203630257,0.0,0.0,0.4968671964755917,3.24130450187171,0.01800676585168226,2.5261978206436453,0.24475485356636836,0.1029829295737571,0.1824031814123445,0.002599641362793746,25.850865616071935,0.6745490110383044,0.8831032912623547,0.02478371096066105,0.04455792896681976,0.47998046875,0.08984375,0.3525390625,0.1015625,14.275869981994362,5.352822356694566,0.15531806696094766,1.1768048704235985,0.09919072687452561,1.2414905329080568
lens_00832,0.39007039996795356,0.0008109728087676369,30.90993707071387,0.7479868748942968,0.7707727606633029,0.0008109728087676368,30.90993707071387,0.7479868748942967,0.770772760663303,0.0,0.0,1.0747474321314516,8.187131529556586,0.06346584562034374,4.906250549163502,0.4194275040078333,0.03451413797663383,0.27870680174506324,0.005352170947801742,22.714700236966344,0.40692445972670516,0.7467016892002558,0.0345192377994965,0.064502660174163,0.580810546875,0.219482421875,0.133056640625,0.087890625,8.181665593414328,4.382243042616195,0.2059840069984216,1.0950672042468068,0.06827203269644389,1.5832124255943865
lens_00833,0.4127392000518739,0.0003158453074106624,35.005255711387576,0.8336341296885343,0.8367827381897807,0.00030833602583835385,35.10975729542898,0.8370892209025069,0.8410309299214702,0.0,-1.0,0.07258472347126797,9.366634836163563,0.135370272647392,1.874561402495715,0.5503560041256539,0.05037754603274547,0.15408743109785417,0.004217261660084936,23.74969452339268,0.3658161801667169,0.7244368123305157,0.029509603514126834,0.05784846549843798,0.51806640625,0.1435546875,0.259521484375,0.103271484375,10.255109903291038,5.158816586258672,0.21432584515627445,1.123991645886726,0.056152362624748604,1.5564294200546664
lens_00834,0.3880498999496922,0.00070930519290633,31.49166860619101,0.8344899542973222,0.8521869636711948,0.00070930519290633,31.49166860619101,0.8344899542973222,0.8521869636711948,0.0,0.0,0.8809793412542435,5.792561506383528,0.00797755860453242,4.103728373757477,0.18491171250090435,0.04208222839234044,0.04743582393720591,0.003330085651518354,24.775445960722365,0.578466569105307,0.838343731214193,0.027566570086712018,0.05069684275349648,0.56201171875,0.214599609375,0.150146484375,0.0947265625,8.030344544914001,5.411371112571164,0.14547580027305454,1.1677786269324448,0.08151168264705996,1.890971813681754
lens_00835,0.3931786000030115,0.0011639479055524013,29.34066456831678,0.6655127337578701,0.6887529644394105,0.0011567646119557524,29.367550058962102,0.6681466353668737,0.6911038279041483,-1.0,0.0,0.8200874993907405,8.520818571204131,0.12439854398343486,22.77916768268568,0.3795746143205813,0.07159349868787857,0.1152539535190289,0.00498587488941072,23.02258623449626,0.47099142515212694,0.7749603943133005,0.03368462103334863,0.06205820812149193,0.58447265625,0.180419921875,0.154052734375,0.1015625,7.670815881599299,4.598774177488889,0.18784548199363124,0.8926036457355485,0.07350386527680414,2.192105230062599
lens_00836,0.39494100003503263,0.0015808355651687556,28.011133020183458,0.7662954623035793,0.8310662187319916,0.0015808355651687556,28.011133020183458,0.7662954623035793,0.8310662187319916,0.0,0.0,0.7258583422027964,8.573542832566316,0.13216469747637816,15.956424184018346,0.471310555915634,0.06566437272985404,0.2359113114742315,0.006719698157044237,21.72650234635794,0.3533921034781487,0.6962718171529914,0.03843423653200258,0.07240516293225445,0.579345703125,0.222900390625,0.129150390625,0.090087890625,6.485809249285877,4.74026140183055,0.18781454219907126,0.927901617571323,0.06198815483608222,1.0945205811829812
lens_00837,0.4600101000396535,0.0019126650728301686,27.18361072710006,0.8744043270443683,0.9067680980736224,0.0019126650728301686,27.18361072710006,0.8744043270443683,0.9067680980736224,0.0,0.0,0.20184109540007247,2.3186246430437123,0.0025204115702804897,2.562080735579997,0.13064219172451907,0.07640431539242731,0.012906688935599986,0.0017196864526063146,27.645507300204333,0.7081621212656405,0.9075092197379341,0.01941539506864424,0.03664326523298353,0.595947265625,0.247802734375,0.096435546875,0.08203125,6.1346660788811445,4.229273760975923,0.17950775813016692,1.002936226401982,0.09301510048594505,1.2184158694337635
lens_00838,0.3869118000147864,0.0007079188745916893,31.50016508321324,0.7976903964728923,0.8042950843549417,0.0006969968888038608,31.567691604648758,0.8004681668591108,0.8076747249025723,0.0,1.0,1.4316812944032036,6.29212087338258,0.08310010137550838,7.142480415441881,0.26879762593768486,0.007648480115584277,0.11521563534360624,0.0017677303009855795,27.525839936941754,0.663533299625054,0.8773062569063158,0.016345255326438227,0.03873710016636663,0.571044921875,0.212646484375,0.14013671875,0.096923828125,6.6228744085467435,4.678443426820654,0.20005534946512857,0.9687993144096183,0.07879337103413933,2.189565138277907
lens_00839,0.39329089992679656,0.0007259116803070443,31.39116215510072,0.7093163677846919,0.6813286895708641,0.0007259116803070443,31.39116215510072,0.7093163677846919,0.6813286895708641,0.0,0.0,1.493316061395046,8.757169434034012,0.05717309229111289,5.888770905737644,0.2726724567687674,0.0492532514615831,0.3161444159147341,0.007845810786508957,21.053621697427985,0.2241283381845744,0.5796308133758735,0.04143356374140665,0.07828838088883783,0.612548828125,0.260986328125,0.064453125,0.08447265625,3.9877195452777947,4.28802281784169,0.23379252148638904,1.072067572035301,0.06516083968228169,2.0250328901589674
lens_00840,0.5718308000359684,0.0011129772614987567,29.535137083575584,0.8176350739513918,0.866625260239181,0.001112977261498757,29.535137083575584,0.8176350739513912,0.866625260239181,0.0,0.0,0.13858133493569605,5.602366579638949,0.15970641257194707,2.0814355485760814,0.4216243776106476,0.02524066407743142,0.19815528824020157,0.003351599249413888,24.747479155110202,0.5011284694782063,0.8175245083434178,0.028314711805711282,0.050496300307779,0.5263671875,0.15234375,0.24658203125,0.093505859375,9.797353972292715,5.102460906773871,0.17450707534689608,1.130261437495176,0.06319871806987064,1.0922040710826846
lens_00841,0.40842700004577637,0.0011223553256044952,29.498696283567295,0.7199532779780815,0.7463244882816648,0.0011223553256044952,29.498696283567295,0.7199532779780815,0.7463244882816648,0.0,0.0,0.538063941091238,7.376466610413861,0.03249153228532753,2.661213718112876,0.31290940392512007,0.02887030797001866,0.1692842052008326,0.002772198056217096,25.571757453266407,0.549638742780701,0.8282067947868986,0.02392898827691249,0.046899910194588654,0.611083984375,0.22607421875,0.103515625,0.07763671875,7.064891779251364,4.82884864161113,0.1719732079696229,0.9089961855324551,0.07467714763332911,2.1671188513512156
lens_00842,0.5098171000136063,0.0022697692620328425,26.440182896435136,0.6863199594466438,0.753826243927152,0.0022697692620328425,26.440182896435136,0.6863199594466441,0.7538262439271519,0.0,0.0,0.8204726306698239,7.582664497323396,0.16444502524631222,0.19582832652190518,0.3372819747560694,0.07491727737335785,0.3071803371704013,0.008447804911030142,20.73256124052852,0.28678399677716176,0.6433230431122093,0.04486286750804199,0.08021924974709008,0.583984375,0.2724609375,0.0810546875,0.08203125,4.775024019587356,4.823592449624531,0.19039606534415884,1.0325595292135696,0.06278091146949892,1.2216803375618246
lens_00843,0.455055300029926,0.0007390257040616593,31.31340456141025,0.878937827944766,0.9001553273883878,0.0007390257040616593,31.31340456141025,0.8789378279447662,0.9001553273883877,0.0,0.0,0.3586791537501858,3.489956403315423,0.03490058700630838,2.105550592317371,0.13590909805594611,0.014360517548993035,0.09040153235873927,0.0005528893014500403,32.57361813689705,0.8566095350809185,0.9659105124857732,0.011454732848937478,0.020534809393065057,0.5712890625,0.25341796875,0.103271484375,0.09130859375,5.575784464160268,5.843637979552357,0.15297754771599484,1.1045102768016668,0.10215127777118527,2.1249997952259108
lens_00844,0.41069109993986785,0.0014643999228532078,28.343403026697928,0.9068785986622413,0.9318057526710707,0.0014643999228532078,28.343403026697928,0.9068785986622413,0.9318057526710707,0.0,0.0,0.545074369492387,2.3746427357192097,0.02047886990098835,0.16223979493665297,0.15126221500494316,0.11860666791821595,0.08605495768598959,0.004234407213595855,23.73207379166466,0.5873532447854499,0.84430584483465,0.03163817330531753,0.05686328519790736,0.52978515625,0.14404296875,0.249267578125,0.09765625,9.238399380958471,4.592840020487778,0.20299370496886227,1.2066432269714134,0.10485680670557032,1.0556192971382616
lens_00845,0.44995340006425977,0.0008863460119640725,30.52396705030082,0.7715926111735034,0.7844454347138275,0.0008863460119640722,30.52396705030082,0.7715926111735034,0.7844454347138277,0.0,0.0,0.8959291104829346,7.189782748874333,0.1822582346081234,2.595389910958886,0.28030671141992913,0.007262277732386191,0.08698378512723737,0.002926823813311416,25.336034201045216,0.5352901086588445,0.8263396200327476,0.024807399238562396,0.04807719580351988,0.57470703125,0.20849609375,0.134765625,0.103759765625,6.315087144728745,4.833043643118811,0.1674909927669772,1.017053532192703,0.059755007191788195,1.9804191909920938
lens_00846,0.44753949996083975,0.0011142710889258092,29.530091376165338,0.7933700552546722,0.8206265726341289,0.0011007930030430746,29.582943396004246,0.796228843799517,0.8230298577536702,1.0,0.0,0.8611982217895983,5.255624286782355,0.053397922932192476,0.8191576037620791,0.19455357498599996,0.015440448058348877,0.13301054589689087,0.002020433638346795,26.945554094990367,0.6224651066783853,0.870201033943276,0.02028244815391482,0.04011303946636994,0.561767578125,0.2314453125,0.134033203125,0.09130859375,6.499983635443597,5.088203151839737,0.20426782932329113,0.9662728673154433,0.08780076367857557,1.9256862389393068
lens_00847,0.4059736999915913,0.0016781643782150725,27.751655017580102,0.748883891951563,0.8019012414864831,0.0016781643782150725,27.751655017580102,0.748883891951563,0.8019012414864831,0.0,0.0,1.1656442686967416,6.865531890022177,0.07030686496350336,1.281166228654456,0.35282341931404354,0.05964465135042807,0.18107486404366402,0.0058567358635562465,22.323443620377233,0.3813580434733197,0.7245006823060943,0.037734374489370545,0.06657967291487836,0.56787109375,0.22021484375,0.139892578125,0.09033203125,7.82588181403448,4.848516121789214,0.19657465470314794,0.9233238840091759,0.07470510417880816,1.341471625606461
lens_00848,0.5083061999175698,0.001273937923767549,28.948517337134124,0.7683293560644496,0.8201417128436921,0.001273937923767549,28.948517337134124,0.7683293560644496,0.8201417128436921,0.0,0.0,0.6059007357067088,3.2893440741810576,0.002060760664841288,2.839614720382528,0.13755487591547091,0.07068917785332895,0.17436313445159057,0.001980698262099915,27.031816794770908,0.734906213207587,0.9082656878846354,0.02103064733230479,0.039222571752552594,0.6083984375,0.233642578125,0.08984375,0.0888671875,5.058608504323811,4.487444426837352,0.2069542995158645,0.8781724707037929,0.12746033285841335,1.9626358181070043
lens_00849,0.4367185999872163,0.0018738804958783302,27.272581090915146,0.8963526048714896,0.9284291771145933,0.0018738804958783302,27.272581090915146,0.8963526048714896,0.9284291771145933,0.0,0.0,0.46682454847163957,1.935055726735003,0.041313150290212985,0.9938500124980294,0.18169390438737706,0.09757928842300367,0.14538350931613986,0.002724214394575661,25.647587166134418,0.7013084908644545,0.8898759029991825,0.02347915599867574,0.046614843431738676,0.583251953125,0.212890625,0.128173828125,0.097900390625,7.1096992922238496,5.916575557287821,0.14076729317199238,1.0901318686149288,0.08971575441984163,1.1146901029916714
lens_00850,0.395863400073722,0.0008125945212780569,30.90126110125198,0.8604360897379661,0.8835268264876067,0.0008125945212780569,30.90126110125198,0.8604360897379664,0.8835268264876065,0.0,0.0,0.5005301941404982,4.187880775033353,0.0496109076638549,4.192606721092744,0.17901358562810085,0.01959349149923617,0.11984642095315068,0.0014325131910800852,28.439013702074032,0.6872415768448774,0.9120217868403783,0.019279304172891046,0.03257025670284518,0.5830078125,0.240478515625,0.111083984375,0.088623046875,6.726569533107558,5.357340815599654,0.1741012903962177,1.0628100909616058,0.08379324389016296,1.5439201619427503
lens_00851,0.4428713000379503,0.0010341586777626102,29.854128194726815,0.8687588955043152,0.9019495904566784,0.0010341586777626102,29.854128194726815,0.8687588955043152,0.9019495904566784,0.0,0.0,0.6499699944731024,3.2939175500356033,0.0704130406507345,5.150506196191486,0.18240932540715338,0.09169835797127457,0.08026087404954951,0.002912823319635647,25.35685857162364,0.6321039943552126,0.8575250449740573,0.023294309937830136,0.04868468387651249,0.57080078125,0.2138671875,0.136962890625,0.099365234375,7.059178863764225,4.931506925688055,0.19132661414476332,0.9832610246101039,0.12106744176643913,1.7234655172868547
lens_00852,0.44229640008416027,0.0011690496141529686,29.32167057105376,0.7621782046029233,0.8312220253505955,0.0011690496141529686,29.32167057105376,0.7621782046029233,0.8312220253505955,0.0,0.0,0.7417497864632236,9.071447340981841,0.14050295093245724,4.039158458039253,0.5710511320787408,0.07133054109553472,0.18985848159059537,0.006161284861895749,22.103287114972122,0.3353680410629858,0.7089064029726885,0.03966402632605745,0.06773514506887521,0.5712890625,0.2099609375,0.144287109375,0.09814453125,8.3863251172451,4.057189116775413,0.2171443427740108,0.8957730355871333,0.06447613629510089,1.1155347838930452
lens_00853,0.3880380999762565,0.0016215882848374399,27.90059401863662,0.913905588156132,0.9463666693222954,0.0016215882848374403,27.900594018636617,0.9139055881561318,0.9463666693222955,0.0,0.0,0.5581931799088272,0.5712035484460039,0.04957753734941217,1.3683969982335213,0.0759789045923422,0.08369009217668999,0.07314276845563877,0.0026319354425141804,25.797247675290954,0.7757849130008477,0.9160350578890415,0.02322465907448544,0.045744405705923225,0.56201171875,0.180908203125,0.177490234375,0.10302734375,8.104128855091355,6.278903969701515,0.13407569451347212,1.199894526736051,0.12649810421615315,1.3799459454924239
lens_00854,0.37911280000116676,0.0008034181802729079,30.950583449931088,0.849024211765321,0.8709126047516698,0.0008034181802729075,30.950583449931088,0.849024211765321,0.8709126047516698,0.0,0.0,0.6598421340537863,4.796277601533955,0.09501704732496741,2.4432083871623433,0.23894113622872679,0.025325417971307163,0.04779285750663875,0.0015444759461615857,28.112188510599335,0.7509863368631516,0.9188846793252309,0.0169803520413504,0.03544211605862992,0.52783203125,0.15380859375,0.242919921875,0.096923828125,12.211868035964113,4.563094197243616,0.17049239492219725,0.9766868557521726,0.09194178103813533,1.6629020875996035
lens_00855,0.39150020002853125,0.0011561739050350356,29.369768369217933,0.871462507251753,0.9011219416264302,0.0011561739050350353,29.369768369217933,0.8714625072517528,0.9011219416264302,0.0,0.0,0.7750008822101624,4.010116916284057,0.11140982873227856,3.762766182138293,0.2030556780860344,0.0857261106341467,0.012653092584254177,0.003343044213344695,24.758578796190225,0.6138631625984696,0.8571111737266979,0.027310952643656503,0.050962300566601657,0.54541015625,0.19287109375,0.184326171875,0.09619140625,7.544191999483355,5.482746379170367,0.15977330679824833,0.9980622933844668,0.09166971694580356,1.3600786950003139
lens_00856,0.42287010001018643,0.00036569866356919647,34.36876626770471,0.8740038925425847,0.8769829742373646,0.0003656986635691964,34.36876626770471,0.8740038925425844,0.8769829742373646,0.0,0.0,1.0340380811194896,9.14804513744477,0.09090323842888881,4.1883196206344735,0.31125417041878034,0.008364004111971801,0.009504524041555662,0.001431373657312406,28.44246979709148,0.7022856473277673,0.9002816228002115,0.01484444311210536,0.03479965755584204,0.597412109375,0.18994140625,0.1357421875,0.097412109375,7.2190737252944475,5.3931771426224735,0.14323662997576558,0.9549617669359137,0.05808759759725168,2.1866330645332193
lens_00857,0.5652387000154704,0.0018925148252861782,27.229607097064836,0.6968596669896394,0.7531288329148039,0.0018925148252861782,27.229607097064836,0.6968596669896394,0.7531288329148039,0.0,0.0,1.3654409119556248,7.487618872001413,0.1312165537155927,0.37201952879405553,0.35036367205264507,0.07676821530574585,0.33605407834344814,0.008100430163792485,20.91491917812593,0.31043079454544964,0.6657381338138951,0.04611525640679706,0.07729044760077307,0.566650390625,0.17529296875,0.18212890625,0.093505859375,9.243515419731814,4.564976469547236,0.21577584404821792,0.8734095232916773,0.07672747865321228,1.2032320111186254
lens_00858,0.41617730003781617,0.0022404609747011077,26.496626164104203,0.9334893700940308,0.9651081870652232,0.0022404609747011077,26.496626164104203,0.9334893700940308,0.9651081870652232,0.0,0.0,1.2288541089470986,0.6543901001136696,0.016646437984662033,1.4076921571464425,0.07717208969431845,0.07138401742464257,0.12927380845804132,0.0018259803131275788,27.385039091380555,0.847467418128413,0.94918812203469,0.019552176086434375,0.037995956671896584,0.574951171875,0.26025390625,0.0966796875,0.086181640625,5.699577812001158,6.6036631540610795,0.14486028260064437,1.227028664146287,0.12131194012816529,1.0627869649575854
lens_00859,0.5745681999251246,0.0006999072504099017,31.549595075628783,0.7474796902113015,0.80862872666945,0.0006999072504099018,31.549595075628783,0.7474796902113017,0.80862872666945,0.0,0.0,0.5011317494455867,10.394466201878943,0.10925754129250953,8.214521302180174,0.7249357928834272,0.10482630100415757,0.24410217816157576,0.006760771688436503,21.700037299604045,0.29220670080043,0.6447068440870325,0.037284011986145914,0.07328488342525646,0.52392578125,0.15380859375,0.242431640625,0.09814453125,10.427613915257396,5.238372190375034,0.19639561559449797,1.032377137967329,0.05521423301775575,1.6626111714028653
lens_00860,0.40259419998619705,0.0007576211233136757,31.205479252261654,0.9081786221074376,0.9286647932951738,0.0007576211233136757,31.205479252261654,0.9081786221074376,0.9286647932951738,0.0,0.0,0.5970429972385166,1.713672497423719,0.04731235886391172,0.3716722724842043,0.14823693279127406,0.06802310470032547,0.18152409337555842,0.0014028078848137232,28.530018017287535,0.785113360958928,0.9309979991706034,0.015734270291457887,0.03398883085969667,0.533447265625,0.172119140625,0.21826171875,0.09814453125,9.580375356832395,4.900085592639571,0.18588290615107744,1.2414854992873372,0.12445650640804946,1.6189035354599466
lens_00861,0.42154499993193895,0.0009084467233993144,30.41700537164031,0.7545447598772783,0.776155269913322,0.0009084467233993144,30.41700537164031,0.7545447598772783,0.776155269913322,0.0,0.0,0.8077712342852449,4.35048094783563,0.0443984837254805,3.3043086928105083,0.13486666405919756,0.06375675428919869,0.22129680868499546,0.0029394222784237737,25.31738018549546,0.6014826443253175,0.850675745956401,0.026705609719489223,0.04718297031699145,0.586669921875,0.2119140625,0.128173828125,0.096923828125,6.513662611949446,4.682918567560732,0.19829968520495145,0.988700596489735,0.10079036715674572,1.857768650645569
lens_00862,0.44217419996857643,0.0010699341094566885,29.70642966969453,0.6971105951700092,0.7293819886970817,0.0010699341094566885,29.70642966969453,0.6971105951700092,0.7293819886970817,0.0,0.0,0.9983738902837583,6.188754982161184,0.047306304855644465,1.2455786573777203,0.1572313018395853,0.06885708862838291,0.2042149835142052,0.004408375609961919,23.55721409078193,0.5719621826867409,0.8333814959595853,0.033678971109769536,0.057219773810713616,0.594482421875,0.240966796875,0.092529296875,0.0947265625,4.939023915888173,4.375471012222963,0.19808383744214725,0.9909124394038333,0.10545779205146054,2.0740125177207895
lens_00863,0.3722535000415519,0.0011624864072542075,29.346121165360767,0.9019450387631671,0.925528705500077,0.0011624864072542075,29.346121165360767,0.9019450387631671,0.9255287055000768,0.0,0.0,0.4346751358192308,2.5285804862393384,0.03436077555258732,5.250102482954375,0.14200178958670717,0.08186265196333997,0.05127738862389736,0.0022533251405920194,26.471761378026475,0.6880111155189356,0.8944546756300575,0.022913831034780174,0.0415726050170249,0.541748046875,0.160888671875,0.21826171875,0.1005859375,8.597360641898774,4.605703325881049,0.17177899447144987,0.947363825623519,0.11573420003943351,1.4568539977427848
lens_00864,0.4120738999918103,0.0012998508606288156,28.861064739405005,0.849947970951716,0.8896633428406592,0.0012998508606288151,28.86106473940501,0.849947970951716,0.889663342840659,0.0,0.0,1.1584146488140912,3.0619835253623506,0.02683945018348277,82.35314073445787,0.09476197628638179,0.0686019998134394,0.04159877926123068,0.003863539093073079,24.130146890045552,0.5208970142063639,0.8006513221210714,0.028127167122819624,0.05542924826044508,0.616943359375,0.26904296875,0.05517578125,0.081298828125,3.3161890721877754,4.811941031092708,0.20254136916695317,0.9494840614663345,0.10660696583215858,1.683536317847289
lens_00865,0.4192042000358924,0.0011234483700939804,29.494468814989787,0.7777312137793773,0.8088825506260588,0.0011234483700939806,29.494468814989784,0.7777312137793769,0.808882550626059,0.0,0.0,1.4983734870766912,6.512272933290296,0.014055309026854701,1.979478237416373,0.2087882636799572,0.05255353329081236,0.18461758676756268,0.005391975752855621,22.682520694446737,0.4154991676073819,0.7426438393779791,0.03461027107286725,0.06476190924546828,0.593994140625,0.27294921875,0.074462890625,0.0791015625,4.292343585264193,5.905578760804427,0.18559877326620294,1.1093492232759963,0.06960296006834177,1.9894828805404607
lens_00866,0.36133389989845455,0.0017944388409338332,27.46071338945444,0.7997624039179262,0.8395569072650556,0.0017944388409338332,27.46071338945444,0.7997624039179262,0.8395569072650556,0.0,0.0,0.9587917191991882,3.6002242108437432,0.03653369596010503,4.8812933196144,0.14562822370792725,0.07020380234236745,0.2541383786661372,0.0033483685251450637,24.751667491169297,0.615025082629357,0.8589828717997559,0.027218661972197265,0.051063812681666515,0.54296875,0.169921875,0.201904296875,0.107666015625,8.588810224918692,5.930926472351157,0.15477511789905118,1.2473009953093324,0.08405977442210721,1.4842572583250502
lens_00867,0.42122869996819645,0.0007649107763140857,31.163892205513967,0.867048192729664,0.8903774253399822,0.0007649107763140857,31.163892205513967,0.867048192729664,0.8903774253399822,0.0,0.0,0.6260703193906519,5.444457590926069,0.021054764188334296,9.24475835255005,0.2315762998140343,0.03840452391586735,0.02453786648956846,0.002491882248028124,26.034724837784648,0.6358027158377553,0.8663888064347044,0.02224518104997827,0.04468818823897218,0.566650390625,0.15576171875,0.18896484375,0.10888671875,7.834077990722665,4.6112123736947686,0.1734304129920664,0.8580584957024134,0.09602077049157874,1.633583657232636
lens_00868,0.442981900065206,0.0007948884670855509,30.996938040823704,0.9534630564227715,0.9666439540063392,0.000794888467085551,30.996938040823704,0.9534630564227716,0.966643954006339,0.0,0.0,0.4722433921059496,1.9351294765497808,0.024955961517015512,3.7055196461732294,0.129476581374805,0.08137055587909647,0.028894250469799987,0.001699153339359737,27.6976742664431,0.7379727314761872,0.9171351404647712,0.01840811749370501,0.03688217116301165,0.563232421875,0.177001953125,0.1767578125,0.104736328125,8.212940756936952,4.672847335075718,0.17855898772753775,0.9050594357246958,0.10621583252042582,1.060285401847696
lens_00869,0.4109876999864355,0.0013566961532964464,28.67517406372988,0.9180417247969322,0.9434634791140675,0.0013566961532964464,28.67517406372988,0.918041724796932,0.9434634791140675,0.0,0.0,0.10388307839547335,1.743942364551037,0.11452570841820031,2.9780475571343175,0.13179169845838581,0.09089068300183845,0.10710681623532553,0.0021177662722077894,26.74121972600405,0.7639002749809286,0.9224266597156707,0.021265926573657033,0.040810864229658475,0.595458984375,0.234619140625,0.0908203125,0.098876953125,4.5616677952102815,5.254443193581357,0.1560490137654843,0.9155477619375938,0.11361657647987362,1.3449977141575555
lens_00870,0.3780321000376716,0.0007004920671473099,31.545967785989873,0.7222916266314563,0.7072936831278099,0.0007004920671473099,31.545967785989873,0.7222916266314563,0.7072936831278099,0.0,0.0,1.0647988581788863,8.103877711691498,0.09865045440887454,5.978914201192396,0.35910470466743943,0.06366546269481643,0.3193155061642142,0.006199201197851146,22.07664268197782,0.3768339693817658,0.7063634716580061,0.03877430343462872,0.06852557618152864,0.549072265625,0.166748046875,0.203857421875,0.105712890625,8.863873535537865,4.523787715545554,0.2123628303499612,0.859290354200392,0.07693508915528974,1.674418042076694
lens_00871,0.4176019999431446,0.002746731901081962,25.611837284800117,0.7818058354522666,0.8483851365901478,0.002746731901081963,25.611837284800117,0.7818058354522666,0.8483851365901479,0.0,0.0,1.0782488778408736,3.802835017819673,0.013618090080729894,22.5851469481172,0.11975261776555884,0.10861226314305972,0.08218260161383095,0.007347348113599652,21.338693830174936,0.41600912115384847,0.7295186941774074,0.04178834275430663,0.07484038029999741,0.595947265625,0.301025390625,0.04541015625,0.078125,2.8093251897442952,4.907927990665695,0.19628205596281822,0.9214451943429977,0.1001007521712051,1.5135900984391526
lens_00872,0.4093123999191448,0.002357952246064786,26.27464994610124,0.7709069199124928,0.825921394531743,0.0023579522460647857,26.27464994610124,0.7709069199124927,0.8259213945317426,0.0,0.0,1.4127770710589997,5.747493886894309,0.10475145979505451,0.7805383953657241,0.32888589536940455,0.08601302843858483,0.37050379529325894,0.007271612592469608,21.383692669470477,0.38648871275186414,0.7221657761090453,0.042106829586784834,0.07415273086420399,0.532958984375,0.175048828125,0.20751953125,0.103759765625,8.46451339073045,5.220275194487087,0.19417758033578678,1.2240750672757548,0.06659885274794794,1.0258954089492758
lens_00873,0.4372097000014037,0.0018622651648468012,27.29958480481058,0.7549799027069236,0.8080852478327203,0.0018622651648468012,27.29958480481058,0.7549799027069236,0.8080852478327201,0.0,0.0,1.236334727814112,3.873117222134926,0.010090385544722635,2.299003090922753,0.1556974867879466,0.08421861316170176,0.26280960054629265,0.004240034724487623,23.726305866639635,0.5167190283231241,0.7898365966862786,0.030680209734909092,0.05743482789309647,0.5615234375,0.21044921875,0.1513671875,0.099365234375,8.21090676579828,5.494132174141167,0.17708255593628797,1.2049637383883485,0.09752689219853983,1.7375467686574022
lens_00874,0.4119967999868095,0.000686763498279863,31.631927958013236,0.8419433486755512,0.8607138450522648,0.0006867634982798629,31.631927958013236,0.8419433486755511,0.8607138450522648,0.0,0.0,0.4339973143612889,5.162546441334117,0.020495520921381183,0.7319210768388018,0.21135952923236057,0.026089721543531397,0.16051361348517812,0.002257880586220241,26.462990305762336,0.6396405685183693,0.8699626439783643,0.020127413777197168,0.04304378934134093,0.578369140625,0.21142578125,0.135498046875,0.096435546875,6.739318694194355,4.135488086978198,0.2289106988526859,0.9065170748502985,0.10333796388708114,1.8513620706145717
lens_00875,0.36577140004374087,0.0009842628395940296,30.0688891117988,0.9052921328992086,0.9280518588328531,0.0009842628395940298,30.0688891117988,0.9052921328992086,0.928051858832853,0.0,0.0,0.5051303209069066,2.101698709225454,0.00951531089092239,0.44189411290174974,0.12408091417013269,0.0962465232007329,0.07674214781433475,0.0015922892466540847,27.9797803784488,0.7309210118151169,0.9202830130307872,0.01941783835147598,0.03486024670609825,0.543212890625,0.180419921875,0.19970703125,0.1025390625,9.566513963964152,4.508072654746117,0.19102872952491212,1.0748884522764082,0.12374042633662137,1.556629479557385
lens_00876,0.3741757000098005,0.0007832695248109944,31.060887705133005,0.874159588704371,0.896657702971428,0.0007832695248109945,31.060887705133005,0.874159588704371,0.896657702971428,0.0,0.0,0.26948794617106914,4.804379986041974,0.022723125979236536,7.062385676436904,0.1790820256808172,0.05395885993079519,0.019584223303390047,0.0027610707467227887,25.589224653210103,0.6053194902051,0.8479311743530378,0.022165024689942442,0.047642233650586015,0.556640625,0.200439453125,0.158935546875,0.1025390625,7.473629120553371,4.543193531758872,0.19605339947440953,0.9643517037389824,0.10559591036012417,1.893969373276719
lens_00877,0.3919060999760404,0.0015502303707010518,28.096037590619268,0.7698201145828709,0.8421741320179941,0.0014867293033001899,28.27768098582904,0.7765722225038216,0.8492153860959167,0.0,1.0,0.6857085572814152,7.926689962049761,0.07865932397721331,0.9046946778460097,0.5290227736033689,0.07290346897863864,0.011810953941084001,0.008934043452527312,20.489519395799913,0.21607141421447087,0.5665246994036006,0.04477656897815835,0.08324122970662758,0.60009765625,0.244873046875,0.091552734375,0.085205078125,5.984474077355342,4.1648439009381555,0.20487522926850016,0.8611500446460375,0.06478550921546905,1.0430789057363745
lens_00878,0.4406548000406474,0.0013075425183518433,28.83544179947989,0.7981363235662946,0.8419792211657483,0.0013075425183518433,28.83544179947989,0.7981363235662947,0.8419792211657482,0.0,0.0,1.0856532344359862,4.892794451413124,0.08268015919639216,0.727915582471411,0.30112393249572195,0.07705071280211284,0.13062392259772926,0.004032236179145493,23.94454037997147,0.5815840320301543,0.8378556649792464,0.031243891585619764,0.05528160107785892,0.57470703125,0.1611328125,0.186767578125,0.098388671875,9.39559818661378,5.177319147190291,0.16985497430626925,0.9215986599074545,0.08673213983957755,1.2254422511547398
lens_00879,0.416493900003843,0.0011341162461704546,29.453424282623896,0.820114046511521,0.8473707559549362,0.0011341162461704548,29.453424282623896,0.820114046511521,0.8473707559549364,0.0,0.0,1.4032278404333574,5.347221780073447,0.04194777679182138,11.34188212145989,0.13600785418023048,0.03033360065411761,0.09485323741919116,0.003642906641784707,24.385519584526403,0.4735230298181653,0.7957786859942189,0.030200115624315342,0.052257627750048996,0.60595703125,0.2626953125,0.076416015625,0.077880859375,4.35758802348313,4.819136475244719,0.17431437777352032,1.1101388149876894,0.0738424581975333,1.7497613255944227
lens_00880,0.37189000006765127,0.0012920924415715305,28.88706414028052,0.7511871576471751,0.7897894502143803,0.0012920924415715305,28.88706414028052,0.7511871576471751,0.7897894502143803,0.0,0.0,0.5545889732308947,4.0792189819858535,0.032126812304342445,0.23098319804185508,0.16839551384233709,0.07143169029279228,0.24011047943432717,0.0019817474683813414,27.029516879314425,0.6947745507491534,0.8928552238938436,0.02095652002245761,0.03927558703481942,0.559326171875,0.154541015625,0.20263671875,0.10302734375,8.905256090159915,4.8522905429394365,0.19852876720186788,0.925567046656774,0.12978897054537514,2.1442214341136756
lens_00881,0.39862929994706064,0.0016512928802718476,27.821758916038206,0.8764261174912438,0.9076107494612862,0.0016512928802718476,27.821758916038206,0.8764261174912436,0.9076107494612862,0.0,0.0,0.7941960082104852,2.4744078602786317,0.012503535611908645,49.77182873732232,0.09750346447885216,0.055207585716329,0.05773115282697616,0.0021935289116148267,26.58856637041104,0.6714741567921629,0.8941665298043087,0.022120889482327124,0.04128189869816426,0.605224609375,0.2705078125,0.05810546875,0.0859375,3.430364503070841,4.738642212941988,0.1977738966388956,0.9319148262204408,0.08998307331293218,1.2971640154441135
lens_00882,0.38975259999278933,0.0007022602621939104,31.535019056947384,0.830568622296114,0.859589529858931,0.0006645979056046615,31.774410316786916,0.8380973195354647,0.8676965584988722,1.0,-1.0,0.7056770743304622,7.366824133486851,0.004136724702442196,5.94134747190418,0.3646668948636991,0.028948310720795067,0.05069046954166756,0.0028454386231770226,25.458507777952516,0.5254429284846086,0.8248900349840719,0.024238927736345908,0.047517502095219856,0.581787109375,0.1884765625,0.16015625,0.093994140625,9.307822722745378,4.392558715180195,0.19554112743192198,0.9120035560599449,0.07913657726525736,1.6420545634504733
lens_00883,0.43452579993754625,0.0014374447117278227,28.424088505362715,0.861021460096023,0.902314589410502,0.0014374447117278225,28.424088505362718,0.861021460096023,0.902314589410502,0.0,0.0,0.3794210910498916,1.220699940735681,0.015107265080099186,1.1963644302199157,0.10569704087919503,0.06748140236321343,0.1034729352011784,0.0009846778736445727,30.067058208517558,0.8090405256195609,0.9490315971411337,0.015612191503847676,0.02722016440236464,0.6083984375,0.27734375,0.0615234375,0.074462890625,3.6691326071474757,5.8207007817319765,0.15053391935262828,1.1475142295665388,0.0990031315700487,1.6179170617433438
lens_00884,0.46963900001719594,0.0012894085597606414,28.89609451044043,0.8688206507003544,0.9173867815408903,0.0012894085597606414,28.89609451044043,0.8688206507003544,0.9173867815408903,0.0,0.0,0.2332418779999284,0.6907109829955385,0.0023109197069963727,0.1502890867850084,0.07428940860487089,0.04199446696037912,0.028202063943359446,0.0007037531826981864,31.52579628055149,0.9141294614477206,0.9757790253056553,0.012301201616741784,0.023503906515353057,0.619140625,0.273193359375,0.047607421875,0.080810546875,2.8688379633741197,6.655090487944323,0.11770808419073885,1.2378084997295518,0.1264384276132216,2.096113443232568
lens_00885,0.46591969998553395,0.001521369543134468,28.177652822975347,0.8364772554883928,0.8779442580272377,0.0015213695431344682,28.177652822975343,0.8364772554883928,0.8779442580272381,0.0,0.0,0.5568591580157525,6.720416789955628,0.126222821417736,8.203537568870175,0.27072937383479834,0.0583896443835179,0.08022987625082845,0.0066362819402997365,21.78075171394611,0.40954679369488767,0.7457614327106572,0.040434727308414006,0.07071997431980541,0.586669921875,0.28466796875,0.067626953125,0.080322265625,3.9968251376322668,5.932494887144187,0.1537889352119968,1.0466666180941675,0.0642995578202834,1.1743894352869706
lens_00886,0.5177001000847667,0.0009378882246634985,30.278489167428823,0.8478537134485508,0.8787419737490225,0.0009378882246634986,30.278489167428823,0.8478537134485508,0.8787419737490226,0.0,0.0,0.2564855455568577,3.8938336856450437,0.021197551919544644,1.4642195842234287,0.22136465754777768,0.04202135391779782,0.16247517512126353,0.000664714907750765,31.773645810704608,0.8470562745874777,0.9633565970793997,0.012384776417746853,0.022612656209149477,0.56982421875,0.194580078125,0.16162109375,0.095458984375,9.781342175610625,4.278430922075507,0.2062163670704119,0.9205457126909301,0.12669541460307657,1.7878256122727931
lens_00887,0.4718490999657661,0.001453069414441321,28.377136385658734,0.8992774865744023,0.9258172032249937,0.001453069414441321,28.377136385658734,0.8992774865744023,0.9258172032249937,0.0,0.0,0.8568249417144211,1.8732930945146435,0.05250750888169964,5.312591102751327,0.12443616777200958,0.06107746927484481,0.16368435213918164,0.0011536823200483744,29.37913762795215,0.7646552427230973,0.9400294356884028,0.01702356216050208,0.029391846682641366,0.59619140625,0.262451171875,0.079345703125,0.081298828125,4.528968430936665,4.481326518911436,0.20195699353635246,0.9680256386567038,0.09915959247755879,1.3165671804183505
lens_00888,0.36741669999901205,0.000494055598236686,33.06224175269233,0.7931335304925241,0.7730964776869922,0.0004940555982366861,33.06224175269233,0.7931335304925238,0.7730964776869922,0.0,0.0,0.7174448769915566,7.114776742288393,0.13681392747102383,7.255651103556829,0.3208770836329624,0.04076244556563691,0.1976467608464787,0.0034754981847331104,24.589829339880648,0.46935954674469016,0.7826174320967805,0.027354872682395632,0.05222268784027719,0.526123046875,0.143310546875,0.250244140625,0.101318359375,10.581649146521936,4.8247559324891665,0.2027204933704721,0.9433000699709999,0.08841845931884704,2.0741275973399853
lens_00889,0.48759230005089194,0.0019206476544833303,27.16552299765469,0.7492947364356956,0.8025746961756457,0.0019206476544833305,27.16552299765469,0.7492947364356956,0.8025746961756458,0.0,0.0,1.849922566870124,6.7686793597867485,0.08966048206536259,3.8987520552430652,0.2831563879642959,0.08310758050518718,0.2855000586264992,0.007602150810871074,21.19063519147614,0.3756474027305096,0.7246067254441713,0.04471753670959454,0.07484980107854086,0.576904296875,0.240478515625,0.12060546875,0.082275390625,7.592636877348484,5.2169630238373745,0.18412414394823437,1.2317638670110647,0.06556250072895835,1.1441132668900313
lens_00890,0.4420822000829503,0.001285070596261194,28.910730134031056,0.757220645152356,0.7980833117009206,0.001266919424959122,28.97251005012677,0.7603065635154914,0.8012896544312805,0.0,-1.0,2.1549530495386096,6.088023305817149,0.07548218613689883,6.805884202271571,0.2925613454874209,0.09490224368438427,0.27658595306066724,0.009831251334706203,20.073912010721294,0.31650564069575104,0.6471894502066723,0.04721997382372224,0.08718672723983387,0.528564453125,0.167236328125,0.223876953125,0.1015625,9.85727197722054,5.216683350344708,0.17903399169810874,1.1750221029322536,0.07668723002821232,1.4052531532264947
lens_00891,0.402405499946326,0.0013379378671289142,28.735640544229085,0.8971049658913869,0.9240179034492035,0.0013379378671289142,28.735640544229085,0.8971049658913869,0.9240179034492035,0.0,0.0,0.661317568057457,1.9830328439147387,0.03576146349058262,1.3699493288695237,0.15607519417650886,0.10138305296895855,0.02068675838474937,0.002572026860722485,25.897245002102412,0.6695762249243288,0.8768541270507306,0.023437526686976268,0.04497453950314288,0.534912109375,0.133056640625,0.253662109375,0.100341796875,10.288488747415368,4.833712019081005,0.17583998898804318,1.0959695749754275,0.1093704620762509,1.3186706306390499
lens_00892,0.39699799998197705,0.003020596303316322,25.199073134415038,0.8292743765180628,0.8974827444969539,0.003020596303316322,25.199073134415038,0.8292743765180628,0.8974827444969539,0.0,0.0,0.3265091201435505,1.406080485395833,0.014872051284277044,0.657797768513845,0.11905807316994875,0.1148561572979192,0.22443827313911946,0.0020522560613292704,26.87768452973273,0.7707882576614046,0.9260938855205193,0.02218953933989925,0.03949532130787562,0.57421875,0.267578125,0.09619140625,0.080322265625,5.930090987820141,4.870379789651275,0.18673264497952727,1.0755441897088833,0.12624190899861598,1.3455209129744499
lens_00893,0.3743906000163406,0.0005748746216029763,32.4042686328143,0.9089113637234648,0.9265865733778423,0.0005748746216029763,32.4042686328143,0.908911363723465,0.9265865733778422,0.0,0.0,1.0151380357477566,2.1895766230677207,0.025625996734722878,3.207602014006568,0.15711979920868266,0.06346870046402453,0.15103442974717762,0.0013976878827401404,28.54589799933286,0.7963940142246387,0.9271048969510205,0.014446134271181339,0.034481837064738015,0.537109375,0.138916015625,0.246826171875,0.1025390625,10.190432210965719,5.118052729997879,0.19205147603781095,1.152374934300136,0.12257866959455593,1.6018545504262423
lens_00894,0.37907639995682985,0.00120664182829703,29.184216239195607,0.8108353391442459,0.8399608387117338,0.00120664182829703,29.184216239195607,0.8108353391442459,0.8399608387117338,0.0,0.0,0.5348660522648534,3.6279919141302805,0.026265721069692938,2.6610450359281117,0.13207019642310586,0.0435473759826831,0.19047471520921821,0.0022758333057558587,26.42859551170467,0.6765902778313362,0.888800376183007,0.022023624396081576,0.04231776546813618,0.548828125,0.170654296875,0.19921875,0.10302734375,9.102273106366543,5.2983148065142345,0.15821974074564935,1.2423055008839905,0.08979725998817961,1.9704205558543562
lens_00895,0.43609950004611164,0.0004857128687727699,33.13620389911841,0.8609185535854527,0.8679158718480625,0.0004857128687727699,33.13620389911841,0.8609185535854527,0.8679158718480624,0.0,0.0,0.9522275871145442,4.935065219608818,0.021583790107021605,1.7809430915739313,0.18663399921936785,0.03133995968462189,0.1382058591706632,0.001340090646011335,28.728658242239447,0.7198773711888345,0.909612467326297,0.01577477633507346,0.03303402908501688,0.550537109375,0.17041015625,0.203369140625,0.099365234375,7.89886673064118,4.427432444769997,0.22055414785829683,0.9147622378251812,0.12196791502651391,2.173053451279319
lens_00896,0.4780906999949366,0.0009762869852262854,30.104225001820627,0.7897198712625678,0.820061968705898,0.0009762869852262854,30.104225001820627,0.7897198712625678,0.820061968705898,0.0,0.0,0.2683082745705541,6.333029894365142,0.05946213958822899,4.6283284217828395,0.2802481209780524,0.0304862729616715,0.20605276102388548,0.0029760664489794147,25.263573761829758,0.512016209138111,0.8138421554892874,0.024687741782309848,0.048647526706600476,0.60009765625,0.2548828125,0.0869140625,0.079345703125,5.49693946351461,4.656970269288741,0.20611511640897956,0.9364228405140463,0.07606791296728065,1.6671885850002197
lens_00897,0.47171950002666563,0.0014602272110910608,28.35579562814431,0.7050746301679414,0.7432602069320159,0.0014602272110910608,28.35579562814431,0.7050746301679414,0.7432602069320159,0.0,0.0,0.31729839716233227,7.057636653002432,0.13153378501642687,8.156195470893408,0.3161534287174178,0.05961476907113761,0.19552434851596756,0.00740542816967312,21.304498262244014,0.31679129104208276,0.6651934284789819,0.04196035226770539,0.07513159792818992,0.550537109375,0.16259765625,0.20556640625,0.10400390625,8.33530296514573,5.059819303552956,0.18126381316520143,0.9880396628084507,0.06740673804926302,1.506875586011216
lens_00898,0.42379460006486624,0.0009061775176094353,30.427867169298235,0.757560475129156,0.7681143962269228,0.0009061775176094351,30.427867169298235,0.7575604751291561,0.7681143962269227,0.0,0.0,0.36669997158489565,6.617945550206302,0.1055630963927654,9.851319658522016,0.2586506802961815,0.06710849999139934,0.19514536556742534,0.0037170631334930916,24.298000624461565,0.5301533291013282,0.8241012340157841,0.0298200568309234,0.05317731982803938,0.5087890625,0.13720703125,0.2734375,0.10693359375,10.289151588171205,4.998039728311802,0.19637368257491467,1.143414376819008,0.08387688388346945,2.18731019845767
lens_00899,0.3898698000703007,0.0013089416426620383,28.83079715431533,0.6755986140530973,0.7229086809671631,0.0013089416426620383,28.83079715431533,0.6755986140530973,0.7229086809671632,0.0,0.0,0.9890310398477697,6.007161638826007,0.004164703307396489,1.9023726541701365,0.1967266961082636,0.08949674898262627,0.35077952109218236,0.00363113311655678,24.399578296532432,0.5769975830708476,0.8337117445369224,0.02894745236960947,0.05285052618343521,0.572998046875,0.259765625,0.1103515625,0.081298828125,6.980828285714625,5.137732165891137,0.21003390910770278,1.0650152691865726,0.09949546734392811,1.9418599289222178
lens_00900,0.5478766999440268,0.002162356849141028,26.65072633775722,0.8807214201866076,0.9217362514848838,0.002162356849141028,26.65072633775722,0.8807214201866075,0.9217362514848839,0.0,0.0,0.12268960238626175,1.7173588750105324,0.04538251361866574,4.077958955523172,0.09003110017118157,0.08457133214185353,0.08818541621892584,0.0033508333097973966,24.74847175995157,0.6494813922110042,0.8703500242557834,0.027036371491740152,0.051184645415964514,0.586669921875,0.28369140625,0.06689453125,0.082275390625,3.981352228940464,6.261859310785251,0.15205335108834367,1.1810150457488613,0.09507630112687698,1.340862461161577
lens_00901,0.46430059999693185,0.0011622530525568207,29.346993045065943,0.913388161679928,0.9403911896357607,0.0011622530525568207,29.346993045065943,0.9133881616799279,0.9403911896357608,0.0,0.0,0.7114303680833376,0.8853526436892292,0.02251452345344651,0.6800392700034195,0.0702439928733675,0.04745946909570398,0.060633852921415654,0.000998713811291071,30.00558944189931,0.842029807345912,0.9507813852597846,0.013235547669432746,0.028697283655099562,0.599365234375,0.276611328125,0.068359375,0.0751953125,4.1402278818732645,6.019570573571835,0.16581362435124872,1.1020514654005573,0.11625494548349523,1.6919062608365585
lens_00902,0.45531210000626743,0.0017546141708484101,27.558183674564162,0.8777050108146239,0.9137293601539201,0.0017546141708484103,27.558183674564162,0.8777050108146238,0.91372936015392,0.0,0.0,0.6935547090224413,3.420508135370282,0.06376994151149229,2.1071547453910426,0.2595217739701773,0.09423047889442948,0.25320548404587717,0.0022993082243634713,26.384028072571212,0.6331873769326964,0.8823330632780428,0.023415207118193806,0.041845385647351345,0.536865234375,0.15283203125,0.233154296875,0.1005859375,11.44030241286703,4.926188146470618,0.25073965279051097,1.0357708858021974,0.10690997859082037,1.0010230701071479
lens_00903,0.40976269997190684,0.0018461823043020072,27.337254160711094,0.7890599387193782,0.8356905148775531,0.0018461823043020075,27.337254160711094,0.7890599387193784,0.8356905148775529,0.0,0.0,0.6588007594669665,4.293558439740963,0.005560304662291626,8.154641500505349,0.23108109397937732,0.0828066735605335,0.22296938349773598,0.004424057049330048,23.541792813305086,0.599128632832792,0.8293562728952903,0.02857737964616769,0.06006155527364279,0.524658203125,0.146728515625,0.250732421875,0.10107421875,10.359894390390243,5.617024491204636,0.16603112340747922,1.2461137529900326,0.09283642269398393,1.4554559975489096
lens_00904,0.4103134999750182,0.0006067050873741718,32.17022363372637,0.8066664891269119,0.8412524359404694,0.0006067050873741718,32.17022363372637,0.8066664891269119,0.8412524359404694,0.0,0.0,2.0043167047244492,9.924420444921669,0.11763637035265884,4.679083646307703,0.49260566263306804,0.03512470055232764,0.23419344786804358,0.0034311861628493804,24.64555718170906,0.5495886613233626,0.8291036123442523,0.025762294093024225,0.05260694218365015,0.6181640625,0.2001953125,0.09912109375,0.102783203125,4.8588960434701685,5.1856893999997755,0.15019534484592853,0.9065067017779082,0.052450747310916736,1.7140944312979118
lens_00905,0.38609359995462,0.0004726641068535235,33.254473758805126,0.8185012036308233,0.8154893741888394,0.0004726641068535236,33.254473758805126,0.8185012036308233,0.8154893741888393,0.0,0.0,1.0207134445575858,7.168521465659282,0.02136103402850975,4.280627640133474,0.26864335054125604,0.017078706425799783,0.21828539482424425,0.00477798597328463,23.207551295409388,0.4694230828162689,0.7618435211874203,0.02919355794345974,0.06265558353320548,0.543701171875,0.19775390625,0.17822265625,0.103271484375,8.301479061917094,5.188187175698908,0.20302523629109295,1.048473582816166,0.09739665046997734,1.8875685622958693
lens_00906,0.42808230000082403,0.0020114203175548564,26.96497167334168,0.8521600915864501,0.8946352437443813,0.0020114203175548564,26.96497167334168,0.8521600915864501,0.8946352437443813,0.0,0.0,1.0524077980801934,1.9145241237809234,0.10494978593559745,10.070188314928672,0.09933303335657843,0.0934853251400195,0.13883553724850595,0.0029278801256806463,25.334467082902673,0.6100970853120933,0.8514818164401565,0.025956157785518998,0.04747797382675348,0.592529296875,0.240966796875,0.096435546875,0.090576171875,5.349368365837974,5.319860715668192,0.18848141487331835,1.032766752927265,0.10124055862055051,1.4249182212849525
lens_00907,0.4667743999743834,0.001133517247358317,29.455718673543515,0.9438102776596622,0.9604452402969645,0.001133517247358317,29.455718673543515,0.9438102776596624,0.9604452402969647,0.0,0.0,1.0005581031998996,1.3034113768155038,0.04537281890798839,0.5742233000292742,0.08391271738751815,0.08906342221426755,0.017141775913149027,0.0017448451346062602,27.582431132151672,0.7101505837760349,0.9120786015720125,0.020963727925133437,0.036129866400074616,0.595703125,0.236083984375,0.101806640625,0.087646484375,6.6759193101536605,4.058354349838401,0.2021409273972305,0.9446571744795416,0.12335294484161922,1.1246247239719742
lens_00908,0.39778300002217293,0.0010702447801934942,29.705168816330506,0.7953506850562817,0.8304883963566771,0.0010702447801934946,29.705168816330506,0.7953506850562816,0.8304883963566773,0.0,0.0,1.271557752784628,6.740615943690246,0.07814785466738516,4.091184392102008,0.30655662459365096,0.05501380691416835,0.1452054084288842,0.006767259558072504,21.695871658429947,0.3273324524672668,0.6810489177512254,0.039765066550883535,0.07201388088609241,0.57958984375,0.231201171875,0.124755859375,0.087646484375,7.791674320495814,6.052798778352643,0.1501588534942503,1.2248796839426208,0.06006022502518111,1.52908006392803
lens_00909,0.44477449997793883,0.0010658164000631773,29.723176014134193,0.728306381444705,0.7618792674637546,0.0010658164000631777,29.723176014134193,0.7283063814447049,0.7618792674637546,0.0,0.0,0.36887306156148864,4.839082754148217,0.08002000998397718,13.121907385093209,0.1735333602176625,0.07657641180237762,0.23339141355950677,0.0025668210806423907,25.906044026171454,0.6941004333898919,0.8950341116825389,0.02470589291569349,0.0442316621424142,0.57568359375,0.214111328125,0.13330078125,0.09619140625,6.548663586832358,4.46844237569018,0.20523441812531984,1.0225253892797332,0.10851058933544747,1.8878700858679078
lens_00910,0.40673410007730126,0.0007529866025482724,31.23212750879138,0.8276229240009809,0.8437892196628621,0.0007529866025482723,31.23212750879138,0.827622924000981,0.8437892196628622,0.0,0.0,0.9641002381076256,7.467200682583018,0.023512368373133086,2.3192990897657353,0.24709731656520095,0.008734048550889217,0.12371800003299038,0.004227172139767074,23.739500663823,0.42123179535144367,0.7639426826620616,0.030496516411249258,0.05742068117451655,0.600830078125,0.278076171875,0.062255859375,0.082763671875,3.647162285612769,4.984798641332105,0.17438530764446647,1.116295397474046,0.05368066850591929,1.820660151640541
lens_00911,0.4051673000212759,0.0013842186590347027,28.587953008392365,0.9053721488731248,0.9309131230226985,0.0013842186590347027,28.587953008392365,0.9053721488731247,0.9309131230226982,0.0,0.0,0.8084952437049239,5.263215652769915,0.06840535951069648,9.144342673230327,0.21318853526574524,0.06485502507111307,0.20333400653636763,0.005946577360214355,22.25732926920143,0.48432077816162766,0.7939354582500162,0.03923829748889317,0.06638473748074535,0.60693359375,0.193603515625,0.12744140625,0.09033203125,6.550591663030428,6.047561502996656,0.1299445159264228,1.1025973452056241,0.06540936921204779,1.0370093509044447
lens_00912,0.5963402999332175,0.0008891669150656253,30.51016705298002,0.8443239758591792,0.8743589456241232,0.0008891669150656253,30.51016705298002,0.8443239758591792,0.8743589456241232,0.0,0.0,0.5551010023133924,4.046298602125471,0.05317590250626725,4.005936284807717,0.13389632104958105,0.04509347183274148,0.09724939875628247,0.0035363088447556285,24.51449812743852,0.52123268993397,0.8172229809974961,0.0291895538386117,0.05181002597430749,0.59326171875,0.26220703125,0.085205078125,0.07861328125,5.0993698599088875,4.5708742535227955,0.17711869873869324,1.1393498133464077,0.091402823980733,1.5939734192983432
lens_00913,0.4397210000315681,0.0016527332410288488,27.817972379580098,0.7815038967990691,0.8379252280765251,0.0016149033904831638,27.918534536641772,0.7861159662373771,0.841983950200353,1.0,0.0,1.2008145893766575,7.92130899229553,0.05071602789394314,17.568616237751115,0.39943414978581526,0.0734079756554259,0.17027203374331923,0.008835739641854357,20.537570897417382,0.19480657440138024,0.5540818946788205,0.04444554158729039,0.08282713006537651,0.585205078125,0.23291015625,0.109130859375,0.0947265625,5.801283931288299,5.2696651823976595,0.19354904787373023,1.0356729652070977,0.0579289777470919,1.1586836747797153
lens_00914,0.4491631999844685,0.0006576445072353684,31.820088028392952,0.8534954356871282,0.8725009614033381,0.0006576445072353684,31.820088028392952,0.8534954356871282,0.8725009614033381,0.0,0.0,0.8950689029405936,4.56433675028425,0.04886416912590652,1.4021054856098658,0.21178175392419651,0.033151341434327075,0.003494530894186554,0.00236534265030323,26.26105937227738,0.6701975528951083,0.8779654970509148,0.02092766230119574,0.04390188607463626,0.55419921875,0.186767578125,0.177734375,0.09912109375,8.816542553791882,4.956608458436447,0.16487631030861966,0.9889240082518902,0.09879080770344037,1.9483073885062245
lens_00915,0.46502180001698434,0.001151797125401925,29.386240096953635,0.8252350374173646,0.8671182082626752,0.001151797125401925,29.386240096953635,0.8252350374173649,0.8671182082626753,0.0,0.0,0.08678223948369342,7.0769163793625784,0.0327692156368089,0.303206059450261,0.3632258104557991,0.05197966227702144,0.250130298538859,0.0044021625031577605,23.56333929769475,0.47214106748466816,0.7927178155451644,0.03355237245077227,0.05723985330241875,0.537841796875,0.162841796875,0.220703125,0.100830078125,9.671318374745178,4.516425207432648,0.1692140811866582,0.9543309088802815,0.07219752411703957,1.186349961858298
lens_00916,0.39736309996806085,0.002144980563497182,26.685766387725742,0.7249979432180994,0.7813157685447853,0.0021449805634971815,26.685766387725742,0.7249979432180995,0.7813157685447855,0.0,0.0,1.1051160144852792,6.412016338015521,0.04640011864209692,10.371520339959048,0.22533177953029226,0.09585013320575009,0.14953451539147833,0.012894793891541037,18.89585595168678,0.24425225832705488,0.599910245608465,0.05844954818080886,0.09735730177547208,0.589111328125,0.22900390625,0.109375,0.0908203125,6.421103496792314,4.665883386761049,0.2050093450314625,1.1690126403998975,0.07719838032425377,1.3798870095206945
lens_00917,0.40807650005444884,0.0010541679436660068,29.770901944392527,0.8499629824038837,0.8785799145541358,0.0010541679436660068,29.770901944392527,0.8499629824038837,0.8785799145541358,0.0,0.0,0.7883989294072243,4.282507950542394,0.03238314593961633,3.0232603304272203,0.18154607781172616,0.03557565779898908,0.11007175416089388,0.0024697470421630504,26.073475260190907,0.6425809799986653,0.8702031799450951,0.022712097609144073,0.044203027773623865,0.614013671875,0.2236328125,0.09521484375,0.08837890625,5.4729990457823465,4.75185345895618,0.176977529907572,0.8565426334261174,0.09288462845350916,1.5370835774401392
lens_00918,0.44010870007332414,0.0005568910855247946,32.542297340556125,0.8605284395086825,0.8782619661678078,0.0005568910855247946,32.542297340556125,0.8605284395086827,0.8782619661678079,0.0,0.0,0.8517223180353239,5.963567478595431,0.145266781826622,3.547396864372189,0.23198583853458968,0.028199218807058335,0.0712668585332481,0.003125946398742365,25.050184731914307,0.615098586463315,0.8449327304047012,0.022537592881292826,0.05116642752684092,0.58154296875,0.220947265625,0.119873046875,0.097412109375,6.334584435912524,4.672576002444425,0.17886237420959533,0.9981780339717008,0.08403149692747591,1.638325665609127
lens_00919,0.3906908000353724,0.0005398508307504266,32.677262259760454,0.8296678729355774,0.8534477489498957,0.0005398508307504265,32.677262259760454,0.8296678729355772,0.8534477489498956,0.0,0.0,0.5678476385926284,8.443551661454034,0.054967234387480524,2.052849782015244,0.42906626281211835,0.030577562461756025,0.10204820949954141,0.0033004436958295877,24.814276717289673,0.46908409697600184,0.7952939269815252,0.02769557793738496,0.05033287850445097,0.526611328125,0.14697265625,0.246826171875,0.1025390625,11.570006265762903,4.926546305207551,0.17413504383507186,1.0376731063384783,0.06731302006404163,1.5174097602163963
lens_00920,0.3931218000361696,0.0017623891745846502,27.538981834881273,0.8506324928537038,0.9048592169802852,0.0017623891745846502,27.538981834881273,0.8506324928537038,0.9048592169802852,0.0,0.0,0.40881002757367546,6.169160207771519,0.09742135682748909,6.7844432929341,0.37454024877488096,0.11862840927777174,0.2039188686263299,0.0055648746241156195,22.545446158159077,0.5551455628791643,0.8126450406534741,0.03353845420842147,0.06663367552090485,0.60302734375,0.2099609375,0.12646484375,0.082763671875,8.020103942120821,5.082085163277721,0.15713603752904232,0.8836005319705725,0.08839528713862067,1.0726429116023433
lens_00921,0.47409609996248037,0.0011242267650227614,29.491460794564198,0.9470342541595772,0.9647926131460014,0.0011242267650227614,29.491460794564198,0.9470342541595772,0.9647926131460014,0.0,0.0,0.41804894470446846,1.0019523711975076,0.006833375742660186,1.6655484039122257,0.11345433110406428,0.08790824841279721,0.0009235922819662568,0.0020180316528630527,26.95072026128865,0.7600371289240045,0.9128770201201053,0.018809698418773547,0.040794937164528644,0.563720703125,0.240966796875,0.122802734375,0.0927734375,7.356889354587049,4.89320614418455,0.15650524216744233,1.1158864499545669,0.10347716850437687,1.1288512869935365
lens_00922,0.3951472999760881,0.0009237058377967166,30.344663116387082,0.9431036380225659,0.9568364835401957,0.0009237058377967166,30.344663116387082,0.9431036380225659,0.9568364835401957,0.0,0.0,0.5152718613407684,2.6389560712192512,0.013515714801303536,8.672068685422744,0.08387851055521767,0.06174525447290535,0.047104086947394985,0.004200100449114708,23.767403229414885,0.5087337552908404,0.801306297893249,0.02983822651190082,0.05753069344045148,0.572265625,0.270263671875,0.087890625,0.08935546875,4.705894056798778,6.09436803809797,0.14624129417043127,1.2103293947775382,0.07394951410943958,1.1259994780408742
lens_00923,0.41727740003261715,0.001157902124268194,29.363281493190378,0.93695606990809,0.9537913297939139,0.001157902124268194,29.363281493190378,0.93695606990809,0.9537913297939138,0.0,0.0,1.0210508645371572,1.2321732728659622,0.001127012844174713,6.725604447099215,0.02062475170660241,0.04034149059783976,0.019499241923197408,0.0021060300783129916,26.765354305142193,0.6907750638363558,0.8989286668343098,0.021676131253377105,0.04044966516795114,0.638671875,0.27294921875,0.031982421875,0.07763671875,2.511851965211201,5.516731047369661,0.15034366388747522,0.9885913674809153,0.08586013357518907,1.3125449850833149
lens_00924,0.3694765999680385,0.0007294157702736668,31.370248512926068,0.7709729393588434,0.7719667325113359,0.0007294157702736669,31.370248512926068,0.7709729393588433,0.7719667325113362,0.0,0.0,0.23008470170119058,6.337998477497243,0.046717383940191426,0.7792662922642819,0.30062047662572716,0.021722964431952874,0.20379283064788567,0.0020196576568254883,26.947222396384,0.6179927009579165,0.8765028965131582,0.02185249534642051,0.03926991347024027,0.52783203125,0.14453125,0.24609375,0.10107421875,9.47699519968707,4.4869459202744855,0.2004907968866776,0.9027392608796596,0.0818092880528381,1.934140735398289
lens_00925,0.4118827000493184,0.003007851644426141,25.217435881588507,0.9320924930941867,0.9662029560456988,0.0030078516444261415,25.217435881588507,0.9320924930941866,0.9662029560456988,0.0,0.0,1.1105294076753047,0.7928825346451269,0.023436692875725584,3.560849291451632,0.014792077977976407,0.04528584381288192,0.0892989483155211,0.002632427657704956,25.79643554915977,0.7303405362534345,0.9075343496683964,0.02597358462241861,0.04424704012210325,0.590087890625,0.2734375,0.07568359375,0.081787109375,4.255053585225026,5.655109766308287,0.18213796479576677,1.1752979737014273,0.1290229275281922,1.0018756108782894
lens_00926,0.3883206999162212,0.0010237455451789495,29.898079750565895,0.7625094653484293,0.8030650784419283,0.0010041355164899434,29.982076715613317,0.7668855202467494,0.8072888362460362,0.0,-1.0,0.22041134102379395,8.029739203250966,0.08920048545844061,0.6634380586669408,0.43332876237206097,0.049699925903578746,0.1123467047803206,0.0065095963390889855,21.86445941253855,0.310664055364104,0.6615396443375053,0.038178937535908855,0.07107717684122067,0.5732421875,0.167724609375,0.17578125,0.10595703125,9.467545550055089,4.756933878797262,0.1900766588244268,0.9166510626199389,0.06654465842768234,1.4084257942257252
lens_00927,0.43379949999507517,0.0018262483070643062,27.384401736492805,0.7637894068383405,0.8136911069088124,0.0018262483070643062,27.384401736492805,0.7637894068383405,0.8136911069088124,0.0,0.0,0.8066226932637759,6.4227084352811605,0.16281674419261727,10.65840944866963,0.2765108525977686,0.039222805189679244,0.11305312624588948,0.00582080501391036,22.350169485249623,0.43818371266579637,0.7535495771530575,0.035817753490047316,0.06736388905664936,0.6025390625,0.251708984375,0.081298828125,0.0869140625,4.658705349248922,4.984798164039926,0.17360855303708464,1.0058236735396093,0.06416506849488508,1.3155774980177395
lens_00928,0.38928630005102605,0.0008280030180980425,30.81968080194665,0.8102945109373377,0.8336609471947116,0.0008280030180980424,30.81968080194665,0.8102945109373382,0.8336609471947114,0.0,0.0,0.5765573910301756,4.179965202371928,0.04271816101451886,1.3036411101211343,0.20507430938868648,0.027082889399234422,0.2373444417025672,0.0013579882340963097,28.671039928605126,0.7897559221036927,0.9289103276560815,0.014817183873724615,0.033740766087161464,0.570068359375,0.225341796875,0.13720703125,0.085693359375,8.006725317064657,5.3709195593365076,0.17772351790897972,1.1842411310953924,0.10292416919473095,2.1521725850736395
lens_00929,0.40431329992134124,0.0009280571912282167,30.324252596976248,0.7926729235331458,0.8364131367897926,0.0009280571912282168,30.324252596976248,0.7926729235331457,0.8364131367897926,0.0,0.0,0.1128781467514609,8.058896941318682,0.023074553462221425,8.62608255896805,0.43414932821569124,0.06010261500839875,0.1604254293940761,0.0055394141107414675,22.5653616702747,0.3771797449205085,0.7338016826114134,0.03683637430417303,0.0646722169008016,0.587646484375,0.226806640625,0.114013671875,0.091552734375,5.683117070287352,4.1582874889746995,0.21476068259960876,0.8622990071533301,0.06375763768972272,1.2547420972802699
lens_00930,0.3859984000446275,0.0013786094134734855,28.60558760365528,0.8424187018556772,0.8739707644372664,0.0013786094134734855,28.60558760365528,0.8424187018556772,0.8739707644372664,0.0,0.0,0.6388426882048849,4.104436065019113,0.06963197915026154,5.254397781837298,0.15897198370908708,0.05150604059514252,0.15820479567112522,0.0039321456596479384,24.053704028415154,0.4952240965516667,0.809885930252597,0.03136445344671653,0.05429932522266451,0.59765625,0.195556640625,0.135498046875,0.093505859375,7.4756056212534805,4.465881476351056,0.18690067496193483,1.247679620221065,0.08279576639232403,1.4165434364167253
lens_00931,0.4142391999484971,0.0008538125010945345,30.686374907634747,0.8384076955655057,0.8689778650768185,0.000836403217248154,30.77584305325393,0.8416192073682852,0.8718460845081043,1.0,0.0,0.5290579775947558,6.692229258996403,0.07396804491763631,7.864896914888504,0.32324063836629524,0.03359255087834767,0.05648724960952056,0.0037565126280215324,24.252151468825623,0.4449176063548449,0.7833380244424446,0.029815908624948366,0.05354926909762879,0.575927734375,0.16552734375,0.186767578125,0.09423828125,9.862542335886094,4.5613960555474025,0.1925957564762293,0.9108701816867298,0.0756911463979617,1.2567761053675455
lens_00932,0.38614509999752045,0.0005775498356865449,32.384105353667984,0.8326921365329101,0.8453311976312942,0.0005775498356865449,32.384105353667984,0.8326921365329101,0.8453311976312942,0.0,0.0,0.9110346862672323,4.522505281985593,0.02348346584298322,10.101222246710122,0.08098179344786488,0.00706668757958151,0.09845850067584805,0.002554783226927812,25.926459438044112,0.6405570379832545,0.8651586276578229,0.022007792988006487,0.045502090883000806,0.59814453125,0.297607421875,0.04736328125,0.07861328125,2.9381464605781593,5.75546905440247,0.1550124542241073,1.1839750237008162,0.09495744199935417,2.1943947652823415
lens_00933,0.39882080000825226,0.0020123003299472335,26.963072015956932,0.8931141579726309,0.9295557093472732,0.0020123003299472335,26.963072015956932,0.8931141579726309,0.9295557093472732,0.0,0.0,1.3345069539835075,2.342473393762619,0.03643922281091683,1.6866587487683375,0.16011435293070211,0.10256160354836841,0.06847326543084975,0.004842142350725751,23.149624471896292,0.5623904090108962,0.8068814977440597,0.030349147457432377,0.06261846053148207,0.619140625,0.23388671875,0.087158203125,0.0859375,5.663761238912352,5.421518087211135,0.1636731684461394,0.9550895681671981,0.10582666494081511,1.2244602138573384
lens_00934,0.40932380000595003,0.0006288795260084752,32.0143254406344,0.8607137053679258,0.8776677464216541,0.0006288795260084752,32.0143254406344,0.8607137053679259,0.8776677464216541,0.0,0.0,0.5685294403848767,5.030678788586256,0.02837642887690206,4.130160615086993,0.21650713599875115,0.03883434067450664,0.16123436450940432,0.002743145621518914,25.617511370023077,0.6096687785229685,0.8531884449061595,0.023071512980373132,0.04701968641234635,0.542236328125,0.15576171875,0.220947265625,0.10302734375,10.135121428767512,5.397284747166738,0.19175772081458692,1.0672732288782263,0.09693592463790482,1.8138509946559402
lens_00935,0.42820349999237806,0.0023775266496237775,26.2387460636965,0.74760337289217,0.8072912816125494,0.0023775266496237775,26.2387460636965,0.74760337289217,0.8072912816125494,0.0,0.0,0.6981860341881828,4.70871011124094,0.0155967854621053,3.3789485170968305,0.21050553344444578,0.10676833048982348,0.2814790843931907,0.005977281101873332,22.234963195182075,0.4562858885848106,0.7678161438547539,0.0378272044508814,0.06742687672808634,0.56103515625,0.234130859375,0.141357421875,0.087890625,8.805312790272366,5.505240461398409,0.19003386503663033,1.1270616656569634,0.0807651053547161,1.233122400717761
lens_00936,0.38964449998456985,0.0010449212921377082,29.80916421206156,0.8400346468048088,0.8776824525974667,0.0010449212921377082,29.80916421206156,0.8400346468048088,0.8776824525974668,0.0,0.0,0.43587373639377364,4.399973152039003,0.0022851975345622444,1.709246396714832,0.20793276482287112,0.07206437359553242,0.0655826401205788,0.0028779145889103203,25.40922099251175,0.6666551658683334,0.8750858522109064,0.02440371089906942,0.047774192649012504,0.603759765625,0.200439453125,0.1240234375,0.09375,7.262418831386818,5.4033968490004485,0.1524469928776995,0.9901946381880284,0.10680410850355672,1.7309439166054408
lens_00937,0.38933909998741,0.0008754962611411349,30.57745704256995,0.8842660258587691,0.909061342728516,0.0008754962611411349,30.57745704256995,0.8842660258587691,0.909061342728516,0.0,0.0,0.38721110203315784,2.7554745110793952,0.1106935494222151,0.47531114452617373,0.20491610688246154,0.06652282993756664,0.1716230104928821,0.0017470791625951638,27.576874160821284,0.7242909681490332,0.9186296174037945,0.02005941220645954,0.036670139685124,0.51953125,0.166259765625,0.234375,0.101806640625,10.464467788246608,5.200084234255323,0.18534939053780802,0.9998506359243782,0.10266201859369291,1.3596302683125563
lens_00938,0.39868600002955645,0.000328385513273707,34.83616010030254,0.8460184605197729,0.8148807098729058,0.000328385513273707,34.83616010030254,0.8460184605197731,0.8148807098729056,0.0,0.0,0.897748903017129,6.677477755382668,0.031693715856028204,2.7360448008496405,0.28238153568970437,0.02422591311153055,0.1728311803925432,0.0019551526981281438,27.088193183884556,0.622650155948822,0.869198595099662,0.018753177751929216,0.04004336427340604,0.556396484375,0.159423828125,0.210205078125,0.0966796875,11.00897340116093,5.075068555285869,0.18362491279851315,1.2206752069584956,0.07474645916095755,2.042305635408452
lens_00939,0.3975853000301868,0.0007928011217353371,31.008357440385197,0.8704039614440601,0.9006860635283288,0.0007928011217353371,31.008357440385197,0.8704039614440601,0.9006860635283287,0.0,0.0,0.43096058913331226,6.373715221459818,0.05544237712214983,36.65033808670594,0.23282787883290298,0.07996962489200565,0.016294245389805395,0.004562901220476657,23.407589329074312,0.48842060486221894,0.7832117743087029,0.03082246347102014,0.06010721226320753,0.6123046875,0.27880859375,0.04541015625,0.082763671875,2.7825446574265413,4.851642880344404,0.1721185153873698,0.8673622668385882,0.08352300791461646,1.5665639727919274
lens_00940,0.37318649992812425,0.001263420068066528,28.984522290869435,0.8125229453432462,0.8558389194534468,0.001263420068066528,28.984522290869435,0.8125229453432465,0.8558389194534468,0.0,0.0,1.5634654655564904,5.925342897550143,0.027287827485762306,3.4320359370048834,0.3074712426692835,0.08046913763792474,0.06736019722454412,0.004774443883266781,23.2107720680144,0.48232509916110633,0.7761625961395459,0.03034096480812143,0.06207954363378582,0.55712890625,0.183837890625,0.181884765625,0.09716796875,9.996334049364611,4.282530011068606,0.18728125650638744,1.0007226243238008,0.09279960408274329,1.4326587039277339
lens_00941,0.38265970000065863,0.002003503001152814,26.982100026781843,0.6845824552281559,0.7484252946421542,0.002003503001152814,26.982100026781843,0.684582455228156,0.7484252946421542,0.0,0.0,0.5615520369216973,9.673855302981291,0.1336425215538336,2.648281245181124,0.4168258723156638,0.07525831760177315,0.17482247054651678,0.011943441415803672,19.22870516377046,0.14312737805098735,0.4962672044903586,0.05492644026191331,0.0944803025818511,0.62353515625,0.247802734375,0.064453125,0.086669921875,3.7841954725916422,4.619720780506353,0.20376755779206604,1.07520528152136,0.05442416125940279,1.2560790060686458
lens_00942,0.3958784999558702,0.0006187338829963516,32.08496100570555,0.9287222412901812,0.944250558551736,0.0006187338829963516,32.08496100570555,0.9287222412901813,0.9442505585517363,0.0,0.0,0.44802079415453466,2.0476253156604187,0.06162671392262098,2.4432480282966367,0.11599771490231423,0.028831323579809776,0.04508129464583055,0.0005852334476700498,32.326708607363656,0.8668138293368115,0.9659367056047424,0.010770239567930336,0.02166184173424406,0.59033203125,0.248779296875,0.089599609375,0.09130859375,4.823074547080928,5.716948194583291,0.14815336965989861,1.0459349525482167,0.10045678261641677,1.8018126624619653
lens_00943,0.4232907999539748,0.0007514223908278817,31.241158680055165,0.9363587200543557,0.9526816497883349,0.000663367577633347,31.782457586215198,0.9425498817763232,0.9583474688712752,0.0,1.0,0.8851581341906124,3.371224397111904,0.07559865581382907,1.0150696270899005,0.17678147431195235,0.02315554059501701,0.10856758405250289,0.0014872648542181232,28.276116848183626,0.7145112158106355,0.9142771020016259,0.01648247395837473,0.034865353955318194,0.585693359375,0.20947265625,0.139892578125,0.09326171875,8.76400880051084,4.417443519214728,0.20967809176679011,1.1835541639668365,0.09147336888339253,1.1289479144594108
lens_00944,0.49853430001530796,0.0007726885261855696,31.119955366371897,0.8708938402448865,0.8952099919942657,0.0007726885261855696,31.119955366371897,0.8708938402448865,0.8952099919942657,0.0,0.0,0.6329185659088432,3.1360571094996015,0.004993198867887294,2.242002066025236,0.18765701784572889,0.05973820074702496,0.2251364363991426,0.0019527072669865491,27.09362857511545,0.7128506332873511,0.8986777779146894,0.01867911355596777,0.040047446657056805,0.555419921875,0.187255859375,0.17919921875,0.10009765625,8.274755156112095,5.152029591442245,0.19179113852699295,1.0422230687922929,0.1047510872418762,1.4485102395197074
lens_00945,0.49282320006750524,0.0013367298023645793,28.739563692533405,0.9297199449364688,0.9519609744011123,0.0013367298023645793,28.739563692533405,0.929719944936469,0.9519609744011123,0.0,0.0,0.6263026216843687,0.8555212424533387,0.013873924404716464,1.8887636835465287,0.09261386425703774,0.057158493660756315,0.1592923918603436,0.0015910824433549738,27.983073164147054,0.7785873910486598,0.9280554801258953,0.017298833253561845,0.03594207578062843,0.58154296875,0.28369140625,0.076416015625,0.08154296875,4.84913523616309,6.6738896870263815,0.14374519827779797,1.2444987401563954,0.08996897442343352,1.384182032100802
lens_00946,0.4187612000387162,0.0006095652408722582,32.149798056575726,0.7460429619974707,0.7152705782997678,0.0006027623712688546,32.198538672737584,0.7490514213050122,0.719070585977592,0.0,-1.0,1.8395003437290718,7.731731681139536,0.09637596538267368,3.976093971831773,0.2611369938894752,0.009111994685339964,0.32714321810050084,0.0029673136589580124,25.27636544294939,0.5349880238124013,0.8389744630109163,0.027328360844483868,0.04712190947438032,0.56982421875,0.27197265625,0.093017578125,0.08251953125,6.1109638067124425,5.352277647714771,0.20352600727117284,0.9436372063862631,0.0773693731776722,2.1688578176022246
lens_00947,0.42672730004414916,0.0016468362635353908,27.833495783517954,0.8082437457831674,0.8492540066217076,0.0016468362635353908,27.833495783517954,0.8082437457831674,0.8492540066217076,0.0,0.0,1.702102642241175,5.075549596445338,0.0915918648073456,5.105079706487359,0.2960524456193651,0.06326904337715022,0.2801473643619937,0.005227661056870052,22.816925783032215,0.4372573375697087,0.7609619571541579,0.03426926698337754,0.06366536261808332,0.519775390625,0.1591796875,0.24365234375,0.1025390625,10.418747563636922,5.208580184207103,0.20251506941706138,1.049188095901846,0.07616792367511031,1.1441677922520304
lens_00948,0.37847470003180206,0.0008301715194920239,30.8083216994524,0.8957882450661603,0.9224100666028454,0.0008301715194920239,30.8083216994524,0.8957882450661603,0.9224100666028454,0.0,0.0,0.8312062442951327,3.810537695611112,0.05844513070653845,0.062642470976499,0.2427320846157442,0.04979268460414121,0.10764299526761156,0.0019247958635832364,27.1561532330894,0.7003368902694382,0.901661422842055,0.018755698603594016,0.039661311545060855,0.545166015625,0.171875,0.19921875,0.10888671875,9.498747745723668,4.69770542527753,0.19101050816138865,1.0281379659303584,0.0946463963474228,1.3179966695480374
lens_00949,0.4021202999865636,0.0012687780025122265,28.96614359558605,0.840539890645144,0.8742078907762003,0.0012687780025122265,28.96614359558605,0.840539890645144,0.8742078907762003,0.0,0.0,0.22290468770078406,2.3287351356648642,0.016042639248696866,0.9717061050832285,0.12406587167884209,0.07061827077129457,0.083430385140561,0.0012644000431783783,28.981154980016047,0.814212495104927,0.9472512493212032,0.01794720277392653,0.030696872084463953,0.5361328125,0.137939453125,0.2470703125,0.100341796875,9.67841066606486,5.097521454898742,0.16430467645006397,1.0031578453291599,0.12860983207574644,1.9074522635948665
lens_00950,0.40167330007534474,0.0008553027667831214,30.678801230875635,0.774784308622951,0.7971970262726122,0.0008553027667831214,30.678801230875635,0.774784308622951,0.7971970262726122,0.0,0.0,0.5568346088214376,5.459128779362095,0.026058612449125773,4.753053691954619,0.184673726028481,0.07278539564051167,0.08581643710647768,0.003987007382490727,23.993529601810927,0.5825426710602587,0.8305302045205953,0.0295749205009767,0.05578827349767722,0.593505859375,0.201416015625,0.12548828125,0.09765625,6.885269101265847,5.574551047576463,0.164079023928543,0.9668652345179479,0.10057815231348156,2.011617849773274
lens_00951,0.3811469000065699,0.0010053569721478113,29.976797058979294,0.7171500785223051,0.7261464251581932,0.0010053569721478113,29.976797058979294,0.7171500785223051,0.7261464251581932,0.0,0.0,0.9710763786237495,7.157920228923641,0.06937034184306279,8.304997444548547,0.19922245170796707,0.033936876760921386,0.19613944980070985,0.007017142914997978,21.538396783004636,0.31864850629970604,0.6706055513084397,0.04175249662839773,0.07262142893315729,0.577392578125,0.18603515625,0.154052734375,0.102294921875,6.742381252637479,5.130447678169581,0.19381152018807693,0.9693556334220671,0.0784729197207567,1.9347368550652448
lens_00952,0.40735550003591925,0.0011012636193595024,29.5810870761408,0.7668580768045584,0.806182105475844,0.0011012636193595024,29.5810870761408,0.7668580768045584,0.806182105475844,0.0,0.0,1.0504817766038748,4.222786088119104,0.08925592690763595,5.539022394735781,0.12844406150525403,0.0763835468244407,0.13027927628791658,0.0024556317483345877,26.09836760355517,0.662991883506868,0.8769175453462926,0.02414830309190913,0.0432722914359279,0.572265625,0.171875,0.173583984375,0.107666015625,7.435070524640151,5.510715810941705,0.18744071665997666,1.0292963556225312,0.12597835795295426,2.198299923649205
lens_00953,0.4091471000574529,0.0009462831845671941,30.239788772443532,0.8690196600770098,0.8965510198605984,0.0009462831845671942,30.239788772443532,0.8690196600770098,0.8965510198605983,0.0,0.0,0.9343817423177866,1.5701935478516411,0.023107209120321826,2.3750270305980905,0.1051895716972028,0.07487223020556855,0.1480525400021634,0.00217386063508116,26.62768301719506,0.7420630186963675,0.908447218050835,0.020445258154949113,0.04190288837369861,0.554931640625,0.17236328125,0.1943359375,0.103271484375,8.444487780626083,5.4565138587789415,0.17641542864665738,1.2317552932214846,0.11332023371357788,1.66532034100895
lens_00954,0.3825555000221357,0.001161468278222782,29.349926470612765,0.7733768261905912,0.8182987453132616,0.001161468278222782,29.349926470612765,0.7733768261905912,0.8182987453132616,0.0,0.0,0.9819865904893504,3.773887557669399,0.01146763980902088,6.952554036893588,0.13159759520776493,0.060081855746312085,0.21660536437673006,0.0019562922547174356,27.085662645127073,0.7243151141220632,0.9065384771205,0.02078565264175998,0.03904163033191022,0.598388671875,0.234130859375,0.093017578125,0.09716796875,5.002787072507829,4.499516834508984,0.2045869606680358,0.9644531603859545,0.1228471869137117,1.9526373248578837
lens_00955,0.366397799924016,0.0016787214736075572,27.75021354195209,0.6307041314188291,0.674573882194718,0.001678721473607557,27.75021354195209,0.630704131418829,0.6745738821947179,0.0,0.0,1.261025553854323,9.325291360278985,0.08052945822396473,0.46506460413664286,0.3943930749567939,0.09721194453863391,0.3532742716841777,0.009530567789402361,20.208812252316765,0.2898907898075161,0.6481370373483841,0.050026773296854204,0.08383251005968696,0.541259765625,0.1435546875,0.236572265625,0.104248046875,10.710260270893357,4.1817076968617375,0.21842470461076308,0.8536623303730757,0.0748651082795109,1.3245680876368362
lens_00956,0.39239299995824695,0.0018632174787218936,27.297364503659992,0.7080032846637974,0.7555420485873322,0.0018632174787218936,27.297364503659992,0.7080032846637974,0.7555420485873322,0.0,0.0,0.6475993397242333,5.0138487828599025,0.08061672169308565,12.080661504109614,0.17822745553622538,0.048535916471597496,0.28488808720564707,0.003536999341647013,24.513650210218604,0.5402961009361452,0.8279956285516445,0.03017211840279458,0.05125078158169647,0.579345703125,0.200439453125,0.149658203125,0.091064453125,7.174079493692322,5.027015377940356,0.18942638353296512,1.0087173543163928,0.08069516861942796,1.6696385985479294
lens_00957,0.39146650000475347,0.0010153209600611518,29.933966482441704,0.8316161538023219,0.8859050990565314,0.0009790517555033113,30.09194349529464,0.8363015376467151,0.8902326690443731,-1.0,0.0,0.26474523283293094,9.30638605251799,0.1762877107069788,24.36040357461414,0.45355264144892043,0.10299700906982845,0.03285427211869929,0.0049835197940872565,23.024638124214405,0.3517925878866414,0.732271048327402,0.036740393809619895,0.06027987439271337,0.5732421875,0.218505859375,0.130859375,0.098876953125,6.378048204413139,4.222886425161656,0.22063829487755413,0.8906304119257998,0.06684306701038636,1.1993464628998052
lens_00958,0.38357810000889003,0.001083346966080396,29.65232428581185,0.829119341779221,0.8659606229491742,0.001083346966080396,29.65232428581185,0.8291193417792208,0.8659606229491742,0.0,0.0,1.0421929225024233,6.842686450636455,0.09746164429401039,1.2051096914020434,0.3338552139947048,0.04548107878288321,0.12517543642180162,0.004455477906853151,23.51105705504217,0.4349491901516385,0.7747359626333594,0.033384713999043095,0.05780085447513078,0.54638671875,0.197509765625,0.180908203125,0.095947265625,8.237453934236907,5.2020731168799506,0.1806846853830707,1.136221680618974,0.0643125625279298,1.2661969225501748
lens_00959,0.3697241999907419,0.0008081637871226441,30.925006136869364,0.8280846032325619,0.84778703925474,0.0008081637871226441,30.925006136869364,0.8280846032325619,0.84778703925474,0.0,0.0,0.5062119685507167,3.914533988465827,0.028514514841436633,3.2900335590341143,0.1807511569695043,0.020349826366187318,0.07446096879881742,0.0008908390350613337,30.50200761170652,0.8247338092994206,0.9475292499267939,0.012572767546889395,0.027069624143552833,0.5712890625,0.189208984375,0.16064453125,0.10009765625,9.387564327673177,4.548442363553686,0.1731824753273289,1.0126284415986064,0.10647522954087685,2.0896746263965564
lens_00960,0.3988013999769464,0.0010410685615016566,29.825206682787567,0.8997657872860223,0.9202177387804383,0.0009477535793796935,30.233045666990336,0.9074901256774984,0.9276489265115734,0.0,1.0,1.0240087536433007,4.509452866623683,0.015857824402702003,3.599769552651196,0.19423038151603375,0.012880338008382619,0.07710582023136414,0.003174577346711582,24.983140871308752,0.48721524789122117,0.8105919379010106,0.025967740142582664,0.05000253812156822,0.568115234375,0.210205078125,0.149658203125,0.096923828125,7.524753207545221,5.381481684445717,0.18930473419379032,1.2449806525140947,0.07275449596588661,1.1567054292006356
lens_00961,0.399395199958235,0.0013098818465822133,28.827678766278744,0.7836759351452874,0.8306253245290464,0.0013098818465822131,28.82767876627875,0.7836759351452877,0.8306253245290465,0.0,0.0,0.731060634919491,4.053119965652222,0.056935929007291164,7.324297291157791,0.15276964377167462,0.0677687923869319,0.129225204446063,0.004150681213501751,23.81880620640649,0.5552101820036814,0.8168317118724001,0.02909177674279024,0.057483473620244974,0.589111328125,0.269775390625,0.08203125,0.079345703125,4.941281178800536,5.098789203295836,0.1712912797645067,1.1158296163619088,0.09185779780849143,1.7691830445580083
lens_00962,0.3717388999648392,0.0015304543756001412,28.151796126334155,0.7971206737737955,0.8502601063203402,0.0015304543756001414,28.151796126334155,0.7971206737737955,0.8502601063203402,0.0,0.0,0.6379721934109795,5.79225734082814,0.09846339608950738,7.2002406179342415,0.3744898589875896,0.08568949767285816,0.26560626477571603,0.006049985930015961,22.18245635351421,0.40801878435678846,0.7318318880496029,0.03629624404347955,0.06879366684769853,0.526611328125,0.16796875,0.223876953125,0.102783203125,10.69631311900572,5.316865787392783,0.1927345748924602,1.0282785900641123,0.07972689320070427,1.1492413443569718
lens_00963,0.3749898000387475,0.0013785732586339037,28.605701501421173,0.840894234999318,0.8721953942216227,0.0013785732586339035,28.605701501421173,0.8408942349993181,0.8721953942216227,0.0,0.0,0.3900790513680124,3.3939567076988233,0.002623397280410833,1.919086256220993,0.12815208958015098,0.029687666540649915,0.11092582666152107,0.0019925187644274983,27.005975799700202,0.6927198201005551,0.8941348776255268,0.02023178628713607,0.03978936526333577,0.577392578125,0.23828125,0.114013671875,0.09033203125,7.01016515321457,5.012447134801371,0.1527184184985263,1.0829846488974126,0.09054260645083229,1.8129620397035238
lens_00964,0.3902651999378577,0.0011730321286505508,29.30690092654669,0.8425062457765605,0.8796268544536917,0.0011730321286505508,29.30690092654669,0.8425062457765605,0.8796268544536917,0.0,0.0,0.595789394878684,2.1802298011534447,0.019093151147573817,4.777829206610946,0.11680934384468684,0.08994336848113926,0.17208510587863735,0.002976581986998585,25.26282150736721,0.6001480670865363,0.8491400796911837,0.02569199899903503,0.048130065182089336,0.566162109375,0.224609375,0.141845703125,0.0947265625,6.7843391836117934,5.063133311079475,0.19819921734771948,1.1019933224271827,0.11978863901646701,1.7849467080257018
lens_00965,0.4060569000430405,0.0008716144915131646,30.59675557760474,0.7164255940023985,0.7091899172535273,0.0008617393014657745,30.646240996730995,0.7200349614258243,0.713149210279572,0.0,2.0,2.7410387328457473,7.153306959312129,0.061774100529208065,4.6724486125526425,0.29638789724055375,0.019057771283675584,0.4766212891439541,0.0045545973239417515,23.41550013360689,0.41425757125021734,0.7596674554617258,0.03352654502158884,0.05857105174791663,0.546875,0.198486328125,0.17041015625,0.10205078125,7.636936558512124,4.540270029762004,0.20761924415340416,0.8718690184484458,0.06943513004858518,1.678977717058252
lens_00966,0.39311219996307045,0.0013930025868699185,28.56048077070446,0.6083187398416139,0.6244385858293439,0.001364308992709544,28.65087258249005,0.6174180613657144,0.6344211006825173,-3.0,0.0,3.6988100606927867,8.452190845589971,0.05128554494568238,4.852598354223176,0.26375748417083517,0.07004031134246536,0.7019582142770165,0.009665162544969965,20.147908377771856,0.27540917853980734,0.6330861598824952,0.050888923575663214,0.08411587247529609,0.57958984375,0.230224609375,0.1240234375,0.0888671875,7.790256728550866,4.6050956333202295,0.2078197797322188,0.9205087364116957,0.07351522743872059,1.961798543634857
lens_00967,0.46371399995405227,0.0008802009083442581,30.55418187592324,0.8496869801361486,0.8776441653786384,0.0008802009083442581,30.55418187592324,0.8496869801361486,0.8776441653786384,0.0,0.0,0.45819813853847347,4.56786903695223,0.015571324110393192,2.9661708841117616,0.1956486949854285,0.0496921282367927,0.11309876483086856,0.0018219287226593683,27.39468617462488,0.6482966334827159,0.8798691336288563,0.019325093039517464,0.03805876379591647,0.57275390625,0.226318359375,0.134033203125,0.087158203125,8.177314091920964,4.419316335575225,0.19531079515037902,1.0119243707910321,0.1103669308617222,1.940266886633051
lens_00968,0.5058205999666825,0.00208595965639192,26.806940953226235,0.8694966623765333,0.9082843570211532,0.00208595965639192,26.806940953226235,0.8694966623765333,0.9082843570211532,0.0,0.0,0.9904656986847986,3.0544301641077425,0.00010272440003766814,0.6725511123679837,0.23169677673618927,0.10965487149033926,0.27672113794298014,0.0033100066593160305,24.80171132477666,0.5761503647816583,0.828861568074481,0.025336645225085656,0.051653277418322395,0.552490234375,0.1591796875,0.2158203125,0.09765625,10.024918233478948,4.883170595175571,0.231414465588875,0.9521813457302561,0.10727399094753233,1.0297096348904207
lens_00969,0.7955612000077963,0.0003677519215396978,34.34445049363431,0.7899685454022307,0.7175023522546176,0.00036426716055049216,34.38579979552937,0.7914332390814358,0.7206991156559689,-1.0,0.0,1.2548020399995596,8.554484681505231,0.1333115502929444,6.15717608404168,0.38823475796973755,0.004901367023058878,0.2567745017565063,0.0033426979302198703,24.759028675492157,0.49924748647777667,0.8070071347004177,0.027544736545116813,0.05083291668672944,0.58837890625,0.185302734375,0.142822265625,0.10693359375,6.663762577538569,5.387425832155169,0.15989791482961557,0.9621723429444465,0.05803632246307595,1.8711473408287946
lens_00970,0.4424617000622675,0.00103535095073932,29.849124133621103,0.6921589588258655,0.7682623449463755,0.0010191318410039925,29.917696294216842,0.6944549503608932,0.7724288042544903,-1.0,0.0,0.9005925369766439,12.021114022590119,0.1286418671493218,3.9216586532211863,0.7971303370328552,0.14702967898118124,0.1462143315959903,0.012873059359543169,18.90318228148224,0.1734835826237894,0.5399780495130279,0.05810420093830236,0.09745235344959378,0.524658203125,0.138427734375,0.255615234375,0.10107421875,9.667478845043354,4.150400946260952,0.20702361246575063,0.8559607756285835,0.05322000818589854,1.1922989354072533
lens_00971,0.41229390003718436,0.0007525061355321031,31.23489954715019,0.8875930347621097,0.9092838086001441,0.000752506135532103,31.23489954715019,0.8875930347621097,0.9092838086001441,0.0,0.0,0.6920293221310079,2.0739868259132184,0.0021013406826480008,2.737833156216169,0.10534858726690073,0.04261938917843788,0.126711166240019,0.0006952805395904062,31.578399260390604,0.8300055999657522,0.9548953761633446,0.012240645157490201,0.023354809905430995,0.57861328125,0.209228515625,0.139892578125,0.094482421875,7.702052759862366,4.997850105129774,0.18294145916477234,1.1180433109204855,0.11478924991013861,1.8379965552991528
lens_00972,0.46105449995957315,0.000566676652897843,32.46664679941011,0.8566614479526278,0.8744546734199806,0.0005666766528978431,32.46664679941011,0.8566614479526278,0.8744546734199806,0.0,0.0,0.3790266253279442,3.7514444244664986,0.001569892307293097,0.30204646878200947,0.1365324450064309,0.05506509175355623,0.043457423501387205,0.002466691815999009,26.078851070857482,0.6934546320109979,0.8867016875904,0.02182048748895083,0.04461567148148226,0.577392578125,0.203125,0.134765625,0.10791015625,6.774357375974804,4.4997647792732405,0.17891448320736608,0.9552756788190078,0.12754897548751287,1.9017034160564694
lens_00973,0.40765429998282343,0.0015532010351717311,28.087723286788993,0.7371642356267417,0.7941043536259685,0.0015532010351717313,28.087723286788993,0.7371642356267418,0.7941043536259685,0.0,0.0,0.8578826077927103,3.5842293945228345,0.0013275551701134036,3.114136520239157,0.1552464607030444,0.09858434352739254,0.2564796159583387,0.002009839994162937,26.968385159218563,0.7663145387377355,0.9221854501570282,0.02230489984670652,0.038888705776759,0.552490234375,0.184814453125,0.190185546875,0.095947265625,9.825960508551866,5.579965727606201,0.1716025061891305,1.1869277399076015,0.11861565317058351,2.0535192990026996
lens_00974,0.4499002000084147,0.0006714116349942297,31.730111370677374,0.9011594250467789,0.9178330000348338,0.0006714116349942296,31.730111370677374,0.9011594250467788,0.9178330000348336,0.0,0.0,0.9752548968091554,3.3028177248497688,0.029347243179474125,4.043662595241926,0.13406375346661736,0.016892086746439605,0.09118071354431956,0.00107875563321716,29.670769234030466,0.7946323720001836,0.9330973613552141,0.012688607872021002,0.030294469189725816,0.54931640625,0.23193359375,0.144775390625,0.09228515625,7.064360149940681,5.364538085273939,0.18619955315795686,1.013031443535028,0.10341138935428762,1.880923475599357
lens_00975,0.40473429998382926,0.002045531016939834,26.891939307910356,0.8482111883877583,0.8887220614136435,0.0020455310169398334,26.891939307910356,0.8482111883877583,0.8887220614136435,0.0,0.0,0.7889955701859809,3.7171647360877476,0.001660540908113517,3.0832754526395547,0.21348898008216266,0.10002285740065275,0.28948254389353756,0.0045264930207603304,23.44238144916288,0.5560640184996527,0.8237057206557615,0.03115449997722414,0.05963128500987944,0.54150390625,0.18896484375,0.1884765625,0.10498046875,8.852190455509485,4.685766440934645,0.22066975071892891,0.9764771935503904,0.10219431815512012,1.0654645886493672
lens_00976,0.40380450000520796,0.0009162341757899058,30.379935129526928,0.8466489719321271,0.8731920637962974,0.0009162341757899058,30.379935129526928,0.8466489719321271,0.8731920637962974,0.0,0.0,0.759582902445644,3.5887607519115683,0.038962775668961336,2.0213939462163637,0.13992668459938828,0.06601515947462522,0.15655711865324606,0.003112725545316634,25.06859170165267,0.5528987744945157,0.8363018302733787,0.027941581040925107,0.04829071954578901,0.603515625,0.2216796875,0.10595703125,0.08837890625,5.8332927986903,4.931083641654953,0.1956256291490227,0.9066561154575534,0.10293657063294324,1.6604422233861116
lens_00977,0.40607939998153597,0.000902529330384776,30.445386754973427,0.932456444099405,0.9518774651535183,0.000902529330384776,30.445386754973427,0.932456444099405,0.9518774651535183,0.0,0.0,0.2891501889095571,1.282160140535515,0.029080016091749594,0.8151543647437052,0.13762896212452042,0.09599420667349512,0.00957775348604073,0.0014344225914733504,28.433228834605476,0.8064358416756298,0.9452761281314638,0.019038740906699637,0.03274063127309723,0.545654296875,0.17138671875,0.2021484375,0.1005859375,8.011719414877025,5.8000730333248285,0.14061591035396853,1.057081313442692,0.1083900761080225,1.2311121296996173
lens_00978,0.4420665999641642,0.002202151922236749,26.571527231875347,0.8899764156635351,0.9242575365405259,0.002202151922236748,26.57152723187535,0.889976415663535,0.9242575365405261,0.0,0.0,0.7022470587558365,1.451298572072652,0.04994403974807271,1.799747073897791,0.17700535801105582,0.1329074573697353,0.055006463592446986,0.00227560978044639,26.42902208326322,0.7394159290911886,0.9081925263605108,0.021690003360698602,0.0424870984495208,0.536865234375,0.1435546875,0.23779296875,0.10205078125,8.992128103831018,4.358874977422243,0.174211791372479,1.0874202211768553,0.10899774866693634,1.0467907219007644
lens_00979,0.44194879999849945,0.0007134961252721904,31.466083810321315,0.8452041311101752,0.859814126676269,0.0007134961252721903,31.466083810321315,0.845204131110175,0.8598141266762687,0.0,0.0,0.6428188760081301,4.9026381932084,0.053582789994669366,3.0893468418190935,0.2244251069290232,0.009214845249590375,0.11138846875971842,0.001684918428800555,27.734211195874895,0.7032598185233407,0.9116836970308121,0.019376583942304737,0.0361865503126144,0.513671875,0.1396484375,0.272705078125,0.092529296875,9.79667062513168,5.518563848523514,0.15440053936538722,1.177440890388132,0.07078188909140809,1.7549741026705767
lens_00980,0.38009379990398884,0.0010041998765011571,29.981798363722167,0.6686330111892281,0.6547001323505266,0.0010041998765011571,29.981798363722167,0.6686330111892281,0.6547001323505266,0.0,0.0,0.9346920072994878,6.553147253808818,0.03379471499912423,0.1520707664753047,0.19532202250711392,0.07968153979566595,0.32905821356070386,0.005064514824898594,22.954621532576628,0.49564154094803614,0.7921626009080057,0.036137718253289396,0.061307260127528684,0.51025390625,0.11376953125,0.301025390625,0.10009765625,12.06650986091546,4.768544869597983,0.19713890913143453,1.0592738313408887,0.09281068373326935,2.0342883651585515
lens_00981,0.4324642999563366,0.001262336505337882,28.988248583004406,0.6829817807926913,0.708107657945042,0.001262336505337882,28.988248583004406,0.6829817807926915,0.7081076579450419,0.0,0.0,0.8068091738326362,7.762208560209116,0.08150155296113393,0.9371772877868096,0.29122791639747964,0.06470571222596633,0.20535906876310206,0.005725935413812611,22.421535549492408,0.3704982104092386,0.7108077421513079,0.03714634443948284,0.06592483984505319,0.57080078125,0.17529296875,0.169921875,0.1064453125,8.417119044149633,4.334920428257442,0.21573267981250252,0.9585773729412657,0.08669491704544133,1.8987698403987079
lens_00982,0.40940050000790507,0.0012679831696024591,28.9688651096319,0.8233788099941541,0.8601598021643174,0.0012679831696024591,28.9688651096319,0.823378809994154,0.8601598021643174,0.0,0.0,0.5713547732236218,3.717749103310789,0.04022152944750712,0.5482770948034243,0.19863232463358463,0.08292244816149297,0.16018546922573973,0.0029738468723563404,25.2668139768454,0.6656169861071524,0.8854616461136248,0.027154047590753204,0.04729169664746075,0.550048828125,0.15771484375,0.215576171875,0.1015625,9.982208304062386,5.081889322789292,0.18673357063401616,0.9788695901551009,0.10588678564016332,1.396401625492418
lens_00983,0.44548520003445446,0.0005091239842725103,32.931764433440186,0.8491090941602254,0.8517137488460663,0.0005091239842725103,32.931764433440186,0.8491090941602254,0.8517137488460663,0.0,0.0,0.5231742031278659,6.2961331208749876,0.02224518799243469,9.835241571502394,0.15065462298917792,0.0020180683337372995,0.05145677630553824,0.001997146311267733,26.99590117478519,0.6347515968424318,0.884142550956152,0.0224055067548146,0.03866703477547367,0.581298828125,0.232421875,0.1162109375,0.093505859375,6.173616632674919,4.953051725723764,0.17025784401207925,1.0162804344861196,0.09411678871798196,1.9626455550638626
lens_00984,0.43822130002081394,0.0011789295148950329,29.28512159457252,0.6817697700810416,0.706010550601806,0.0011789295148950326,29.28512159457252,0.6817697700810419,0.7060105506018058,0.0,0.0,0.4286579105037052,7.315596836542552,0.06330483041914081,3.9565215974525074,0.2672826987774289,0.07833613034262132,0.29396387282253533,0.006838028807720027,21.650690739097826,0.3999152726353954,0.7171457928935067,0.03904872972689623,0.07289187550362411,0.55908203125,0.19873046875,0.1748046875,0.0888671875,8.83824066911645,5.226972347515663,0.19893952525480663,1.0984692469289812,0.08370041452266816,2.108347963555171
lens_00985,0.40192580001894385,0.0007099064145418094,31.48798899628733,0.8972944180995142,0.918963529206899,0.0007099064145418092,31.48798899628733,0.8972944180995142,0.9189635292068993,0.0,0.0,0.16090624622916982,2.9834882309919397,0.06552545198268356,3.1405120992676814,0.1433479565234083,0.05536868289010988,0.043938768984303433,0.0021317979892050464,26.712539517703178,0.6883493448950608,0.8878427843067044,0.019959127655619715,0.04163449546267761,0.589599609375,0.225341796875,0.118408203125,0.08984375,7.314268466502581,4.054384514554408,0.193139648789932,0.8592138741816496,0.12238307895222243,1.6652348418411538
lens_00986,0.4401607000036165,0.0014029755488523103,28.529498978177212,0.8925048539287229,0.9184619961867151,0.0014029755488523103,28.529498978177212,0.8925048539287226,0.9184619961867153,0.0,0.0,1.0033991793303079,2.8663602017837384,0.0407825509303269,29.134558709654698,0.0796956378801079,0.05184885465822253,0.04163549608434658,0.004008061137139328,23.970656625600355,0.49049949429095563,0.7884604510699869,0.02930605903515581,0.05611787630485753,0.624755859375,0.2548828125,0.060302734375,0.085205078125,3.5751750339309067,4.422658607654467,0.19712318579895122,1.0484562184800807,0.08990053962237365,1.3658936718846526
lens_00987,0.3949137000599876,0.0013013755840251655,28.855973456140056,0.7714906796804941,0.8146909324145278,0.0013013755840251653,28.85597345614006,0.7714906796804942,0.8146909324145278,0.0,0.0,0.8423137733977392,4.596417901127854,0.04705114036024571,0.5164010642792505,0.19249184917293383,0.06422256512881186,0.20890216235859294,0.0021160353334230605,26.744770847547414,0.6747864895102921,0.8861941437072446,0.02111665849312123,0.04086712697888061,0.562255859375,0.233642578125,0.129150390625,0.097412109375,7.285989054721839,5.219203862583832,0.2030617186616236,0.9441073153660947,0.11752106963510206,2.1198866522629447
lens_00988,0.5388719999464229,0.00120946251624826,29.174075867802323,0.9388685343050145,0.9614626613839251,0.00120946251624826,29.174075867802323,0.9388685343050142,0.9614626613839251,0.0,0.0,0.30715476117538404,1.1462665230164504,0.0331619358059656,0.31147943921075694,0.16221780313090683,0.10584000509196012,0.09831099920520239,0.002187401311892639,26.600715317535503,0.8281746800116206,0.9365070840777426,0.018698701186707512,0.04286910176132528,0.6279296875,0.156005859375,0.138427734375,0.1015625,6.338454846176916,4.793558180143795,0.158821309885275,0.8530179103790061,0.12754028415939417,1.139267601867649
lens_00989,0.40895770001225173,0.0010490796498849625,29.791915373618902,0.6321850887836455,0.6210697930083612,0.0010397857615970772,29.830561339135556,0.636336184628927,0.6254355121649432,-1.0,1.0,3.996602527375829,10.319591642759836,0.027215170470687666,9.561128449990974,0.4137556754143169,0.06036836803824108,0.5299114015729484,0.008760096140151198,20.57491127518216,0.2499939741066846,0.6140815633178675,0.04729173009134216,0.08076873408144294,0.581787109375,0.19091796875,0.14794921875,0.102783203125,8.5421609131921,5.069034684589072,0.1966271702475169,0.9295723972392168,0.05328259275337791,1.873394238744623
lens_00990,0.4287642000708729,0.0010974907397583394,29.595991354947895,0.8013677475105309,0.8274837703952416,0.0010974907397583394,29.595991354947895,0.8013677475105309,0.8274837703952416,0.0,0.0,0.9653397224643558,5.222984137253894,0.06986622668078535,3.807509292996997,0.19182612211510022,0.033553156203758094,0.03460282146247168,0.003683253380352079,24.337684038972945,0.5177170797260525,0.8213340224248474,0.03056352885357588,0.052432090215522725,0.563232421875,0.230712890625,0.145751953125,0.079833984375,8.20550319350586,6.038022327213559,0.1429330886250533,1.198192971715469,0.07348159944523257,1.8014691384731751
lens_00991,0.5555006000213325,0.002260062579148284,26.45879535453257,0.8394196691466361,0.9016195315149379,0.0022600625791482846,26.458795354532562,0.839419669146636,0.901619531514938,0.0,0.0,0.30611736822749486,1.2312750870078837,0.015610260806897092,1.6317127435383867,0.12669758808703696,0.09847270840470113,0.14087886849485887,0.0013949208814441403,28.554504244525067,0.8415327666998457,0.9512202812359662,0.018111033119537306,0.032663609120658466,0.593017578125,0.25244140625,0.0927734375,0.085693359375,5.684534771237968,5.954649397930176,0.15527788951104562,1.0985884747747068,0.12353412221773283,1.542513217399606
lens_00992,0.48298509989399463,0.0017730111913544224,27.5128852309726,0.823699573744928,0.8694890529720536,0.001773011191354422,27.5128852309726,0.8236995737449282,0.8694890529720536,0.0,0.0,0.7444798307394942,2.8187040804972163,0.022273022534521347,0.9406271808754525,0.17372807354543487,0.09690231999777199,0.16650904557921642,0.0020338566190492573,26.916796668265373,0.7060285951114463,0.8999716392462058,0.021709733689650457,0.039529028348464536,0.587158203125,0.151123046875,0.185302734375,0.101318359375,10.337609091815175,5.049479001038913,0.18950607053652413,1.2340080260842812,0.11982149073493971,1.415099821092237
lens_00993,0.5662402999587357,0.0003902377675423916,34.08670701518848,0.8341850600780695,0.8176416938487595,0.0003846099941394146,34.1497943475379,0.8368311337710339,0.8205596170740077,0.0,1.0,0.9064450121661146,8.778235782205233,0.1519022544832379,30.27472793626788,0.31224409271949327,0.015524026197852092,0.0634308612617076,0.003029291044253814,25.186589990866782,0.48527404746839875,0.8060879118560232,0.02550118712764461,0.04877479368828398,0.5478515625,0.173828125,0.19384765625,0.103515625,7.838219173908965,4.268018001826941,0.21032336187061687,0.9890037961944959,0.07424561324494686,2.0810769251514083
lens_00994,0.6155915999552235,0.0023667874957950404,26.25840733852335,0.80466053760353,0.8520224315940901,0.00236678749579504,26.25840733852335,0.8046605376035301,0.8520224315940902,0.0,0.0,1.3603330864849257,6.758425173627058,0.06778458241286878,4.24707507564321,0.2543213742093833,0.05973738435607312,0.23683648577987448,0.008777377215048541,20.56635237077633,0.22152257709766549,0.59949270993756,0.0473694868874871,0.08083012388376458,0.5966796875,0.30029296875,0.044921875,0.08056640625,2.9198726922835236,5.509597111554851,0.17927139132973322,1.028400735587728,0.05484855617171799,1.11037347813035
lens_00995,0.5816259999992326,0.001254610047922795,29.014912386064715,0.8456219629658106,0.8947885279977046,0.001136279104367359,29.44514979717818,0.8548113140647279,0.9052341769500747,-1.0,0.0,0.22640247163089064,8.736705461235113,0.1465952435775576,9.350047296423895,0.4131674591987672,0.06975157737689419,0.06121959890732365,0.00959970120036949,20.17742284569834,0.19098538051741712,0.5533533503902851,0.046199575610058344,0.0864019699649261,0.595458984375,0.25048828125,0.09423828125,0.084228515625,5.96940255213422,5.586373125214212,0.1594760312223448,1.0775145808523492,0.052195300749199265,1.0882609123920486
lens_00996,0.48846480005886406,0.0026786530018786713,25.720835421326843,0.9032489566077998,0.9386102069735963,0.0026786530018786713,25.720835421326843,0.9032489566077996,0.9386102069735967,0.0,0.0,0.66067268636927,1.7190158553376307,0.05210028496075647,9.931771852963692,0.10520993661882533,0.0883530679244735,0.08290049000724686,0.0038457850712705533,24.15014990760424,0.6445964296209394,0.8665887236780196,0.029110863659540805,0.054757124543443475,0.59716796875,0.270751953125,0.069580078125,0.0849609375,4.128833016960185,5.301520220875492,0.17985256735187857,1.0179226790834923,0.10477240645342561,1.0060584873817147
lens_00997,0.5626652999781072,0.0008750225192375341,30.5798077000083,0.8185799402317986,0.8498844931057659,0.0008750225192375341,30.5798077000083,0.8185799402317985,0.849884493105766,0.0,0.0,0.36800534535903806,3.7854011782384642,0.010347494831925319,0.15918569208409394,0.15393349599218367,0.030902218438349727,0.031499881339443314,0.0006676656931179498,31.75440938686911,0.8610932127619222,0.9634118899633871,0.012539042796443876,0.02259287717106652,0.562255859375,0.249755859375,0.110107421875,0.096923828125,4.8002302589937855,5.89980340912616,0.15479819169615797,1.0300484241686865,0.11675847772683515,2.142234837742392
lens_00998,0.40413920010905713,0.0012138623533396317,29.15830557555877,0.808647818496476,0.846276466592309,0.0012138623533396319,29.15830557555877,0.808647818496476,0.8462764665923093,0.0,0.0,0.2897471520853467,3.605403792443301,0.04431642535770042,0.006075901425091956,0.1282814696641632,0.04307591192430349,0.04270911748231371,0.0017697261902013418,27.520939219338388,0.7590947448718333,0.9241143665097761,0.02032952954741689,0.03682983055326274,0.6015625,0.228515625,0.096923828125,0.097900390625,5.044971796141974,5.9921699208773065,0.1442953017858852,1.0786102477002197,0.09800568086320705,2.005716743161969
lens_00999,0.390735000022687,0.0008684535791324558,30.612533906485673,0.7349730639091813,0.7415067307940555,0.0008548972264436889,30.680860919047817,0.7396068100781097,0.7462300201824009,-1.0,1.0,2.254938583256901,7.580085452595859,0.08803276985763953,7.261588613992245,0.33977158835756394,0.019176615243726047,0.32067437923593844,0.003530343521598199,24.52183033344245,0.4782909861674728,0.7890504409057458,0.0273918470205499,0.05272599205705845,0.548583984375,0.183349609375,0.192138671875,0.099853515625,8.338523047224207,4.336472908236618,0.19197639061896016,1.1272603889515447,0.06950602093336451,2.0887571624953507
